0.19752526490877703,0.20267632093365345,0.18454163686634525,0.20817719308732394,0.20707958420390038,0.0
0.2,0.2,0.2,0.2,0.2,0.0
0.20109927807327013,0.20452990214131164,0.1891959215965929,0.2077279914743099,0.19744690671451542,0.0
0.19912572420963714,0.19723736951757712,0.18564910850677738,0.2089479907851154,0.20903980698089297,0.0
0.19929481499109122,0.20171545414977293,0.18341473048550397,0.21200311825576035,0.2035718821178714,0.0
0.19972313114987744,0.20028570744582896,0.18622246309182447,0.20878634990771594,0.20498234840475335,0.0
0.20006857627182728,0.20238499504354432,0.18831801989921101,0.20647900718596848,0.2027494015994489,0.0
0.19909336975217984,0.19569617018670626,0.18988867959198538,0.2132379082254416,0.20208387224368693,0.0
0.20043698729465306,0.19617334464154562,0.18881835417061643,0.2137381017866657,0.20083321210651933,0.0
0.19722376023139288,0.19782488728052555,0.1866581094937697,0.2116714494052707,0.20662179358904112,0.0
0.19950702564478245,0.20209586897524565,0.18756265265372235,0.20603228325560968,0.20480216947063992,0.0
0.1994110049912505,0.19657394982682289,0.18846030012846088,0.2119540403629217,0.20360070469054384,0.0
0.204333251191222,0.2027434392266225,0.18762661188590887,0.20566984985225265,0.19962684784399398,0.0
0.19936133380665405,0.20303994759144225,0.1862796593401607,0.2052024653009093,0.2061165939608338,0.0
0.1995627011986762,0.20419180017730193,0.1855962016811363,0.20815193569819024,0.2024973612446954,0.0
0.2000146622068237,0.19986091113674426,0.19325049766375188,0.2068077971731135,0.20006613181956662,0.0
0.19484242401327814,0.19498375285316902,0.1918874494229289,0.21247920011372215,0.2058071735969017,0.0
0.19919920641680983,0.20134840298105705,0.18669596234051972,0.2092538002714562,0.20350262799015723,0.0
0.2,0.2,0.2,0.2,0.2,0.0
0.19830306150449487,0.20547748896857992,0.18720715318010236,0.20635537709485408,0.20265691925196883,0.0
0.19545105377016567,0.19672715818814696,0.19105101829142931,0.21079402549949633,0.20597674425076176,0.0
0.20655353664780057,0.20394113484457974,0.18919807404568312,0.2027195591176508,0.1975876953442857,0.0
0.2007678254862613,0.2034447077629013,0.18441889217669363,0.20839318681845334,0.2029753877556904,0.0
0.19498316440112812,0.2017384686315888,0.1862917914000392,0.21018058148047533,0.2068059940867685,0.0
0.20014776242342258,0.20253613793669373,0.18541442579373552,0.20677546047349046,0.20512621337265766,0.0
0.19719399657833558,0.20342631780804676,0.1877812254709209,0.2068940387723173,0.2047044213703795,0.0
0.19822333588939955,0.20637378185261157,0.18776686025592282,0.20619951334399916,0.201436508658067,0.0
0.1997234912579179,0.20230016751671975,0.18525119669407708,0.2082082149311042,0.20451692960018097,0.0
0.20037802880698113,0.20159203024983927,0.18588106113244143,0.208798000378628,0.20335087943211017,0.0
0.1973377366816816,0.20158894648594264,0.18737452055141457,0.20928580199837352,0.2044129942825876,0.0
0.19692977830592454,0.2042317942930761,0.19056078703621981,0.20682014192409748,0.20145749844068217,0.0
0.19572284590269937,0.19268219116283636,0.19342522550336147,0.21200388139561785,0.20616585603548496,0.0
0.19896474991419766,0.20511270556923122,0.18818056339511768,0.2047772192396938,0.20296476188175958,0.0
0.19897821395892623,0.20449120854392036,0.18788803300610457,0.2057336258051159,0.20290891868593286,0.0
0.19866126772684134,0.2049822927042855,0.1871542721756932,0.2071122767315458,0.20208989066163396,0.0
0.19972085006627693,0.2038522328288542,0.1884707158389354,0.20450450757462912,0.2034516936913044,0.0
0.19846574374020912,0.19747455449454498,0.1878112561287521,0.2066628438547729,0.20958560178172084,0.0
0.19900645562863448,0.2058047415481465,0.18518261125815244,0.2070274015483275,0.20297879001673907,0.0
0.19739473297084406,0.19952171070967492,0.18648422432910913,0.20938926252903442,0.2072100694613375,0.0
0.19904618492676823,0.2049537727000936,0.18406909922695963,0.20726058687332016,0.2046703562728584,0.0
0.19730434641919184,0.19495453800502735,0.2124396936569338,0.19864662897262753,0.19665479294621954,0.0
0.2000724519423988,0.20390870599828145,0.1873521982266016,0.20894574462662324,0.19972089920609484,0.0
0.2028923438729875,0.20174265196254137,0.18824953538597672,0.2045655375234209,0.20254993125507356,0.0
0.20157979942642118,0.201557298881764,0.18661485662238594,0.21003631630163064,0.20021172876779816,0.0
0.20002186295446783,0.2008324012878076,0.1846568346082305,0.2084735100902272,0.20601539105926686,0.0
0.20288133365705127,0.20387940817679523,0.18765501112239624,0.20469824919308222,0.200885997850675,0.0
0.19963635587229334,0.20367780369303543,0.18850415872192325,0.20475377781874554,0.20342790389400242,0.0
0.2006645446392561,0.20187817320956533,0.18826803816790416,0.2050186876777466,0.20417055630552775,0.0
0.19856417089336315,0.19398060138158021,0.1952092992424583,0.2091934418330658,0.20305248664953263,0.0
0.19989854294180628,0.2034164357759381,0.1901398829977989,0.20421933402300096,0.2023258042614557,0.0
0.19847614169794653,0.20120624671438989,0.18525611971894487,0.20969470113681224,0.2053667907319063,0.0
0.19987807113009076,0.1973995835345264,0.18795553966404283,0.21240646923652842,0.20236033643481172,0.0
0.19970401001757143,0.1997412483513689,0.18863374520031378,0.2071589701378741,0.20476202629287182,0.0
0.19621556340002952,0.1977186663622432,0.19299222210104813,0.2114457857935851,0.20162776234309399,0.0
0.1992730368032422,0.1916647944460998,0.20390531167087445,0.20359494009075918,0.20156191698902445,0.0
0.20028541721016777,0.2009786153667894,0.18839830174030192,0.206268689785839,0.20406897589690182,0.0
0.19989787729232245,0.20099704847458685,0.183437596755504,0.21140742238437585,0.20426005509321088,0.0
0.20068357957931107,0.19860139202848687,0.19129872687630006,0.20883463146051023,0.2005816700553917,0.0
0.2011667682040645,0.19838080917296397,0.18787158940204204,0.20831982837463758,0.2042610048462919,0.0
0.1969794730589373,0.19722505181736136,0.18871782716198826,0.21195466139201594,0.20512298656969716,0.0
0.19981465644283314,0.2007176698811708,0.1885164112493267,0.20879833590379546,0.20215292652287406,0.0
0.20099658110849752,0.20250909735394662,0.18950431414516153,0.2052863328351914,0.20170367455720303,0.0
0.2048556899860187,0.20364982684273228,0.18655331652593346,0.20556535846147217,0.1993758081838434,0.0
0.19929402370524593,0.19685436309808935,0.18754622703097723,0.21389170361250845,0.2024136825531788,0.0
0.19581491801050607,0.20199607432910455,0.18727728357911338,0.20839414085285718,0.20651758322841873,0.0
0.2,0.2,0.2,0.2,0.2,0.0
0.199473115503823,0.20347416755455636,0.18858690994600125,0.20674697739675196,0.20171882959886733,0.0
0.19591131464492798,0.1947934117110901,0.19303870681870072,0.21239507395309895,0.20386149287218222,0.0
0.1971845342417922,0.2019369201574561,0.18551202029008074,0.20770232040318404,0.2076642049074869,0.0
0.19788466851327244,0.19537627362783883,0.19087319591370525,0.20975838526843057,0.20610747667675286,0.0
0.20103535529988883,0.2011855118175805,0.18742515743141727,0.20711121573082883,0.20324275972028444,0.0
0.19901737330058375,0.1991919312421756,0.182772161041298,0.21092457032854595,0.20809396408739658,0.0
0.20116257206056692,0.1982817380160609,0.1860391611148103,0.2128315931080643,0.20168493570049756,0.0
0.19971033531909496,0.20313884710836813,0.1883454148537872,0.2054964283855914,0.20330897433315834,0.0
0.19903527240745109,0.20465109964891146,0.18646471194097708,0.20576079642158385,0.20408811958107656,0.0
0.19903297763339045,0.20178801701608842,0.18647096097207627,0.20733857356982005,0.20536947080862475,0.0
0.19817481579218466,0.1928007942089644,0.2019461623860994,0.20460873801851445,0.2024694895942372,0.0
0.1991059285920149,0.1996538289314994,0.19216244351473993,0.2075727110648191,0.20150508789692667,0.0
0.1992360265533826,0.19959383104038295,0.18335851800876746,0.20930263929927337,0.20850898509819354,0.0
0.20146367025109174,0.19775673319849912,0.1847300216266609,0.2096557556286411,0.20639381929510706,0.0
0.19867430145082227,0.19738311357993507,0.19235448467255986,0.20872334712459248,0.20286475317209032,0.0
0.19807358515587167,0.1992902347267071,0.18643522287783018,0.21044724038099405,0.20575371685859695,0.0
0.19803209800973007,0.20029110991537044,0.1850361390085172,0.21037589344526514,0.20626475962111718,0.0
0.19965422732350094,0.20259554713377595,0.18611906079322074,0.21004597868630112,0.2015851860632013,0.0
0.19811478660606027,0.19772626013670064,0.1899936200772198,0.2102515914259996,0.20391374175401972,0.0
0.19830676465762756,0.19818237381921025,0.19077791571675726,0.20848589618908658,0.2042470496173183,0.0
0.196622575112989,0.20135361094096743,0.18654893552498425,0.21257282040859418,0.20290205801246514,0.0
0.2000489670419729,0.20164369643765895,0.19045919521045893,0.20697859536136812,0.20086954594854106,0.0
0.2005617148252428,0.1970612116509819,0.18782263170977326,0.20879885602108278,0.2057555857929194,0.0
0.1984689270227878,0.20459753397292896,0.18572384243749013,0.21052676814703872,0.2006829284197546,0.0
0.19878714283226007,0.20332810572492208,0.18399021641564664,0.20787959767509567,0.20601493735207554,0.0
0.19794463695213818,0.19673776749388844,0.18791077593273958,0.21065936668822735,0.2067474529330064,0.0
0.19589716841643945,0.19922511037970697,0.18537724643409634,0.2103660276863211,0.20913444708343615,0.0
0.19789607218108085,0.19854490796911548,0.1901055610536829,0.20987277107722832,0.20358068771889257,0.0
0.19615319699863146,0.1977888348230513,0.19054641400809855,0.20929210068528437,0.2062194534849344,0.0
0.1962640578653021,0.2026520837493266,0.1856536706043317,0.2105947297014632,0.2048354580795764,0.0
0.19790809687683036,0.20376570671357122,0.18642569813750542,0.2069202140022027,0.2049802842698903,0.0
0.20204414264063195,0.19700218205762,0.19048951413397974,0.20995393318871455,0.20051022797905377,0.0
0.1964380340779983,0.20386819911683052,0.18441828564522303,0.21249399250118703,0.20278148865876117,0.0
0.19689835916292445,0.2006243504744926,0.1841090823981798,0.21171853655383135,0.20664967141057186,0.0
0.197770019231157,0.20447123959150804,0.18815845781573187,0.20680691487872688,0.20279336848287624,0.0
0.19944378792377945,0.20180110883224917,0.1876238795181477,0.20739939669573837,0.20373182703008533,0.0
0.203394606043375,0.20368252552475047,0.18518520605286848,0.206786281909864,0.20095138046914202,0.0
0.19887656768510478,0.1929849341065874,0.19429811602926425,0.21094628131347018,0.2028941008655735,0.0
0.1997727030261649,0.20455761888077548,0.1874781041654252,0.20467521180570616,0.20351636212192833,0.0
0.1994963904099539,0.1992075234170889,0.18936302307875422,0.20794088612300482,0.2039921769711982,0.0
0.1994550472519718,0.2052503676367697,0.18676263929956108,0.20464957584667595,0.2038823699650215,0.0
0.1976238015607937,0.20387372447339544,0.19158484515218493,0.20429642144577315,0.20262120736785277,0.0
0.20023749670169708,0.20406581828287085,0.1827255168214968,0.2102337935190516,0.20273737467488373,0.0
0.19954488372447443,0.19938028178252581,0.19135926511669563,0.20756327839950167,0.2021522909768025,0.0
0.1988681268051246,0.20155957221362203,0.18956896653539598,0.20894730515300114,0.20105602929285632,0.0
0.1994256780691003,0.20491519433341102,0.18502887010145105,0.205673566860211,0.20495669063582664,0.0
0.19841791095681793,0.20565387404110208,0.18368292781092202,0.20724036923899716,0.20500491795216083,0.0
0.20026842466087463,0.19761871366856468,0.1853795774064567,0.2108820665222053,0.20585121774189877,0.0
0.19592363544433952,0.20183845235716769,0.18402323874343687,0.21061342520609,0.20760124824896603,0.0
0.19966292848472436,0.20422403053271956,0.18853730810837857,0.20422711039416283,0.20334862248001473,0.0
0.19984113140017007,0.20175872021374325,0.18651879713533306,0.2068014173560771,0.20507993389467657,0.0
0.19970789034426126,0.20061191455362123,0.1888038618727773,0.20762628616977122,0.203250047059569,0.0
0.1988953390901456,0.20156489362561114,0.18909225199902222,0.20630228383527655,0.20414523144994445,0.0
0.19676618250020436,0.20199834277138648,0.18380473675608616,0.21050208790432712,0.20692865006799585,0.0
0.19960358696132344,0.1989794061556056,0.1873624934957849,0.20803282973089565,0.20602168365639037,0.0
0.20195832669794506,0.20028568859078894,0.1914297679437431,0.20346179297291367,0.20286442379460928,0.0
0.19850348100254336,0.1987482257169645,0.18594031177871917,0.20985296730335587,0.20695501419841725,0.0
0.20485186347677445,0.19679940367659438,0.1884037693055966,0.20993725049522333,0.20000771304581122,0.0
0.19740750150427847,0.1913961601224178,0.20809136655527927,0.20504687838572672,0.1980580934322977,0.0
0.20215838841054912,0.20143780042955148,0.19487560697872702,0.20288487638368866,0.1986433277974838,0.0
0.20010850764074992,0.1990262904467042,0.1922246274010066,0.20782597891431273,0.20081459559722661,0.0
0.19937293836635392,0.19984291788182998,0.19145026053796768,0.20950249619356498,0.19983138702028344,0.0
0.19832803121147885,0.197590599529582,0.19121547149348392,0.21069954732011942,0.20216635044533587,0.0
0.19694460853774626,0.20069206711586143,0.1869831564825362,0.2099876297838478,0.20539253808000846,0.0
0.19566868655786163,0.19210032099264163,0.19421003052434618,0.21252105413168984,0.20549990779346078,0.0
0.19684832905779703,0.20337238773764413,0.18350176002207746,0.21127141533441307,0.2050061078480683,0.0
0.20256678535341538,0.20144878660353763,0.19234639836366368,0.20509713554490855,0.19854089413447476,0.0
0.19930410178023894,0.19801997852951755,0.1879289111596575,0.20791840395681885,0.20682860457376728,0.0
0.20048784346186854,0.20081333589068012,0.18677330732513905,0.20848289517235605,0.20344261814995618,0.0
0.1986702691119165,0.20327921650035222,0.18547919949954997,0.20789588725780705,0.20467542763037416,0.0
0.20032310878085405,0.2051499845041345,0.18568916783226275,0.2069010258879443,0.2019367129948044,0.0
0.19946427660120963,0.20474315867504395,0.18522020113513785,0.20606969787700433,0.20450266571160433,0.0
0.19782322413595282,0.20467321132677443,0.1867998641025698,0.20801490318251054,0.20268879725219235,0.0
0.1997441813097337,0.19728222149008198,0.18797840461983578,0.21161814174246207,0.20337705083788657,0.0
0.1960127198183482,0.20389489686357376,0.1879083354787068,0.21021238477898785,0.20197166306038336,0.0
0.19960290570683922,0.20053418083472824,0.18167737685481472,0.20934279862174723,0.20884273798187067,0.0
0.20103024418195514,0.2012206882265766,0.1873890688974593,0.20758980203596525,0.20277019665804374,0.0
0.19985869550378316,0.19475187652207002,0.19159753356238438,0.2119123400775193,0.20187955433424312,0.0
0.197719090623166,0.20415759797288766,0.18645883108871167,0.20934398701594126,0.20232049329929339,0.0
0.20218703033347116,0.20115207368959775,0.18604228651098226,0.20857177437498925,0.2020468350909597,0.0
0.2005172314443893,0.2009152904639444,0.18273493044297254,0.21004578634593069,0.20578676130276302,0.0
0.19751867955146912,0.19971169389667312,0.18687616360087375,0.21134130370030352,0.20455215925068054,0.0
0.20055239491815902,0.19766174654160695,0.18719327249963058,0.20790517632182606,0.20668740971877747,0.0
0.19934686664368143,0.20516899896624002,0.18454999434311714,0.2086622641719461,0.20227187587501524,0.0
0.19644341464468593,0.19904012562810772,0.18828288992989628,0.21269299948725282,0.20354057031005726,0.0
0.20184575335807012,0.20103898722245192,0.18417325088744776,0.20690611605479345,0.20603589247723678,0.0
0.1981496240780486,0.20077343676877438,0.1882429598452426,0.2112810034879239,0.20155297582001058,0.0
0.19896540675373653,0.1967110496149377,0.19027696515525216,0.21198984053098305,0.20205673794509063,0.0
0.20074699142267655,0.20461981021001507,0.1796444467636189,0.20886318247871138,0.20612556912497806,0.0
0.19805131703977227,0.2031760079635528,0.18636031692214178,0.209220625052446,0.2031917330220872,0.0
0.19724079699158012,0.20132611112438542,0.18381075878351075,0.21091555385398517,0.20670677924653863,0.0
0.19848170134804957,0.2040038067955307,0.18776103094066912,0.20441487769795766,0.2053385832177929,0.0
0.19891678824681897,0.19639833474534132,0.19172381316279738,0.20957092681216766,0.20339013703287465,0.0
0.19906576329366082,0.20324449746586845,0.1855110411238508,0.21067738881446543,0.20150130930215443,0.0
0.19790006118909897,0.20191069990834082,0.1887160135782265,0.20705599165546743,0.20441723366886624,0.0
0.2001871394691826,0.2021657835414634,0.18801326105444793,0.20457611272839807,0.205057703206508,0.0
0.20047058443636537,0.19787144378463012,0.190430605702321,0.21077659342957816,0.2004507726471054,0.0
0.20339861137360546,0.19901742139967157,0.18675969896489897,0.2085840122401503,0.20224025602167367,0.0
0.20277847466224092,0.2022253864681201,0.1886900781476752,0.20483376868687703,0.20147229203508676,0.0
0.19881055456248928,0.20467782845804045,0.18654499146103587,0.205328566336235,0.20463805918219946,0.0
0.198088665823833,0.20188237585590615,0.1881183687722521,0.2060397781287931,0.20587081141921562,0.0
0.200158372687701,0.19796809450521846,0.18864063971968112,0.2112926017328322,0.20194029135456712,0.0
0.1982609022302038,0.19718181830394682,0.18917573294836612,0.21361838900482424,0.20176315751265897,0.0
0.20004182742664156,0.2049509454386153,0.18285131340380603,0.20766687215831142,0.20448904157262562,0.0
0.19882265911170352,0.2021784223456622,0.18867553059589853,0.20679182840986457,0.2035315595368712,0.0
0.20245358541766037,0.19992742489155496,0.18792938292013897,0.20698536388749472,0.20270424288315084,0.0
0.198710613217422,0.2039031475253218,0.18490947740215138,0.20708947227787872,0.20538728957722593,0.0
0.19955250520373294,0.20232684784990343,0.19092949178614996,0.2036373854098315,0.20355376975038234,0.0
0.19607193513498125,0.19504259545290395,0.195066666666301,0.20929084638031828,0.20452795636549545,0.0
0.19876631079413737,0.19943914964201104,0.19101861813383744,0.20799369775142593,0.20278222367858825,0.0
0.1993424091528504,0.19981597719895158,0.1868330021378836,0.20800143956768632,0.20600717194262805,0.0
0.19818197464935985,0.18929015008194264,0.20820813558771695,0.20512086538965807,0.1991988742913226,0.0
0.20084446530684455,0.19819198564043697,0.19206023796391639,0.20803039978437313,0.200872911304429,0.0
0.19821808259215265,0.20140205505987593,0.18681184422110642,0.20641874150574777,0.2071492766211172,0.0
0.1981680183266942,0.20136842719818282,0.18681567132036317,0.2095909463674064,0.20405693678735345,0.0
0.1987554931404069,0.20598754052095286,0.18577897464574614,0.20535776888406612,0.20412022280882802,0.0
0.19781962131112862,0.20054230560055078,0.18905507508153915,0.20642025927040128,0.2061627387363803,0.0
0.19976977203750967,0.19886408046078205,0.1875822221223019,0.20794833582742936,0.20583558955197692,0.0
0.19590693057386932,0.19606889402657665,0.19229932875792974,0.21043160319630563,0.20529324344531866,0.0
0.19462003210162415,0.1923852570532802,0.19570677705520778,0.21318539204780548,0.20410254174208228,0.0
0.20030488193164,0.20237462208460286,0.18170798981535904,0.20818735069583807,0.20742515547256,0.0
0.19957414988556454,0.20294649210545684,0.18658343560081952,0.20570750326243745,0.2051884191457216,0.0
0.19788482422150952,0.19400768233461302,0.1924737205914293,0.21193490844863047,0.20369886440381774,0.0
0.19873239776366589,0.20376753084622404,0.18797030230339445,0.2083983139944304,0.20113145509228522,0.0
0.1987686964892617,0.20055078666478238,0.186535790326629,0.20962672553305567,0.20451800098627132,0.0
0.19945373422518306,0.20207229550851266,0.18741746862031428,0.20762352009511414,0.20343298155087589,0.0
0.19823105659234258,0.2003495059980074,0.1860804112092977,0.20977077711947842,0.20556824908087384,0.0
0.19885237045662696,0.20509087552043095,0.1825459206164491,0.20870132235500577,0.20480951105148723,0.0
0.1998946350923553,0.1997064086177857,0.18909901892703238,0.20853121314817052,0.20276872421465603,0.0
0.19889107812098647,0.1981160017426197,0.19186131630202455,0.20896172452002046,0.20216987931434896,0.0
0.1979280622953897,0.19526187399933143,0.19222931522430003,0.2101560247108881,0.2044247237700906,0.0
0.1990237619170264,0.19567119165555283,0.18764808290042012,0.2121129758106862,0.20554398771631457,0.0
0.19478445570521716,0.1975001940729207,0.1926965577633755,0.21191353452784267,0.20310525793064405,0.0
0.20105141069107318,0.20351840030476426,0.18464409238285337,0.2081952784054535,0.20259081821585578,0.0
0.1956957957963345,0.198328929513709,0.18987702340564916,0.20962919222567594,0.20646905905863147,0.0
0.19743345119297714,0.20178283631178517,0.186074272376294,0.21100791465487595,0.2037015254640678,0.0
0.20316868767774746,0.20222515584011982,0.18874302853662395,0.20638689496285376,0.19947623298265507,0.0
0.19881248018805064,0.20136826814190353,0.18759992998611916,0.20720547278519688,0.2050138488987298,0.0
0.1988712029695258,0.19925743048833983,0.18807079925291328,0.21167054810591698,0.2021300191833043,0.0
0.20008602396200248,0.20524191465750255,0.18460704207223502,0.20696629646138512,0.20309872284687483,0.0
0.2077964015668908,0.20409418621626704,0.18874331308802708,0.19628119524511375,0.20308490388370132,0.0
0.19663424380166022,0.2036844665569415,0.18556163229843223,0.20832504270077357,0.20579461464219256,0.0
0.19778536438883407,0.20299684671495397,0.182516385385903,0.21202724205995827,0.2046741614503507,0.0
0.1994493453151988,0.20215689975885892,0.19042701196147072,0.20533725814646836,0.2026294848180033,0.0
0.19640192486710076,0.19218601534514002,0.20354433999379867,0.20702320765576848,0.2008445121381921,0.0
0.1971867530079681,0.19668302697086304,0.19089997892895608,0.21005516848511865,0.20517507260709406,0.0
0.1967974794892982,0.20355808061658912,0.18700931788135558,0.21111507662354498,0.2015200453892121,0.0
0.19904857708927523,0.20399642042991445,0.18617354868763472,0.20662781695789972,0.204153636835276,0.0
0.1993212637241732,0.19920382367143,0.18419040600315595,0.21014200624151844,0.20714250035972245,0.0
0.19795462943764552,0.19904051948043602,0.188220228842087,0.21109085558991952,0.20369376664991193,0.0
0.19495769740286772,0.20740135690089614,0.18560657377990472,0.2065430143865982,0.20549135752973324,0.0
0.1990557755563183,0.20202864954951028,0.18891687605321641,0.20598833459442836,0.20401036424652663,0.0
0.1988346746599576,0.2012737686921217,0.1885397512273485,0.20662252720620514,0.20472927821436704,0.0
0.20020853254819618,0.20650422603655696,0.18398834587039906,0.20640645113617476,0.20289244440867307,0.0
0.19953743415361297,0.19702031964437042,0.18622616097667924,0.20943313242826653,0.20778295279707087,0.0
0.19890086512918814,0.19758254704204448,0.18734514503657673,0.2100912408795598,0.20608020191263082,0.0
0.19762401509328228,0.20295757415272445,0.18710062383099493,0.20701794010444938,0.20529984681854893,0.0
0.1984961676862034,0.2027337519029226,0.18896438184910805,0.20737755264269578,0.20242814591907024,0.0
0.19774137317870155,0.2015816046020794,0.18745630678774208,0.2097095140038989,0.20351120142757803,0.0
0.1977429541837265,0.20403476908107834,0.1864470783801241,0.21021538510326016,0.2015598132518108,0.0
0.20434152437483952,0.20283348306335985,0.1932051054314527,0.19909780777063607,0.20052207935971178,0.0
0.20054585787107732,0.19960677552868591,0.18706516259541162,0.20712784515425994,0.20565435885056513,0.0
0.1992243609819947,0.1990565405405356,0.19005886845891679,0.20767230018760402,0.20398792983094888,0.0
0.19759821535029734,0.1975269920363578,0.18923704952534595,0.20796105960978958,0.20767668347820928,0.0
0.20117309869413433,0.20329649324654875,0.1832915247537636,0.2107106859147704,0.20152819739078293,0.0
0.19618989497607112,0.19485690227002414,0.1922895269031296,0.21293204343285377,0.20373163241792153,0.0
0.20048499211587892,0.19996321654911595,0.1871255049520445,0.20861288170612263,0.203813404676838,0.0
0.1990809673498837,0.20385374800848255,0.1859424221792211,0.20491715189987894,0.20620571056253365,0.0
0.19835690876897102,0.19727798893759266,0.19050458812032503,0.2106372338061222,0.20322328036698914,0.0
0.19749502046194448,0.20064894071669406,0.1869183122229857,0.21029239118088508,0.20464533541749072,0.0
0.1989562377051033,0.20425104587026946,0.1823266952788304,0.20868831042755254,0.2057777107182442,0.0
0.19724538356982677,0.2047921344702575,0.18561478567978126,0.20809823716367173,0.20424945911646272,0.0
0.19848674251365372,0.19623409437475955,0.1860160497049347,0.21220706121937746,0.2070560521872747,0.0
0.2,0.2,0.2,0.2,0.2,0.0
0.19831599677522235,0.20462513433581767,0.18890723518817623,0.20679929985483395,0.2013523338459498,0.0
0.19771224368954407,0.20620764082255347,0.18420516519747332,0.20993698176677275,0.20193796852365647,0.0
0.20066694988460762,0.2025848621402355,0.18374024243139922,0.21076669526958142,0.20224125027417622,0.0
0.1987450457873504,0.19485740714317648,0.190957051253085,0.2128134142949924,0.20262708152139566,0.0
0.19707760753407516,0.19814821330689952,0.1883693197053529,0.21105440301622264,0.20535045643744979,0.0
0.19885228086973192,0.198380875812389,0.18485957170546716,0.21111330853524563,0.20679396307716633,0.0
0.1984416634633661,0.1991916799065971,0.18975124065237664,0.2116807027716667,0.20093471320599346,0.0
0.20056550412284513,0.2043838792844983,0.18469242772260464,0.207491146934195,0.20286704193585706,0.0
0.19797395707159254,0.2011290785583857,0.18565454191677444,0.2089479773312415,0.20629444512200587,0.0
0.20071657387383304,0.20615598195147472,0.1878979060862816,0.20712603761563,0.1981035004727806,0.0
0.19711091445016946,0.19909371155633762,0.1897803804941992,0.21051481625243032,0.2035001772468634,0.0
0.1990161498660129,0.20356895102060651,0.1893312855864678,0.20630234652624563,0.2017812670006671,0.0
0.1991989559621758,0.1997056968375454,0.189785102252307,0.2083269990334273,0.20298324591454464,0.0
0.1983561780199788,0.20175544481803567,0.18745682385036153,0.2102384488301216,0.20219310448150232,0.0
0.19911130984866862,0.20389912771809335,0.18538408637461348,0.20665316200102735,0.20495231405759723,0.0
0.19939871548375432,0.19862959700752666,0.1931406373698461,0.20799864885937425,0.20083240127949858,0.0
0.1986018277029764,0.20023820901700654,0.18675129246243682,0.20801277878321536,0.20639589203436484,0.0
0.20086139905878267,0.20103924090625272,0.18966794638193638,0.20535056283414935,0.20308085081887906,0.0
0.19962232773460242,0.20071578392922024,0.186414566525446,0.2098600353321131,0.2033872864786182,0.0
0.1999092483245023,0.2014816949096676,0.18715624025340474,0.20536650544411164,0.20608631106831374,0.0
0.19691946970280924,0.20090070102737315,0.18770353788339286,0.212376236656193,0.2021000547302317,0.0
0.19951403330825612,0.1987150649499728,0.19047798063637467,0.20894760608248852,0.20234531502290784,0.0
0.20065332829507837,0.19997990255020098,0.1884587224984026,0.20874311553511396,0.20216493112120415,0.0
0.19792968524159327,0.2047886000967634,0.1841343690956511,0.20727530824064128,0.20587203732535103,0.0
0.2016099170866069,0.20038040668308188,0.18574146386225768,0.21088613855230642,0.20138207381574702,0.0
0.19987050543381926,0.20039652471792965,0.18576817507135446,0.2090234922630937,0.20494130251380288,0.0
0.19789624412492463,0.2006153537875528,0.18937007871252087,0.20836576386942776,0.20375255950557386,0.0
0.1994646523720428,0.20284469681088213,0.18684838894036326,0.2070604097469179,0.20378185212979388,0.0
0.1976533409213666,0.20166149450184953,0.186955597149309,0.2075684185717459,0.20616114885572895,0.0
0.20054767697319334,0.2018670345704128,0.18313230643666295,0.20886124722710428,0.2055917347926265,0.0
0.19991222299724637,0.20248545947174174,0.18430219526739633,0.20844964371523528,0.2048504785483803,0.0
0.19759705862152757,0.20137607342072394,0.1867271700364929,0.211460577513827,0.20283912040742874,0.0
0.20044877191963542,0.19839875865998863,0.1899569545401436,0.2069203536345587,0.20427516124567366,0.0
0.19950628485898783,0.2004977590238604,0.1848744828452249,0.20992855429752738,0.20519291897439956,0.0
0.19903160022046235,0.20178765691138031,0.185831889417717,0.20908813803239676,0.20426071541804344,0.0
0.1978236181413958,0.19420824386833016,0.19281886974218201,0.2056816108608781,0.2094676573872139,0.0
0.2,0.2,0.2,0.2,0.2,0.0
0.19729273848259118,0.19903645111540894,0.19103740243245573,0.20912346466187426,0.20350994330767,0.0
0.1987674211440816,0.19985850985464,0.19400802326247935,0.2065026995922773,0.20086334614652196,0.0
0.2013420355871408,0.19636080403190195,0.18867316137453136,0.21272736456154026,0.20089663444488573,0.0
0.19909680460544585,0.20644324588854465,0.18574476089349645,0.204214424446973,0.2045007641655399,0.0
0.19886151560284904,0.20020581465941395,0.18848537218673478,0.2096679251138726,0.2027793724371295,0.0
0.1970107529411534,0.20276859850525872,0.18426293671368424,0.21177579384730788,0.20418191799259575,0.0
0.2016192843262528,0.1986556394805837,0.18625351560629053,0.2091020898163728,0.2043694707705001,0.0
0.19846875459259286,0.20731605701584033,0.18402445598984535,0.2070687982829203,0.2031219341188011,0.0
0.19863132148879623,0.20217935083221317,0.18728827683401753,0.20702808451793975,0.2048729663270334,0.0
0.1968070787847705,0.196320107976258,0.18936809047517275,0.2105631669684862,0.20694155579531262,0.0
0.19736849664703138,0.1965451770599931,0.1903692903087162,0.21239527070159128,0.20332176528266813,0.0
0.1989836748421292,0.20098026900680796,0.18791081258700876,0.2050249137049736,0.2071003298590804,0.0
0.19621405069500655,0.1992449808525571,0.19146882396724899,0.20709083732507014,0.20598130716011728,0.0
0.1994708661338076,0.19590174508367653,0.18880887125533327,0.20801773367792897,0.20780078384925374,0.0
0.2016436503159337,0.2029095156928145,0.1859272838833016,0.20664812482224856,0.20287142528570168,0.0
0.19793434892054368,0.20068711512649384,0.18714987286221693,0.2098466833604443,0.20438197973030112,0.0
0.19908436686342537,0.19604662490237626,0.1923822709408323,0.20472139069203063,0.20776534660133544,0.0
0.20088545668740065,0.19977873953903152,0.18984847886105644,0.21028798325051062,0.19919934166200076,0.0
0.20074324464453452,0.19902903553637208,0.1900733650567596,0.20763540203218048,0.2025189527301534,0.0
0.19831641123324353,0.20164447490217316,0.18611557402340825,0.20968734642793527,0.20423619341323984,0.0
0.19710879244153967,0.19217746198641045,0.20378763455893295,0.20589058873215543,0.20103552228096155,0.0
0.20076958965856861,0.2030742711468129,0.19048933778394198,0.20548444266591684,0.20018235874475973,0.0
0.19925768731256682,0.20569366352963844,0.183741266954077,0.20723747508228718,0.20406990712143055,0.0
0.1999936648261804,0.20026970148242776,0.19097653206173204,0.20763255029679897,0.20112755133286087,0.0
0.19919311267392906,0.19887556869489795,0.190323737397533,0.2072612999005076,0.20434628133313237,0.0
0.198200621395174,0.19734177682456897,0.1927215810129833,0.2087892582378439,0.20294676252942975,0.0
0.19511152340559712,0.20073648313247242,0.18805493267177217,0.21086748502291555,0.2052295757672428,0.0
0.2,0.2,0.2,0.2,0.2,0.0
0.20268142192769625,0.20182506807984693,0.1912926010386705,0.20565133061921517,0.1985495783345712,0.0
0.19902360959163123,0.19877112623501011,0.189583136242151,0.2066397906893971,0.20598233724181048,0.0
0.19697908270044096,0.20067172789275844,0.1893948290709407,0.20794553220625028,0.2050088281296096,0.0
0.19854415769347952,0.2042628586691142,0.18659449277519605,0.20619669373739835,0.20440179712481185,0.0
0.1954739625376865,0.20065500811406228,0.18977811708038927,0.20776806117359992,0.20632485109426213,0.0
0.19626151245663573,0.19421899953864777,0.1918730769019994,0.2122679424805091,0.20537846862220802,0.0
0.1974785850207369,0.2042265591917551,0.18729629210259707,0.2066946675097348,0.2043038961751761,0.0
0.20226194843887468,0.19662218373837267,0.18973872199777655,0.20950338988618852,0.20187375593878745,0.0
0.19781770489522812,0.19513678240445306,0.192471976771525,0.21100955171205002,0.20356398421674377,0.0
0.20198729554898356,0.2002408189631484,0.19228171302160535,0.20557577493451884,0.19991439753174378,0.0
0.19892339421752542,0.20938278111884595,0.18002153605986432,0.20742401717621883,0.20424827142754554,0.0
0.19701225293220143,0.20282861625982868,0.18838891632302648,0.2064194786514421,0.20535073583350127,0.0
0.2,0.2,0.2,0.2,0.2,0.0
0.19828178783685815,0.20413953665960569,0.18784309041129907,0.20546290780137108,0.2042726772908661,0.0
0.1990247147243311,0.20416395025026612,0.18940432150091657,0.2048421774901192,0.20256483603436692,0.0
0.19828413817972745,0.19842514149076346,0.18602986345405298,0.20718270358045315,0.21007815329500285,0.0
0.19848690759767446,0.19675611712275087,0.1869835190608496,0.20928031940442265,0.20849313681430254,0.0
0.20002436891944167,0.19842218097962477,0.19075872466210875,0.2085395459876426,0.20225517945118213,0.0
0.19911532040959412,0.19453997248905588,0.1917746240710885,0.21277801193130463,0.20179207109895675,0.0
0.19646577170760546,0.20116864377868282,0.18660044022118383,0.21009205802086908,0.20567308627165878,0.0
0.19820098764608418,0.20303602119972725,0.18602787101731458,0.20987035322409295,0.2028647669127811,0.0
0.1977012737556117,0.20403901118324064,0.1888815733685481,0.2071018742031024,0.2022762674894971,0.0
0.19929570846985065,0.201081706822078,0.18397008074935484,0.20740210684550064,0.20825039711321577,0.0
0.19939169923937283,0.20332788069565016,0.1857649928330885,0.2063975631094013,0.2051178641224872,0.0
0.2061931482910224,0.2037858368053836,0.19404713676897423,0.19944338383622714,0.1965304942983927,0.0
0.2004243886573733,0.19880567618055428,0.18395723899277322,0.20914575901141394,0.20766693715788523,0.0
0.19843197964794396,0.2031795920405273,0.18731674758338926,0.20798867637725604,0.20308300435088344,0.0
0.20238412872877498,0.1986676632003937,0.19179378757461432,0.20758841892969082,0.1995660015665261,0.0
0.1958661371266008,0.18948940440097167,0.20573253410345946,0.20626128913039268,0.20265063523857538,0.0
0.19958348798823283,0.2023817784852312,0.18613359574369592,0.2068854742344398,0.20501566354840037,0.0
0.1992340825000924,0.19632470773931607,0.18590818975040074,0.21123377545872793,0.20729924455146284,0.0
0.2022620497148209,0.20280647376288335,0.18523779029330195,0.20588363534570353,0.2038100508832902,0.0
0.20022691392775505,0.19563056186044137,0.19211576930626836,0.20923028256687742,0.20279647233865794,0.0
0.1971360235814028,0.2017231245047783,0.18382625052883586,0.20793985470781878,0.20937474667716427,0.0
0.1984640322882906,0.20077861579953982,0.18709026966598674,0.21047867976743845,0.20318840247874434,0.0
0.19912526973073347,0.20395482742667384,0.18427065888034186,0.20923978853805295,0.203409455424198,0.0
0.2008569414633088,0.19799943127239555,0.18845397998506452,0.21049107666433686,0.2021985706148943,0.0
0.1967558113302962,0.20068378643890747,0.18768108697316438,0.20839599376905782,0.20648332148857412,0.0
0.19540982756860964,0.19978283665078433,0.19111790005586438,0.2090102441899879,0.2046791915347537,0.0
0.19569033619162216,0.19791213930385784,0.1886891236755316,0.21179482339558797,0.2059135774334004,0.0
0.1966027043991248,0.19583885437028498,0.19048249993888985,0.21000313760977254,0.20707280368192776,0.0
0.19824398529570694,0.2029550862264199,0.1889904286137929,0.20490479244889193,0.20490570741518818,0.0
0.20320732070643355,0.20293453489987023,0.19181822744941915,0.20367861819054614,0.19836129875373093,0.0
0.1980504505025333,0.1965287913170097,0.18955156343544513,0.21285471794797023,0.20301447679704165,0.0
0.19876597820471784,0.20277667580529193,0.1883745656711023,0.20628842300819775,0.20379435731069015,0.0
0.1963630517621284,0.20326648052772184,0.1880577141671843,0.20755264014103403,0.20476011340193143,0.0
0.19839413234446826,0.19767534414031204,0.19452189443892948,0.20664949946351682,0.20275912961277348,0.0
0.19849650421669354,0.19850481017296237,0.18704357651796302,0.20859113659518622,0.2073639724971948,0.0
0.1995874377342857,0.19596503121653852,0.18661845878761135,0.2109053856478154,0.20692368661374894,0.0
0.2014826188465673,0.19769562798395535,0.19178575245016263,0.20759762380730004,0.2014383769120148,0.0
0.19832695167154826,0.20423080233163649,0.1823356953585156,0.2109671609336793,0.20413938970462034,0.0
0.1987048356820952,0.20294126043492278,0.1828277964631736,0.21123408871129765,0.20429201870851083,0.0
0.1974734763867487,0.2001764567632016,0.1841136810677835,0.21198871277289646,0.2062476730093697,0.0
0.19783097725433935,0.20298870244353026,0.18202705737769917,0.21041458057995632,0.2067386823444748,0.0
0.20063513946563935,0.19669149994959959,0.19023511308863741,0.21078255392812414,0.2016556935679995,0.0
0.19913481023779914,0.1985600993642615,0.18656477582373082,0.2089134602027733,0.20682685437143514,0.0
0.2029392012129326,0.20185029475031022,0.18648417644380486,0.20754813362281646,0.20117819397013592,0.0
0.19864216360844897,0.20193035726039937,0.18723592227213903,0.20790079344380788,0.20429076341520472,0.0
0.19905374261299993,0.19702614298556256,0.19037042414610345,0.20685480282018628,0.2066948874351477,0.0
0.19865658660409355,0.19892114721313114,0.18720892213283605,0.20947180989092526,0.20574153415901394,0.0
0.19933461428833477,0.20024571627696125,0.18668206308057572,0.20760073167096899,0.20613687468315947,0.0
0.1978064953449155,0.20236972353975838,0.19023028045153825,0.20782955455447652,0.20176394610931142,0.0
0.20045949485472656,0.19825625382069897,0.18928563240526683,0.2078469975767121,0.20415162134259557,0.0
0.199555606694806,0.20129865365267252,0.18488421648856912,0.21362656777850428,0.20063495538544812,0.0
0.19474259679115674,0.1950094749239402,0.19233215121115288,0.2122163736985334,0.2056994033752168,0.0
0.19704615424175606,0.2032246941981885,0.18564557522263214,0.20990502965607272,0.20417854668135055,0.0
0.2014140206332072,0.20237290903998914,0.18763713704864474,0.2063337710839464,0.20224216219421257,0.0
0.20129907445434714,0.20405179161542064,0.18884153411167148,0.20772319426417019,0.19808440555439066,0.0
0.19781263227105547,0.20119930815909107,0.1861915986525857,0.2108808762243744,0.20391558469289353,0.0
0.1974167467895588,0.19559073455944098,0.18803219156587728,0.21278899142834043,0.20617133565678236,0.0
0.19925270302235645,0.2001981575794197,0.19029855972962303,0.20678250546872937,0.2034680741998715,0.0
0.20381989359834413,0.2047663280506829,0.18824104205123948,0.2042913792692305,0.198881357030503,0.0
0.19779863779137152,0.20148567302799444,0.18631160364274008,0.21275465061188228,0.20164943492601164,0.0
0.19828997900336298,0.19723467445246656,0.1939839662315739,0.2085242298467386,0.20196715046585792,0.0
0.19959244352746297,0.19923743885221418,0.1886112864115152,0.21160152124477288,0.20095730996403485,0.0
0.19743542856140642,0.20376522116762072,0.18756412068698297,0.20825223074936355,0.20298299883462637,0.0
0.19959778899196384,0.20780389180987102,0.18367858474978785,0.2049181095378483,0.204001624910529,0.0
0.19960881281895224,0.2032545445855508,0.1861546609898093,0.20892084277440745,0.20206113883128024,0.0
0.20097598007849748,0.19887034858558503,0.18499134670583997,0.20827997490566103,0.20688234972441655,0.0
0.19707578831119105,0.20148483865245007,0.18834084681478777,0.20941818253061845,0.20368034369095264,0.0
0.19864060516891235,0.19729422535153743,0.1948657208600085,0.20733267974449168,0.20186676887504995,0.0
0.2,0.2,0.2,0.2,0.2,0.0
0.19961540188920554,0.2014158970718129,0.18827705789515697,0.20816042145437139,0.2025312216894532,0.0
0.19761299451691336,0.19862875502941044,0.1895377673835906,0.2124873019676558,0.2017331811024299,0.0
0.19887107740583984,0.2036683841129968,0.18769660800183544,0.20698096063111204,0.2027829698482159,0.0
0.19525360749074225,0.20016263397417727,0.1874993361832615,0.21351464777701679,0.2035697745748022,0.0
0.20715962894397164,0.20333855889765154,0.20252601282123314,0.1913267915208701,0.19564900781627348,0.0
0.20179409995480221,0.20466563990894165,0.18676982857272267,0.2080058724695617,0.19876455909397184,0.0
0.20127742574715543,0.2012802284198528,0.18759273189817932,0.20842179758278293,0.20142781635202955,0.0
0.19987970739087244,0.20017218572505985,0.19086302688635032,0.20880085516341915,0.20028422483429836,0.0
0.19729235315781657,0.2035123204322319,0.19059466328091731,0.206726776574434,0.20187388655460026,0.0
0.20006241867524144,0.20065673734009043,0.18806956150100504,0.20791327119345254,0.20329801129021055,0.0
0.19611781754451718,0.19802039878100164,0.19038763075881443,0.2114265396218366,0.20404761329383017,0.0
0.19964130562107243,0.20098676912297822,0.1908993807655476,0.20846332719582622,0.20000921729457546,0.0
0.1979511353842156,0.197844934481786,0.18628710945062366,0.20940822608697227,0.20850859459640234,0.0
0.1991580165025124,0.1984226356672641,0.1886890769691596,0.20784891859742752,0.2058813522636364,0.0
0.19383549457371077,0.19797157560304077,0.19209796694745068,0.2083187338624774,0.20777622901332052,0.0
0.19782219404167373,0.19754033842670016,0.18545043484865747,0.20793497292733085,0.21125205975563777,0.0
0.199801334518424,0.1877975608927381,0.20990412727487193,0.20340053934082789,0.1990964379731381,0.0
0.20050174207208704,0.20347543792332595,0.18920518895974264,0.2058429348774184,0.20097469616742586,0.0
0.19833530143097836,0.20281130835223726,0.18411034429568146,0.21033266540594103,0.2044103805151619,0.0
0.1978175737823006,0.19656855563894,0.20974597716448568,0.1992637666901972,0.1966041267240765,0.0
0.20029809447412494,0.19665127775056723,0.18868453986545433,0.21199012252489596,0.20237596538495764,0.0
0.19833687547039835,0.19797614193102864,0.18979213002113007,0.20890616097531017,0.2049886916021328,0.0
0.19833600643227467,0.2013932514568266,0.19064936620054498,0.20537062489116442,0.20425075101918938,0.0
0.19947443082397148,0.20401638597071822,0.1883952808544233,0.20546858954427613,0.2026453128066108,0.0
0.2018088371730631,0.19971034427559273,0.1885899465910993,0.2110035948886752,0.19888727707156972,0.0
0.2009158438203059,0.1988869209242334,0.18695404555989997,0.20812925938053234,0.20511393031502848,0.0
0.19533229838917865,0.19137452474055816,0.19520680222892245,0.21234222941045539,0.20574414523088558,0.0
0.19689360050093221,0.19689141762405044,0.20536651508409828,0.20222960861644487,0.19861885817447425,0.0
0.1985267630827857,0.19958724398855252,0.19175077140708902,0.2075828677388105,0.20255235378276226,0.0
0.1993274086646113,0.2034789077159763,0.1856624074770228,0.20845572594479728,0.20307555019759227,0.0
0.20028331321983814,0.20218438934540614,0.18619166144924534,0.20557392337300573,0.20576671261250476,0.0
0.1988246245640058,0.20536103416619508,0.1870314668477334,0.20611072931654417,0.2026721451055215,0.0
0.20164279754483677,0.20134965337414615,0.18887793925316224,0.20781878976098836,0.20031082006686637,0.0
0.20066048707433218,0.199639534966041,0.18584846486250914,0.2113594951573929,0.2024920179397248,0.0
0.19849660976639924,0.20529765918282794,0.18721999198782507,0.20457571149572204,0.20441002756722568,0.0
0.20135532545641785,0.19722603109672726,0.1889690018702056,0.20624915366926372,0.20620048790738563,0.0
0.19972698966212696,0.2015620353790774,0.19058551561186635,0.20757728697189204,0.2005481723750373,0.0
0.19740750150427847,0.1913961601224178,0.20809136655527927,0.20504687838572672,0.1980580934322977,0.0
0.19571083445068435,0.1936184511640188,0.19200644487865556,0.21128057159515068,0.2073836979114906,0.0
0.2036011166218795,0.19942825821771387,0.19915913008876326,0.1964242904016929,0.2013872046699505,0.0
0.19769170785562387,0.1998047057278524,0.18918745177788202,0.21295214708264573,0.20036398755599594,0.0
0.19884713919943328,0.201103753444256,0.18459438531847058,0.20774891299345125,0.20770580904438893,0.0
0.1992925173408016,0.2006792666413837,0.1874912423343166,0.20773522400379288,0.20480174967970524,0.0
0.19615837578584203,0.1986811527736682,0.19021559063436508,0.2112608495584977,0.20368403124762705,0.0
0.19632764885481402,0.20287115886879795,0.1900353352499584,0.2112481545303094,0.19951770249612016,0.0
0.19907699402672682,0.20104632821326368,0.19130375017755066,0.20804051828208076,0.20053240930037808,0.0
0.20215530776600715,0.20148379760556787,0.1894590644446961,0.2051787802076849,0.20172304997604396,0.0
0.1997716863058636,0.203632911347742,0.18864799328502183,0.20631823924832776,0.20162916981304482,0.0
0.1964444636064827,0.18905989282179012,0.20619507711163426,0.20511077123210866,0.20318979522798422,0.0
0.19998662735567824,0.20256654901979745,0.1855594793973159,0.20500869649117193,0.20687864773603648,0.0
0.1994956735388099,0.19870727197269386,0.1908131530154566,0.2112159067890935,0.19976799468394604,0.0
0.2025534422895172,0.19929817517437012,0.19557728318076995,0.20301248370990027,0.19955861564544242,0.0
0.19743903623118816,0.20042092279356752,0.1901162507415034,0.2078137631054364,0.20421002712830447,0.0
0.19883160493932384,0.19967975083740963,0.18967397963127863,0.20905999848594298,0.20275466610604495,0.0
0.2022628805515146,0.20336294296151328,0.18312924826333363,0.2072275915499498,0.20401733667368885,0.0
0.2010379125314815,0.20291454689276875,0.18454324203498074,0.20811754118897852,0.20338675735179046,0.0
0.1987230417158316,0.20468664132888537,0.1843969491095252,0.2075282780162999,0.204665089829458,0.0
0.19867643217563452,0.20228390480538436,0.18977818695267898,0.20591079543934895,0.2033506806269532,0.0
0.19746136412250714,0.20263952827549675,0.1848178815061973,0.2101834355236451,0.20489779057215368,0.0
0.1976637403662566,0.19813346125877063,0.18945588876916555,0.20786157115343623,0.20688533845237106,0.0
0.19993770106477993,0.20482962533823448,0.18352611656332576,0.20807461726034493,0.20363193977331487,0.0
0.19724782586158063,0.1948358950585962,0.1931827614061738,0.21048403884684297,0.20424947882680647,0.0
0.19711601392570766,0.2048621793912682,0.18506678893346287,0.20982001711162532,0.20313500063793583,0.0
0.1992413242841029,0.20484785182331866,0.18492038008254771,0.2089485162976157,0.202041927512415,0.0
0.2005928199940718,0.19815398810946877,0.1858573540674705,0.21339992715213413,0.20199591067685485,0.0
0.19787106958111594,0.19828687286068844,0.18986020226545214,0.21069817765660487,0.20328367763613864,0.0
0.20469062265470928,0.19800227002242074,0.20115999085062766,0.19924690419355792,0.19690021227868432,0.0
0.19987698731121012,0.19987663432480354,0.18591446951269822,0.21081182443048394,0.20352008442080427,0.0
0.19834452937276714,0.20488082471497823,0.18672978817664332,0.20659587895279372,0.20344897878281754,0.0
0.20286831121973736,0.20204432852170254,0.18980960816273945,0.20435541492655743,0.20092233716926314,0.0
0.19652673618511304,0.20166967112790257,0.18674624091194914,0.21191987826531697,0.20313747350971845,0.0
0.19890418179927702,0.19767093593709492,0.19011155252941656,0.21034915277466465,0.20296417695954683,0.0
0.19548948029797075,0.1886545001349525,0.2065471610441586,0.20581678414091856,0.20349207438199965,0.0
0.19676983453898977,0.20539309779268983,0.1813592415595615,0.2116243980550264,0.20485342805373244,0.0
0.20266621741610968,0.2016011729135216,0.18562426861720038,0.20655781565623052,0.2035505253969378,0.0
0.19920526945366665,0.20065506570134542,0.19810829404292007,0.2029784333681593,0.19905293743390856,0.0
0.2004236471246254,0.19505840163995652,0.18990720770018588,0.21273601288001173,0.20187473065522044,0.0
0.19618719568619486,0.19246695218194002,0.19952039193096147,0.20858569461299134,0.20323976558791218,0.0
0.19763480837986103,0.20127948315793706,0.1851911876395779,0.21232415201133784,0.20357036881128612,0.0
0.19863453149187452,0.20221347801558157,0.1877145146431734,0.20665459571661346,0.20478288013275703,0.0
0.20165806916033396,0.20368111377277692,0.18717849180362386,0.2055463457698189,0.20193597949344644,0.0
0.19957380923179044,0.19959784822202487,0.19111110687445612,0.2100646078145706,0.19965262785715793,0.0
0.1989590425171929,0.1990330144560934,0.18578253570030437,0.20914477836431955,0.2070806289620897,0.0
0.19827355206451264,0.19941223078189738,0.18677425628334202,0.20868937308389793,0.20685058778634993,0.0
0.1985075265201967,0.20488781277098114,0.18875658135848428,0.2059002598782085,0.2019478194721293,0.0
0.19947201185502686,0.20197508731154434,0.1854201360863368,0.20885848174801688,0.20427428299907527,0.0
0.2004493995532411,0.20360969062777048,0.18661227510007494,0.20729399826017686,0.20203463645873654,0.0
0.1968111225119398,0.20499996351080604,0.18778570759952412,0.20776675890423965,0.20263644747349027,0.0
0.19896794117498082,0.2018162175662039,0.18333352753577523,0.2111574708290849,0.20472484289395523,0.0
0.19639652218972672,0.19165521481567124,0.1939043880010525,0.2134581750097844,0.20458569998376516,0.0
0.19796940814867053,0.18610801604331756,0.20840936879488636,0.20677135549642792,0.20074185151669763,0.0
0.2010629212460894,0.19931655932923184,0.18771804906768044,0.2076077820039663,0.20429468835303205,0.0
0.2041386100848654,0.20222022458355518,0.18943103103927883,0.2031269681713197,0.2010831661209809,0.0
0.19658483112907782,0.19196815342116083,0.19164961802534866,0.21247515789375637,0.20732223953065643,0.0
0.2006625202887056,0.20015260867732212,0.1861806313312689,0.21282386507084514,0.20018037463185817,0.0
0.19889971386729388,0.18873662801538685,0.20618642465344947,0.2047526030972336,0.20142463036663613,0.0
0.19496914317065434,0.19305344245068112,0.19468707603502414,0.21323862264988286,0.2040517156937575,0.0
0.1983971575494216,0.1922606949612776,0.20182620059055448,0.20922546683774507,0.1982904800610012,0.0
0.20048083890068566,0.2013286827350108,0.1842625645960294,0.20733359871204682,0.20659431505622733,0.0
0.199363358791631,0.19957025196247155,0.19016464041190403,0.20955667227894104,0.20134507655505238,0.0
0.19959657815608267,0.19416201908090275,0.1906063071826772,0.2122147856549532,0.2034203099253842,0.0
0.19979835443422628,0.20069980772146034,0.188697348341443,0.20730608376823176,0.20349840573463876,0.0
0.20056097499979328,0.20150477414781257,0.18836085780726797,0.2076494917951127,0.2019239012500135,0.0
0.20213712671076858,0.20513878468482766,0.1852868359293141,0.20597102361921138,0.20146622905587824,0.0
0.19917029730167493,0.19592442350073155,0.1904267910762844,0.2085708131714869,0.20590767494982226,0.0
0.1985859916997847,0.2023331534988002,0.18443489960081277,0.21137846608090666,0.20326748911969578,0.0
0.19697771738365308,0.19890372217753743,0.1873006335465296,0.20863260053871982,0.20818532635356016,0.0
0.19915204486103238,0.20311755488428124,0.18261135165552805,0.20996823454593808,0.20515081405322017,0.0
0.20096636615213992,0.19904831733468234,0.19332776766008897,0.2056837711847617,0.20097377766832714,0.0
0.1991991981595852,0.1945643022572604,0.18987077176796993,0.2125097574448023,0.20385597037038228,0.0
0.19930336650799946,0.20637823749716336,0.1822750468976356,0.2065506786226411,0.20549267047456038,0.0
0.2055535426403587,0.205009012568121,0.18731349795527688,0.20165184500660932,0.20047210182963413,0.0
0.200799024559833,0.20131806018264817,0.18832374957865608,0.20707472314537947,0.20248444253348333,0.0
0.20159340103642875,0.1989715246547665,0.2037439747054399,0.19862803879348448,0.1970630608098803,0.0
0.2,0.2,0.2,0.2,0.2,0.0
0.19910768868408224,0.20186529577491277,0.190583101457026,0.2070324014886,0.201411512595379,0.0
0.1977121277963303,0.20573170214261277,0.18282081220269636,0.20874453472423488,0.20499082313412575,0.0
0.19985314812988153,0.1983477158143845,0.18635237872854965,0.21308936062810035,0.20235739669908395,0.0
0.19825679476886282,0.20132323936695454,0.18860362172078524,0.20839222653046413,0.20342411761293328,0.0
0.19900331586358794,0.20094694179466904,0.1874622196234161,0.20777985283406883,0.2048076698842581,0.0
0.19950441196556012,0.20348402320542705,0.18956910812123118,0.20365439042634595,0.20378806628143561,0.0
0.2011072001791017,0.2008320014711173,0.18430281242995722,0.2079877980704746,0.20577018784934922,0.0
0.19912781466726445,0.20217124906050749,0.18582553638454577,0.20944651442978854,0.20342888545789367,0.0
0.20090517303051647,0.20098477393387726,0.19220106829550027,0.2071567377801489,0.19875224695995702,0.0
0.19679557404121492,0.19787202948370883,0.18834060677871908,0.20835058780993343,0.20864120188642366,0.0
0.19942145110021112,0.1939213467402132,0.19133060900819202,0.2116402646998302,0.20368632845155346,0.0
0.1973377555760866,0.204069452279065,0.18755217035921415,0.21023907771822645,0.20080154406740786,0.0
0.2009804757415724,0.19979705679904813,0.2002865058132049,0.20223879325507116,0.1966971683911034,0.0
0.19761448875891827,0.19542862002895636,0.1915470681262767,0.20992492329037798,0.2054848997954706,0.0
0.19740828602620997,0.20298808872584131,0.18506351584411992,0.20925033202673088,0.20528977737709792,0.0
0.19858342900343287,0.20367268895792684,0.18884448109227975,0.20638172800900598,0.20251767293735468,0.0
0.19926810398314113,0.20098795702858657,0.18433352374840567,0.2074510644835951,0.20795935075627156,0.0
0.19924349149150508,0.20092569295180987,0.1879132151402737,0.20856053412509662,0.20335706629131475,0.0
0.20071137800515115,0.19771763473500328,0.19058192625898288,0.2108129689726529,0.2001760920282098,0.0
0.19971184675021025,0.20427297535809358,0.1883177593093178,0.2048208308855674,0.20287658769681094,0.0
0.19982304058582645,0.2023108019234988,0.1874183985274771,0.2055675111768879,0.2048802477863097,0.0
0.19748652214311993,0.19604320920313392,0.1945913618907072,0.21121568182539538,0.2006632249376436,0.0
0.20099562079725486,0.19896651374605817,0.18793079170499463,0.20690034372537,0.20520673002632234,0.0
0.1972614980212023,0.20304522266258587,0.1881785411059269,0.20656902890475246,0.2049457093055325,0.0
0.19906246586810628,0.2043234446060353,0.18890561162337377,0.20528978101731338,0.2024186968851713,0.0
0.1975197013470435,0.2045154312547502,0.18708843520894677,0.2073697427557936,0.2035066894334659,0.0
0.19522414858827708,0.2039259549152809,0.18644840245680866,0.2078740709763083,0.2065274230633251,0.0
0.19765326795943788,0.20277715671227953,0.1851922774631676,0.21348008474089297,0.20089721312422215,0.0
0.19918422706237182,0.19646847116689914,0.19280039831624338,0.2068401166401405,0.20470678681434526,0.0
0.19858431469866572,0.20630674301009203,0.18516133260682002,0.2068861781181319,0.2030614315662904,0.0
0.19996597576872235,0.20052956405543354,0.188566769481489,0.20804454350315474,0.20289314719120038,0.0
0.1981224373487222,0.20035856936420648,0.18640296659223113,0.20790961812495684,0.20720640856988334,0.0
0.20187216600968683,0.20154405682281998,0.19134012538493322,0.20718375015503793,0.19805990162752204,0.0
0.2003075474758001,0.20403364671135066,0.18580164486942982,0.2069301151524968,0.2029270457909227,0.0
0.2011965160874732,0.20352763973234447,0.18426768917500902,0.20702635189987753,0.2039818031052958,0.0
0.2,0.2,0.2,0.2,0.2,0.0
0.19796940814867053,0.18610801604331756,0.20840936879488636,0.20677135549642792,0.20074185151669763,0.0
0.197472139077628,0.19821182965702164,0.18509846377922198,0.21066927868420304,0.20854828880192539,0.0
0.19789097196151054,0.19893534035643082,0.18685043955299493,0.20850146961783908,0.20782177851122474,0.0
0.2009798108127236,0.20363621443499147,0.1866663283240794,0.20711633762842385,0.20160130879978166,0.0
0.19862362413841864,0.20334129725406702,0.1874752191652641,0.2070288661435369,0.20353099329871335,0.0
0.19983164858127828,0.19901939866608861,0.18637878870652522,0.20959466734275,0.205175496703358,0.0
0.197060106046101,0.20201267191930072,0.18573907587262603,0.21071968153219772,0.20446846462977453,0.0
0.1991137386911057,0.20224253557189903,0.1836374212791338,0.20827034451286283,0.20673595994499858,0.0
0.19861978294736046,0.20270859516774667,0.18738235807489095,0.2068781263452405,0.20441113746476147,0.0
0.2,0.2,0.2,0.2,0.2,0.0
0.2060412815650944,0.20335000051410243,0.18736987630195326,0.20277315439839894,0.20046568722045097,0.0
0.19685340648027036,0.20023110713468553,0.18424041033438163,0.21113932099031832,0.2075357550603443,0.0
0.19922395661595674,0.2037885958258058,0.18411279668098413,0.20890967048238804,0.2039649803948653,0.0
0.1982986387568279,0.19579118128722953,0.1879582689725363,0.21250771048894143,0.20544420049446468,0.0
0.19995206351286215,0.19988572665751428,0.18814362576632507,0.2066863283138344,0.2053322557494642,0.0
0.20066775169666817,0.20569483647169345,0.18344937473948858,0.20885724877788592,0.20133078831426385,0.0
0.19936174669230672,0.20595155293831247,0.1837992784659274,0.20671675832587688,0.2041706635775765,0.0
0.19648813762703052,0.19259690510597915,0.1957016380962346,0.2111050349137753,0.20410828425698038,0.0
0.19998055026306197,0.19934005934761256,0.1857381670550237,0.20772585275200486,0.2072153705822969,0.0
0.2019280160082032,0.19783420013685085,0.1888372982596526,0.20792163338596048,0.2034788522093328,0.0
0.19661171907261282,0.20247533551075528,0.18562306959242317,0.20810267289719817,0.20718720292701062,0.0
0.19773384186854645,0.19925761888706459,0.18617186189743748,0.20854462323918382,0.20829205410776763,0.0
0.19876083197332692,0.20307905674149518,0.18823256834388477,0.20988800166901944,0.20003954127227377,0.0
0.20037821655843216,0.20343839323811827,0.18909718369451287,0.2061464777964112,0.2009397287125255,0.0
0.19935655519317247,0.20327309905029786,0.18182552744740843,0.2093662551475006,0.20617856316162064,0.0
0.1966291434389605,0.1965963151332032,0.1895412824881379,0.20852594686110046,0.20870731207859786,0.0
0.20242656224241642,0.20285806130045672,0.18386966023693696,0.2053708392043588,0.2054748770158312,0.0
0.20354640898606235,0.20243627391757396,0.1856696955407253,0.20492522636918395,0.20342239518645433,0.0
0.19755282024584586,0.19324386499911717,0.19500302954407572,0.2120780136784206,0.20212227153254073,0.0
0.19905213741276404,0.19893563901405034,0.18933292131741172,0.21008695649355597,0.20259234576221793,0.0
0.200607106648336,0.20196685561497746,0.18615313678665305,0.20875348768617813,0.20251941326385536,0.0
0.19760921616936883,0.20056753163763194,0.18277522758610593,0.20946737553986533,0.20958064906702809,0.0
0.1987853639330123,0.20090778052467279,0.18671399337274608,0.208762939402737,0.20482992276683196,0.0
0.19949996178688112,0.20053114573773065,0.18489138075475448,0.20979560255532897,0.20528190916530484,0.0
0.1984091729560464,0.20536511284998868,0.1833903501698123,0.20748530616201752,0.2053500578621351,0.0
0.20019546129066254,0.19934234170768295,0.1836253040400579,0.2110685518559354,0.20576834110566122,0.0
0.19913060148953773,0.2035984371129831,0.1852449058255962,0.20564850464093304,0.20637755093094998,0.0
0.1974407631242609,0.20248019707777037,0.18735004250147044,0.2109643409311459,0.20176465636535226,0.0
0.19962784676492612,0.19797113164588095,0.18793937597853422,0.21289750950066305,0.20156413610999574,0.0
0.1992891065759746,0.199739151272865,0.18964625393385914,0.2110233666212918,0.2003021215960095,0.0
0.19792227649841804,0.20289126497366775,0.18938247865952043,0.20609525056833974,0.20370872930005407,0.0
0.19920843215423953,0.20265239434259455,0.18406339870065194,0.2086853404753953,0.20539043432711873,0.0
0.2010236289986573,0.2007649794667719,0.18538701990552223,0.21054943830529596,0.2022749333237526,0.0
0.19803769349403189,0.1999872522623938,0.18548704779190422,0.20884538549351608,0.207642620958154,0.0
0.20058935035638367,0.20559087466760334,0.18153760459689444,0.20633567581721146,0.205946494561907,0.0
0.1969865956793478,0.1972406872155203,0.1856708650274009,0.21001584002802506,0.21008601204970587,0.0
0.1990689247635475,0.20153516520410447,0.18857723350451702,0.2064154261720059,0.20440325035582518,0.0
0.1959783919651068,0.19936304801822124,0.18999613022467698,0.20947670074680302,0.20518572904519197,0.0
0.20310521715225646,0.20067677579100449,0.1910559719249886,0.20394029181695783,0.20122174331479262,0.0
0.1983004982634954,0.199819446674828,0.18418247513282884,0.20673962510599786,0.21095795482284985,0.0
0.19715747204266879,0.20491531823326137,0.18627459271213423,0.2101649396670254,0.20148767734491024,0.0
0.1977477010268689,0.20285284166913323,0.18574417736506224,0.20923029530714213,0.2044249846317936,0.0
0.2,0.2,0.2,0.2,0.2,0.0
0.19953856827700303,0.20140824793845777,0.1883040569553436,0.20933688446804619,0.20141224236114946,0.0
0.2022439621092679,0.20269980485014058,0.1870259557475535,0.20640590864284805,0.2016243686501899,0.0
0.19522017383533272,0.19484420504612154,0.19609350203047177,0.21286350324567552,0.20097861584239832,0.0
0.20247332982154917,0.19927997990751184,0.19055803707347946,0.20662455516340325,0.20106409803405625,0.0
0.20692053988794398,0.2028933346366515,0.19323351988505344,0.20054024378474444,0.19641236180560656,0.0
0.19794168408841276,0.2040212275613861,0.188813898819404,0.2092103784515833,0.2000128110792138,0.0
0.19606295493850331,0.19616802014087015,0.1912803743500054,0.21352715199353833,0.20296149857708282,0.0
0.19643615973003506,0.20087077658122224,0.1850483344621645,0.21055643887293396,0.2070882903536443,0.0
0.19689050889369833,0.20160571361760532,0.18782029742201933,0.2080356946221466,0.20564778544453036,0.0
0.19972366584475126,0.19527049305218694,0.19061946861821666,0.21297290131503227,0.20141347116981295,0.0
0.1993841160529854,0.2023176091264842,0.18773961998609662,0.20873213205465443,0.20182652277977947,0.0
0.2007829403363222,0.19885684840344256,0.18852609118459238,0.2087264819044602,0.20310763817118277,0.0
0.19906988056718214,0.19949162067143786,0.18988323087435946,0.2069287629932208,0.20462650489379974,0.0
0.1987202909168426,0.19426257024008592,0.19198780092844514,0.21377059043291338,0.201258747481713,0.0
0.19897573523560103,0.2007552212678078,0.18685143585299827,0.20692290075887496,0.20649470688471802,0.0
0.1999116598991078,0.2015446122520575,0.18823313946089035,0.20680846139640127,0.20350212699154321,0.0
0.19822497279869009,0.20126393435805004,0.18716808012547034,0.20792687370939525,0.20541613900839423,0.0
0.20154402529071017,0.20259847880796725,0.18512112630335037,0.2076983621862304,0.20303800741174186,0.0
0.19924462969014012,0.2031485846304468,0.1830890947865061,0.20917842843942766,0.2053392624534794,0.0
0.19784834121453745,0.19741058427799593,0.18860193113787965,0.21058307137924628,0.20555607199034054,0.0
0.2017482009617104,0.20249913478331769,0.18354156137657016,0.20959650518358489,0.20261459769481688,0.0
0.20041296384358304,0.20336407772725326,0.18532090280286392,0.20593240112186156,0.20496965450443816,0.0
0.19891209279868044,0.20302805440017346,0.1845282007045589,0.20763220415392486,0.2058994479426623,0.0
0.19987487443254837,0.20038658407642648,0.18614873715680985,0.21147250326094005,0.20211730107327527,0.0
0.20415960882367493,0.20396419279990033,0.18102128419918778,0.20852683206234054,0.20232808211489645,0.0
0.19873317071159194,0.2029160603827916,0.18924509919376423,0.20538980162143583,0.20371586809041645,0.0
0.19744193338026692,0.20614597521101335,0.17916080006877166,0.20985641725635026,0.20739487408359777,0.0
0.197593737594157,0.19881933278322317,0.18954693872059575,0.20862116901818284,0.2054188218838412,0.0
0.19841530378851466,0.20108853110438196,0.18859227937268638,0.20917502507705196,0.202728860657365,0.0
0.19720935304666365,0.19918953073594012,0.18413851270958034,0.2108518726859587,0.20861073082185727,0.0
0.2032214768413733,0.20316089078090685,0.18814141819523625,0.20399335312919648,0.20148286105328725,0.0
0.2007322549588455,0.20061582181072019,0.18623891563410416,0.20727392348434406,0.2051390841119861,0.0
0.19796940814867053,0.18610801604331756,0.20840936879488636,0.20677135549642792,0.20074185151669763,0.0
0.1997980587173219,0.20060218200290664,0.19193963629544833,0.20862233627979027,0.1990377867045329,0.0
0.20146980931923641,0.200804232153551,0.18993895849139494,0.20535880792647948,0.20242819210933796,0.0
0.20164279196719084,0.19772927517832525,0.185923322105144,0.21188115776208247,0.20282345298725735,0.0
0.19899902677238399,0.19559961609003873,0.1913743180842697,0.21223107450683765,0.2017959645464699,0.0
0.19531923698134251,0.20334891258066565,0.18590813917591503,0.21375725443619278,0.20166645682588402,0.0
0.19815906085832127,0.1993304158168171,0.19073737905487567,0.20842515396604275,0.2033479903039432,0.0
0.2009274155225763,0.20043681369722097,0.18776832718022307,0.20699717867736384,0.2038702649226158,0.0
0.1999001570549635,0.20183872380740422,0.18784458177456756,0.2103489415486324,0.20006759581443231,0.0
0.1986836686871097,0.1980676743481837,0.18979089486885836,0.21070190624004598,0.20275585585580236,0.0
0.19942145110021112,0.1939213467402132,0.19133060900819202,0.2116402646998302,0.20368632845155346,0.0
0.19805861596928173,0.2039782402247201,0.18552819940543583,0.21000603581506183,0.20242890858550058,0.0
0.19771770987732912,0.20420800464562774,0.19002815516042607,0.20612768345038668,0.20191844686623042,0.0
0.19942157977473715,0.19833929107765808,0.18888542967365612,0.208303411304489,0.20505028816945975,0.0
0.19731031714946287,0.20325718878897372,0.18761282175145605,0.20830445817046306,0.20351521413964432,0.0
0.1952529309570072,0.1915858762260585,0.19568410879552772,0.2133371613670494,0.20413992265435726,0.0
0.1990355158021615,0.1957973604357394,0.1923292811598536,0.21105848352803996,0.20177935907420566,0.0
0.1972256521964555,0.1889998353662047,0.2077312655417151,0.20625806666504048,0.19978518023058425,0.0
0.20020755847069,0.20041965813458246,0.18429227320239092,0.21104153717806867,0.20403897301426785,0.0
0.19784769950602016,0.20026213916283947,0.18896895936255337,0.20734254157573015,0.20557866039285688,0.0
0.2003591553111791,0.20231094911335754,0.18743008005980102,0.2056251964559295,0.20427461905973274,0.0
0.1971739868574761,0.19933087292804172,0.19759323965269657,0.2060452122546099,0.19985668830717573,0.0
0.19816906967922016,0.18702174178912223,0.2078580174062454,0.20610368261080603,0.2008474885146062,0.0
0.19781155415549348,0.2063078645421125,0.1871300121787417,0.20559993267692842,0.20315063644672385,0.0
0.19855494190104234,0.20061223416531737,0.1890257513465314,0.2086169208102599,0.2031901517768488,0.0
0.1990224064584158,0.19856796766817783,0.1922180985548487,0.20917381822743467,0.20101770909112288,0.0
0.19793947743950213,0.19780649124689959,0.1919958304819639,0.20984170141005307,0.2024164994215813,0.0
0.20081308302456258,0.20118421186947782,0.18855745174408597,0.20890856621850362,0.20053668714337,0.0
0.1991337014238082,0.20428087596570552,0.18833568063548037,0.20482365787801213,0.20342608409699373,0.0
0.2008033348651713,0.20339716833280022,0.18864832322549624,0.20732371496673677,0.1998274586097955,0.0
0.20013613554590684,0.19716301289188573,0.1888548718573578,0.21237047502483183,0.20147550468001774,0.0
0.19869040671880636,0.19612862414382107,0.1850168046115303,0.20940491562406038,0.2107592489017818,0.0
0.19774887968435573,0.20231110589571066,0.18553840237006886,0.20816193778255135,0.20623967426731346,0.0
0.20239784253199497,0.20101060651534203,0.18911254481324974,0.20462765328796537,0.20285135285144798,0.0
0.20021253569680897,0.20078554194819087,0.18756839174679363,0.20807202661879715,0.20336150398940933,0.0
0.1999984020445723,0.20566296892480776,0.18180759317419826,0.2083642740371721,0.20416676181924967,0.0
0.19955882898254,0.19915059615648928,0.18512951482151327,0.21100132541229255,0.20515973462716486,0.0
0.19999704288622436,0.20420136803349456,0.1892383317199683,0.20455616044475317,0.20200709691555968,0.0
0.19949638912229398,0.1977912903840451,0.19070751532772487,0.21103370737384794,0.20097109779208805,0.0
0.20121986786978593,0.20265696680363493,0.19023226105111682,0.20378130981180312,0.20210959446365906,0.0
0.19710254924124368,0.19805032857577967,0.18922319702250845,0.2119765862832151,0.2036473388772531,0.0
0.19924941497218998,0.20522633297679863,0.18681385020351648,0.20475356977537412,0.20395683207212084,0.0
0.2015510106220905,0.204020477556656,0.18839384035218912,0.20525805522989587,0.20077661623916854,0.0
0.19789295096885412,0.1986024375447858,0.19209910881267614,0.20874502990858848,0.2026604727650954,0.0
0.19909271879975604,0.20076881354185785,0.19056280620206387,0.20889908934618764,0.20067657211013465,0.0
0.20045321890427592,0.2010287756180085,0.18396163808390487,0.21141955832631693,0.2031368090674939,0.0
0.20113788149401157,0.1967305478174561,0.18683951970176424,0.2088984192015717,0.20639363178519632,0.0
0.19938782654375997,0.1985244627224853,0.19334738100494564,0.2073513807503806,0.20138894897842857,0.0
0.19506040178854586,0.1959140629214656,0.19474944876205,0.21061021720654038,0.20366586932139807,0.0
0.19831659572782476,0.20275872971049366,0.18560766933907366,0.21158312613546118,0.2017338790871468,0.0
0.19731098589696122,0.20248849513022288,0.18840113745534248,0.20828769568709074,0.20351168583038276,0.0
0.19869265669082972,0.20418656690509995,0.18343513727443145,0.2118991838969765,0.20178645523266228,0.0
0.19735618567174024,0.20284415806662032,0.18581471702675173,0.2084891901313112,0.2054957491035765,0.0
0.19793524787588657,0.20434557112125928,0.1887883215427905,0.2061856984907836,0.20274516096928016,0.0
0.1983782878366929,0.2035665900001153,0.18277564899113505,0.20932614711901185,0.2059533260530449,0.0
0.2,0.2,0.2,0.2,0.2,0.0
0.19934633463517845,0.19976003069848733,0.19013547137559186,0.20918577719730877,0.2015723860934335,0.0
0.2,0.2,0.2,0.2,0.2,0.0
0.19764822003679397,0.19957921447829416,0.18676339946710493,0.2055568885859653,0.2104522774318417,0.0
0.20258978371950417,0.19693846574079513,0.19013471486414366,0.20822020337629843,0.20211683229925864,0.0
0.19963708212502224,0.20242844866465198,0.18679582066013534,0.20725424718793145,0.20388440136225908,0.0
0.197489188262833,0.20439797197348955,0.18809480637528025,0.2059786746924155,0.20403935869598172,0.0
0.19853295132664608,0.1986796430906801,0.18749936268934558,0.21173492013968243,0.20355312275364582,0.0
0.197725626459076,0.20165756590315853,0.18581037730737404,0.2081359573788235,0.206670472951568,0.0
0.20150650012986798,0.1994088274998773,0.18631402189290244,0.20852082239868136,0.204249828078671,0.0
0.19796940814867053,0.18610801604331756,0.20840936879488636,0.20677135549642792,0.20074185151669763,0.0
0.20036509975114206,0.20194606502951487,0.1855923308415961,0.20739791575940866,0.2046985886183383,0.0
0.1997116412172016,0.20429388741916998,0.18215928671938814,0.21084108489078376,0.20299409975345653,0.0
0.19823643435698504,0.2038499742862742,0.18816486875522054,0.20861192975906462,0.20113679284245556,0.0
0.19999713350597637,0.20152441270264615,0.1876388260978851,0.20629627394627692,0.20454335374721555,0.0
0.20375279897007012,0.20559556042226435,0.18580891748561332,0.20701474125701363,0.19782798186503858,0.0
0.19958709310523418,0.20410259819019563,0.18644985116892596,0.20848860718744383,0.2013718503482003,0.0
0.20035583257900627,0.20407942293425077,0.18471328012004326,0.20747903413296453,0.20337243023373527,0.0
0.19532179117655185,0.2040492040957533,0.18406208680691846,0.20834084201552885,0.2082260759052474,0.0
0.2043809492382874,0.20272010672631258,0.18283373639240616,0.20772381431070291,0.20234139333229095,0.0
0.1984612221868118,0.1992911815043459,0.18980463944207196,0.20768233084663348,0.20476062602013684,0.0
0.19609423410801985,0.20039274357120934,0.18937780094168322,0.20720048889427167,0.20693473248481598,0.0
0.20172160391147553,0.1986198497515746,0.1929761582871996,0.20876977245370038,0.19791261559604972,0.0
0.19819540901874988,0.19747105117926433,0.1888423856816979,0.20859987877712285,0.20689127534316504,0.0
0.1965374664998601,0.2040967887557601,0.1856720604131822,0.21195574177227025,0.20173794255892735,0.0
0.1949840896827333,0.19253296337571646,0.19557967454490474,0.21317099557330504,0.2037322768233404,0.0
0.19805669807251663,0.20137039912452326,0.1863794943307022,0.20805219201269368,0.2061412164595642,0.0
0.19662126732017826,0.20171211972914438,0.18504099456005926,0.2115160742260938,0.20510954416452412,0.0
0.19901889350633073,0.19965521332922623,0.18601513726535943,0.20913703734981548,0.2061737185492682,0.0
0.2,0.2,0.2,0.2,0.2,0.0
0.19984241792315924,0.20062011929183227,0.18893209733761582,0.20818689245388594,0.20241847299350682,0.0
0.19806121207983676,0.20129058763302224,0.185273472298581,0.21186165753070013,0.20351307045785993,0.0
0.19621637950742862,0.20082736482932007,0.1890337662074392,0.21114626597999406,0.2027762234758181,0.0
0.20333697644455462,0.2022080952403057,0.18703066654445202,0.20808039912677387,0.19934386264391374,0.0
0.20038934224735233,0.1979778591064472,0.19400117082377785,0.20540132036563905,0.20223030745678344,0.0
0.19754587105277868,0.19604947571615347,0.20359731972996736,0.20266128800531266,0.20014604549578774,0.0
0.19826538414385614,0.20533530094263097,0.18565820189968893,0.20692964879346665,0.20381146422035729,0.0
0.20163142200752018,0.19487311434802254,0.19322388976451801,0.2103288466103112,0.19994272726962814,0.0
0.19649493929829775,0.19106590171175145,0.1954032854230617,0.21262866047797882,0.20440721308891036,0.0
0.19899966843475206,0.2051349436717461,0.18964168310249582,0.20485397061855615,0.20136973417244988,0.0
0.1971616782396441,0.20425275703880028,0.18628472552424544,0.20790686611363285,0.20439397308367732,0.0
0.1992924350748999,0.20427773005692865,0.1893757772766233,0.20433072820627715,0.202723329385271,0.0
0.2004374066981351,0.19964973498392574,0.19176836503886946,0.20695465949908373,0.20118983377998592,0.0
0.196917302848675,0.20422892276254656,0.18699713187421163,0.20788932234783805,0.20396732016672875,0.0
0.19772827705689733,0.19756796859152653,0.18986025918436664,0.21196439063247835,0.20287910453473126,0.0
0.19754761239020469,0.19754637052923016,0.1924320517747943,0.20822080727914352,0.2042531580266273,0.0
0.1980095543612062,0.20618679750207222,0.18214050197934437,0.20950216371898295,0.20416098243839428,0.0
0.1990722591530626,0.20270880834706576,0.1877866428610068,0.20662294060087105,0.20380934903799378,0.0
0.19737345032490627,0.20758088789382545,0.18556756447571252,0.20820120256147087,0.201276894744085,0.0
0.20077650697759297,0.19682854886036788,0.19075250370276306,0.210800486286766,0.20084195417250997,0.0
0.19821329337793406,0.20462274123797852,0.18501938630683193,0.20575732148507836,0.2063872575921771,0.0
0.2015744156510243,0.19997690502445303,0.189330987677417,0.21021989251698883,0.19889779913011688,0.0
0.19744568525862013,0.1987352594708491,0.18737434155487376,0.2121592737011296,0.20428544001452725,0.0
0.19866382299999755,0.19921036415484214,0.1878639065044697,0.2091812080971542,0.2050806982435365,0.0
0.1977831172786034,0.20133198449060466,0.18891421556509833,0.2085488625454032,0.2034218201202905,0.0
0.19788414760101042,0.19979878020852723,0.18744408687123962,0.21172115670064975,0.20315182861857306,0.0
0.19648478316842471,0.1974233829454961,0.18927433169195962,0.21476265968238858,0.202054842511731,0.0
0.19876127888451892,0.2012516234892198,0.18624563457433155,0.21266263548549472,0.201078827566435,0.0
0.1972113216001259,0.20193653192148364,0.18930890724000668,0.21037150449577582,0.20117173474260788,0.0
0.19955339663547247,0.19662747789429713,0.19102139215445013,0.21182860049342173,0.2009691328223586,0.0
0.19933560169437833,0.20310310719452523,0.1908835374948428,0.20596602714722131,0.20071172646903226,0.0
0.19553094938623433,0.1989971504781289,0.19373877335468773,0.2102983907660118,0.20143473601493725,0.0
0.20076418670912705,0.2007826490237841,0.1886477420993729,0.20684309849426738,0.20296232367344857,0.0
0.1961367657997985,0.20579225549623675,0.18485913854453614,0.2068942556161957,0.20631758454323293,0.0
0.1994133878344848,0.20520107719876965,0.1870069204614605,0.2053323914038002,0.20304622310148476,0.0
0.2045286477916129,0.20561140676464576,0.1871550639891642,0.20553102855148958,0.19717385290308764,0.0
0.20032807515503845,0.19918425314569738,0.19003557877243832,0.20913978246932036,0.2013123104575055,0.0
0.2000531851354982,0.20003467772331665,0.19328178010446706,0.2034759471839109,0.2031544098528071,0.0
0.20560986966504993,0.20270252622185983,0.19478089694526377,0.20226430422999553,0.19464240293783097,0.0
0.20156878971820988,0.1999445920411993,0.1893510057461934,0.20933410653261425,0.19980150596178325,0.0
0.19892238294645573,0.20140088054134067,0.1890676944559228,0.20937148350474338,0.2012375585515375,0.0
0.205440081651176,0.20179719354826545,0.18974143534326499,0.20535203744476271,0.19766925201253083,0.0
0.20046299349698493,0.19883375586548233,0.18769627619021248,0.2098394357533488,0.20316753869397156,0.0
0.19939418618422933,0.20362317095115628,0.18856611908746915,0.2048520386315361,0.20356448514560913,0.0
0.2002749294362465,0.20081652354118426,0.18432793098851208,0.20767959096892177,0.2069010250651353,0.0
0.1994311388660594,0.19572305493886155,0.18486207643230593,0.2114080472251038,0.20857568253766925,0.0
0.20086084872224463,0.20257741921998595,0.18883738462451297,0.20713341454120712,0.20059093289204924,0.0
0.19943310279442458,0.20132386332018234,0.18912742972598826,0.20862724432912583,0.20148835983027902,0.0
0.20224593938960123,0.20298748140000714,0.18624449954312502,0.20632949679942347,0.20219258286784325,0.0
0.19832406884610027,0.20165451544050872,0.18880990191977437,0.20909482077538472,0.20211669301823199,0.0
0.2012580030643364,0.19784241245115783,0.1898449027111141,0.2075341790034099,0.2035205027699817,0.0
0.20037823293799675,0.20287364274471015,0.1898551353735485,0.20458366989383775,0.20230931904990698,0.0
0.19911248143362845,0.2054022144222593,0.18717012248850534,0.2068414239197549,0.201473757735852,0.0
0.1989008288406292,0.19571251480268306,0.18824838197930696,0.21124585614761954,0.2058924182297613,0.0
0.19970430149908974,0.19989858789711884,0.1874679579715371,0.20845655213590797,0.20447260049634625,0.0
0.1994536393178641,0.20302751806318228,0.18686458472359072,0.2053707582665578,0.2052834996288051,0.0
0.19999086512498848,0.2025003085923111,0.1899646470446137,0.20695580923984175,0.20058836999824498,0.0
0.1993134105145386,0.19807921581269136,0.1852191786152703,0.20986705489404234,0.2075211401634572,0.0
0.1999830737285396,0.20426088689586192,0.18714898624845241,0.20549466479422668,0.2031123883329194,0.0
0.19924001473774094,0.20445447336625205,0.18562599966170745,0.20546322893774654,0.20521628329655298,0.0
0.19963771689777354,0.1990332245944645,0.18883727068460548,0.2097007745805897,0.20279101324256676,0.0
0.19926749527300372,0.20497705932909144,0.18789974340396598,0.20453226060418114,0.20332344138975772,0.0
0.19816882900096774,0.20476813683257877,0.18725305883029122,0.20567967721584313,0.20413029812031905,0.0
0.20628011234511612,0.2040280415112601,0.1949174118440265,0.1995430737056765,0.19523136059392068,0.0
0.19840419096081907,0.19486269688729205,0.1921658923810357,0.21332889679371558,0.20123832297713762,0.0
0.1994508887045972,0.20568959513740803,0.1819662745113345,0.2077519032662029,0.2051413383804574,0.0
0.19911507604190046,0.20120054560024325,0.18711743545365908,0.21162709302490293,0.20093984987929434,0.0
0.19837984798655475,0.19650229136665068,0.19198410464901078,0.2134780303896165,0.19965572560816736,0.0
0.20024239844953515,0.20669024432274163,0.18652087409053492,0.2077798547829966,0.1987666283541918,0.0
0.19639652218972672,0.19165521481567124,0.1939043880010525,0.2134581750097844,0.20458569998376516,0.0
0.19736874604330598,0.19829298856844088,0.18452484001002148,0.20985895923275633,0.20995446614547528,0.0
0.2021729956143242,0.20274399127128986,0.1880666558438604,0.20440417045782375,0.20261218681270188,0.0
0.19879862382715405,0.19746579944947695,0.18568393972458974,0.21210499814344344,0.205946638855336,0.0
0.2023031441953495,0.19855646060875085,0.1868724220338873,0.20990069047955673,0.20236728268245563,0.0
0.19826512847573866,0.20344374352438668,0.1859458114337191,0.20889282641289525,0.20345249015326028,0.0
0.19523179310344735,0.19176386639727366,0.19586263212359878,0.21266664244433828,0.20447506593134188,0.0
0.19669380848473259,0.19128963226737764,0.19467300252887565,0.21318488785644601,0.20415866886256812,0.0
0.2033750006100711,0.20251827952243204,0.18976284822994632,0.2048089591618043,0.19953491247574628,0.0
0.19950298479111372,0.20506003971586048,0.18572227131595015,0.2068340275164487,0.20288067666062704,0.0
0.19882646979542978,0.2016092340998455,0.18949187347875626,0.2068920569113461,0.20318036571462228,0.0
0.19976599023495414,0.20165851258776696,0.1877525426310921,0.20649266873319674,0.20433028581299012,0.0
0.20219366401128122,0.2023990774342771,0.18672800958718497,0.20778593424061106,0.20089331472664562,0.0
0.1985595090235503,0.20382314269731244,0.18408487655947245,0.20852867841851241,0.2050037933011524,0.0
0.20045422004144933,0.2041312677113446,0.18732042774243118,0.20665908802528318,0.20143499647949176,0.0
0.19701044418615693,0.19600774065634427,0.1930658359161345,0.21020897642507003,0.2037070028162942,0.0
0.19971805110232763,0.1982834010409972,0.1886127586957625,0.20739381849241795,0.2059919706684947,0.0
0.19872595731308992,0.20179056492724337,0.18615059573188786,0.21189132996908244,0.20144155205869632,0.0
0.19883512146112073,0.2059385449974321,0.18767787963666674,0.20437403456853212,0.20317441933624827,0.0
0.1998322276645666,0.1995159144946286,0.18538898373959525,0.2106551558861053,0.20460771821510426,0.0
0.20063128968342647,0.1992814337168682,0.1898688966693089,0.20859938338186684,0.2016189965485295,0.0
0.19754420251472263,0.19787840617763094,0.19072737545044485,0.21234745717714681,0.2015025586800547,0.0
0.19847689659418707,0.19798807865901052,0.18632785558379358,0.20987748262590974,0.20732968653709916,0.0
0.19857500071303388,0.20516956218722052,0.1820267372576737,0.21085161926848678,0.20337708057358508,0.0
0.20003211048218839,0.20293346535430865,0.1877059678298839,0.20654362173662041,0.20278483459699864,0.0
0.19937934035106003,0.20196236117313457,0.18816717529505003,0.20642745429312984,0.20406366888762548,0.0
0.1910828741512679,0.21359154792170978,0.19259061218318047,0.20778009050215718,0.1949548752416848,0.0
0.20206498978889917,0.20639568008686981,0.18968026617440076,0.20329871975391817,0.19856034419591204,0.0
0.19997327032042272,0.20183268478533387,0.1879516670956011,0.2065577266983146,0.20368465110032768,0.0
0.19744753956441488,0.1984806824066647,0.1920883205724072,0.20704993692231355,0.20493352053419975,0.0
0.1984019926776464,0.20323663040263398,0.19017869419280456,0.20527157672850058,0.2029111059984144,0.0
0.2006637244139422,0.19977164389222163,0.18757262098938668,0.20706653937064218,0.20492547133380734,0.0
0.1977543412620304,0.20059499925993735,0.1874510429636676,0.21060094768267384,0.20359866883169092,0.0
0.19989327504805515,0.20496362341888508,0.18728692359087684,0.20550848311318945,0.20234769482899345,0.0
0.2005150670605781,0.20326221736281866,0.1895748597395528,0.20629981136001713,0.2003480444770334,0.0
0.19859630254103117,0.19827705510435314,0.1870418935811878,0.21035900690985987,0.2057257418635682,0.0
0.19937572437915194,0.19756081224894062,0.19261979079867927,0.20354160114871384,0.20690207142451442,0.0
0.19889242014506073,0.2007004931517054,0.18707959636873886,0.20877938307808785,0.20454810725640715,0.0
0.20100538279008814,0.20133640563528904,0.18691258253483442,0.20540861172813324,0.20533701731165518,0.0
0.19845655619093877,0.20396627757605099,0.18749636366937472,0.2057443232911377,0.2043364792724979,0.0
0.19834051935350389,0.19910432154956914,0.18856877641017247,0.20716405518109215,0.2068223275056624,0.0
0.19883414822102036,0.19907355203234922,0.18576561088255003,0.20914273974990813,0.2071839491141722,0.0
0.2,0.2,0.2,0.2,0.2,0.0
0.1982449533598103,0.2022473138928276,0.1845607436133216,0.2081330731806996,0.2068139159533411,0.0
0.19822745353010374,0.20696066287372133,0.18611020056899155,0.20541368355012926,0.20328799947705414,0.0
0.20101517405576994,0.2012422798423708,0.19229566393708764,0.20669026214518293,0.1987566200195887,0.0
0.2,0.2,0.2,0.2,0.2,0.0
0.19932035791402253,0.20255701019101596,0.1891763330944869,0.20604808352414586,0.20289821527632887,0.0
0.1996901194379694,0.2016555617812515,0.185641476847752,0.2069281243433802,0.2060847175896468,0.0
0.19777057582542826,0.20314062961238338,0.18847570805788202,0.20799745159468108,0.20261563490962525,0.0
0.2,0.2,0.2,0.2,0.2,0.0
0.20038834640124387,0.1974187107058397,0.18939558447910068,0.2089548826236043,0.20384247579021142,0.0
0.1979232067740143,0.20630200409138813,0.18290010221602887,0.20706094072943868,0.20581374618913004,0.0
0.19731896097603763,0.1972310814046331,0.1917141252849147,0.20847224808478013,0.20526358424963453,0.0
0.19964477452335508,0.2047459387400434,0.18457645148250784,0.2078433493701635,0.20318948588393024,0.0
0.196998552986681,0.19757073136721043,0.18897196080096224,0.21259668751988345,0.2038620673252627,0.0
0.2017764905104044,0.20313181160744714,0.18575013697211143,0.20650679572408837,0.2028347651859487,0.0
0.2002026076654283,0.20403679237113936,0.1859084077894226,0.20732863312406613,0.20252355904994354,0.0
0.20011122959906377,0.20300090201400225,0.18596524629040487,0.20587447792890431,0.20504814416762487,0.0
0.19969670034144463,0.20121141301855244,0.18843246768193356,0.20849444467436232,0.20216497428370697,0.0
0.2021709298805206,0.19834407775702204,0.190568776981275,0.20851556122466128,0.20040065415652114,0.0
0.20147952278724277,0.2029631058530704,0.18552710070235656,0.20586350030414927,0.204166770353181,0.0
0.2001383641399551,0.1960022486993259,0.18724510687670376,0.21082546585693854,0.20578881442707656,0.0
0.1995342193883025,0.20458395968908855,0.1882551101252814,0.2047168955005826,0.20290981529674498,0.0
0.19899587967631907,0.20439737880090375,0.18558102037028407,0.20928690997726287,0.20173881117523032,0.0
0.20110972828530177,0.19854855610547276,0.18836897613362297,0.21100763879432607,0.20096510068127632,0.0
0.19753655998994185,0.20092290411092553,0.18740048198411804,0.20905382595881233,0.20508622795620216,0.0
0.19699546706547444,0.19876264357980086,0.19128094196408735,0.2095400381283259,0.20342090926231138,0.0
0.19787400951031564,0.19930014985294414,0.19319901246917318,0.2074507264202609,0.20217610174730613,0.0
0.19617744869177225,0.19574010602845116,0.1936271528818882,0.21280170140291824,0.20165359099497024,0.0
0.19868116613879183,0.20061661076289344,0.18804335072445075,0.20812270720775186,0.2045361651661121,0.0
0.19818489515603518,0.19711488519953355,0.1864418479496843,0.21143328414452395,0.20682508755022297,0.0
0.19719838731176947,0.20200430716509596,0.1861682113481227,0.2098573254173709,0.20477176875764086,0.0
0.201586615273902,0.20491732944526658,0.18687538232147344,0.20634910143153193,0.2002715715278259,0.0
0.19997015909163335,0.200290271576395,0.1876282921010827,0.20845162847159623,0.2036596487592927,0.0
0.2013647995145337,0.19931666305327964,0.18842120345434538,0.2057583878925838,0.2051389460852576,0.0
0.2001887981439859,0.20302251892600434,0.18736065837886356,0.2063528643740968,0.2030751601770494,0.0
0.19685340200575568,0.20506744197536853,0.1841259178508123,0.2073361422258844,0.20661709594217906,0.0
0.19928927704926247,0.20465338222845575,0.1878488469583712,0.20480373315695824,0.20340476060695234,0.0
0.20272383879068925,0.20052013128155807,0.19924069171135475,0.20028813292187767,0.19722720529452037,0.0
0.20080849881674806,0.20125686225062842,0.19357095462182738,0.20455923323422154,0.19980445107657455,0.0
0.2013093256960168,0.20125634251429814,0.18519250977780422,0.21008007852818839,0.20216174348369234,0.0
0.19877510584306288,0.2000865676162926,0.18676763423576973,0.20863148242073942,0.20573920988413547,0.0
0.19660318807149282,0.20018403539954238,0.18991857956583805,0.20930325930926638,0.2039909376538603,0.0
0.19980019626399878,0.2033140633324635,0.1841134781205052,0.20928555590526132,0.20348670637777116,0.0
0.20163962385887388,0.20416352915221891,0.18668852989423296,0.20546823802136108,0.20204007907331323,0.0
0.19814669622951953,0.20308179808694332,0.1880265006834591,0.20842939316175338,0.2023156118383247,0.0
0.19940424864132655,0.1975392627726874,0.1884094063473528,0.21196574021534614,0.20268134202328722,0.0
0.20077232469411954,0.20039181663004949,0.18724881207574712,0.2091143950977635,0.20247265150232033,0.0
0.19939659999691214,0.19977478582964422,0.18790223577609083,0.2089242924694674,0.20400208592788535,0.0
0.19903442562488766,0.2048977797155851,0.18830753172203588,0.2052728594333015,0.2024874035041898,0.0
0.1965172199699758,0.19477608927283308,0.1965067768764262,0.21105074386219613,0.20114917001856883,0.0
0.19887269148662592,0.1946378593540082,0.18844066691046854,0.2103974073253029,0.20765137492359453,0.0
0.19990894061610884,0.19852654746419393,0.1855367311511474,0.21180508271074258,0.20422269805780727,0.0
0.2,0.2,0.2,0.2,0.2,0.0
0.2018380275057033,0.19806693032425654,0.18682785138596475,0.21133687081268782,0.20193031997138772,0.0
0.20047231004285432,0.20207944595787525,0.1879207153012857,0.20395837495435973,0.20556915374362497,0.0
0.19692879986037287,0.20448390722461182,0.1859283506985401,0.20824263581454674,0.20441630640192848,0.0
0.19803343588810404,0.2039830798898706,0.18796891311803832,0.20635738481644786,0.20365718628753912,0.0
0.1985665002409838,0.20468979299946705,0.18805891106409497,0.2049276958739902,0.20375709982146406,0.0
0.19951260563831363,0.20083489107578664,0.18621495124972479,0.20909763458717953,0.20433991744899532,0.0
0.19875968691407905,0.20648698901590729,0.18066828655716283,0.2110474435557623,0.20303759395708854,0.0
0.19658987525187732,0.19803517502188644,0.19192741059968582,0.21023528620405962,0.2032122529224909,0.0
0.20186014374094727,0.2025128707322021,0.1848322954615595,0.20648485708274322,0.2043098329825479,0.0
0.19914533586198208,0.1984540328900655,0.18980699570577642,0.20923798924485795,0.20335564629731803,0.0
0.19810301472832226,0.18900200941076198,0.2073503525692271,0.20591275943056217,0.19963186386112636,0.0
0.19929723304400396,0.19806142253805997,0.18892420195329623,0.20860749155467026,0.2051096509099695,0.0
0.1984319335071397,0.19602842089575417,0.20192946804340828,0.20346262017380246,0.2001475573798953,0.0
0.19936421505661292,0.19968897057985907,0.1838362127484262,0.210415927218846,0.20669467439625577,0.0
0.2026253369041287,0.202416277039234,0.19080906205552403,0.2058554105955587,0.19829391340555458,0.0
0.19697651928283053,0.1952980698889253,0.19072385108225579,0.21185787046443738,0.20514368928155094,0.0
0.19919041495183076,0.20498428019352938,0.18841579763032776,0.20764238685389338,0.19976712037041874,0.0
0.19742180543880786,0.20026961799766635,0.18946549071653235,0.20893095772305487,0.20391212812393855,0.0
0.1970105614691296,0.1991405414577573,0.1874917762935065,0.20840716445598137,0.2079499563236251,0.0
0.20232529476234473,0.19584770801858659,0.18739809049013342,0.2115052475803936,0.20292365914854166,0.0
0.1977561968061178,0.193987667536795,0.19385271836945459,0.20955723345781324,0.20484618382981945,0.0
0.19687079647276912,0.19782713295876214,0.1862601215709948,0.21024800987633946,0.20879393912113445,0.0
0.19729539956673545,0.19418465130199183,0.20539737154093915,0.20229205353675628,0.20083052405357743,0.0
0.19891857330360715,0.20244588267603755,0.1843276786559283,0.20738866593845243,0.2069191994259745,0.0
0.2000329984192233,0.1997838604781322,0.1866368667897235,0.2080194252029922,0.20552684910992874,0.0
0.198522678712838,0.20164357538999825,0.18942838921615143,0.20698900142895518,0.20341635525205723,0.0
0.19847403481007211,0.19904442798087918,0.18946260670506282,0.20980414192366595,0.20321478858031994,0.0
0.20111190274440527,0.19591673999830725,0.19160249238489732,0.21060321101743082,0.20076565385495937,0.0
0.1983623808485895,0.2040363566639891,0.18722848902888217,0.20757485132950168,0.20279792212903752,0.0
0.19782065263849208,0.19749875696005628,0.1862125929712987,0.20810296643104417,0.21036503099910886,0.0
0.19959504621615434,0.20373095796231108,0.18847131212261065,0.20604091488639253,0.20216176881253134,0.0
0.19629389538516606,0.2005856528798385,0.1864361632556707,0.21125158377306222,0.2054327047062625,0.0
0.19886294758381384,0.2042459705215063,0.18351636601683288,0.20914664017362206,0.20422807570422488,0.0
0.20272938409081903,0.19886726442196725,0.18764279056054706,0.2117033097492736,0.19905725117739304,0.0
0.19840823031362406,0.19701819746008895,0.18902513706987017,0.21120453496979424,0.2043439001866225,0.0
0.2004879734629317,0.19536470480683896,0.19269844399813588,0.20949772610314119,0.20195115162895227,0.0
0.1993662031149508,0.19595944129960807,0.19450808312217152,0.20690947125132866,0.20325680121194098,0.0
0.19906398193083577,0.19522707793925248,0.1910467788717875,0.21239240470939563,0.20226975654872859,0.0
0.19826627347119583,0.20035906527142058,0.18954407927379266,0.2075719258623832,0.20425865612120767,0.0
0.20192802507368957,0.20102197602826868,0.19206759076034463,0.20489114933719563,0.20009125880050158,0.0
0.19699044446652797,0.19888649326595687,0.1887596814427535,0.20994275495178963,0.20542062587297202,0.0
0.19836114934832325,0.20259099183419604,0.1878649528301732,0.2066790579604871,0.2045038480268203,0.0
0.19900485910127602,0.2035619819024181,0.18768646117240523,0.20707745820041065,0.20266923962349007,0.0
0.19808385266610773,0.20296898813195463,0.1880247696081808,0.20624647278040262,0.20467591681335415,0.0
0.20058159373514098,0.1989155480667684,0.1886563788870614,0.20859243453964268,0.2032540447713866,0.0
0.19911932372090568,0.20333404642453606,0.18659278576483337,0.20861912766430937,0.2023347164254155,0.0
0.19938850470972191,0.20429056199795173,0.18739297399865082,0.20456525748802076,0.20436270180565466,0.0
0.19854379771705696,0.20358915080078033,0.1826119726304451,0.20759398422601172,0.20766109462570595,0.0
0.19605545174892053,0.19780949581062993,0.1896664369489372,0.21213685450465314,0.2043317609868591,0.0
0.19860403708267782,0.20184672197317657,0.18644472686575633,0.2080590205353114,0.2050454935430778,0.0
0.19921208963038115,0.205036759761817,0.18469188585211713,0.20804070079280132,0.20301856396288348,0.0
0.19763519037863828,0.2008349171513971,0.18712028792091245,0.20738961042713167,0.20701999412192046,0.0
0.1986787367874423,0.19587379304757896,0.19202647008403517,0.2112555647928944,0.20216543528804917,0.0
0.2027084816726845,0.20000977578204532,0.18767620577762328,0.20910687776194248,0.2004986590057044,0.0
0.19799682417105002,0.1971242785482069,0.18638928755609266,0.21153319434061094,0.20695641538403942,0.0
0.2010543542135858,0.2003712248365705,0.1861606235773777,0.20750102691099276,0.20491277046147321,0.0
0.1985966000546056,0.20015487395408355,0.1871769553273899,0.20553200355768167,0.20853956710623936,0.0
0.2046033546953545,0.20677178394995543,0.18851824540570958,0.20324157270669527,0.19686504324228518,0.0
0.1997556312729345,0.20106001937221574,0.19103441037721303,0.2084845586620194,0.1996653803156174,0.0
0.20052810020464326,0.20092698126179018,0.18726079333479545,0.211086726193793,0.20019739900497813,0.0
0.1998027359013089,0.2023625063745837,0.18258703308548868,0.20793082478093694,0.20731689985768173,0.0
0.19753800095973392,0.2020988183150085,0.18841679639279793,0.20827035091921342,0.20367603341324628,0.0
0.20199434774520078,0.20321861922967702,0.19367072056230594,0.1990279311218468,0.20208838134096946,0.0
0.19550076016411203,0.20130325677525912,0.1878968972084502,0.21272486444367494,0.2025742214085036,0.0
0.19589236528212464,0.1938855867073476,0.19027764567025027,0.21111951131410953,0.20882489102616794,0.0
0.1974546668852435,0.20205639611779028,0.1846413046645975,0.20948881038239958,0.20635882194996924,0.0
0.19949319583089997,0.20316035181136588,0.18256026650102694,0.21100650870332055,0.20377967715338666,0.0
0.20372369045688557,0.2014021223558519,0.1896201812302619,0.20449256333361285,0.20076144262338777,0.0
0.19734681235401383,0.20120711294838192,0.1863640259429531,0.21337828604684825,0.20170376270780285,0.0
0.19599117456292448,0.19459473380065748,0.1924532945998295,0.21200240585702743,0.20495839117956113,0.0
0.19667481387162716,0.2023116743405381,0.18574116261481183,0.2112275439719596,0.2040448052010633,0.0
0.19893646452246502,0.20240258879029954,0.1875559192778568,0.20691875309243488,0.20418627431694383,0.0
0.19721562591645148,0.20034484688535387,0.18882513528018532,0.20948087979295665,0.20413351212505262,0.0
0.19957757999084827,0.2052533364260674,0.1887785995844764,0.2052039976119343,0.20118648638667366,0.0
0.1968988407905387,0.19730076155339882,0.2076671629957638,0.1990161641578827,0.1991170705024159,0.0
0.19733608926900031,0.20235921271939106,0.18410393080917542,0.20737259485400325,0.2088281723484299,0.0
0.1990543086305401,0.20236857120527207,0.19023885101998558,0.20811522247055708,0.20022304667364516,0.0
0.19901930288538053,0.20195435766392417,0.18962059016669347,0.2088863646316056,0.20051938465239624,0.0
0.1949303627390203,0.19877207710302147,0.1904572065796529,0.21018161781720113,0.20565873576110427,0.0
0.1985288626473882,0.20239077820127035,0.1847861331056597,0.207231277459673,0.2070629485860088,0.0
0.19633331490061592,0.20185711114049593,0.18701788043689885,0.2096665376895079,0.20512515583248134,0.0
0.19918219051224537,0.2009507891287226,0.18951023338998554,0.20672213324024413,0.20363465372880238,0.0
0.20165383881213236,0.2028886219066137,0.1896322662182533,0.2028893024617532,0.20293597060124732,0.0
0.19833662116821205,0.2010222869743602,0.18725752660760772,0.20595094532538893,0.2074326199244311,0.0
0.19827147594822506,0.20426102696280335,0.18295884413761695,0.21077041186108195,0.20373824109027283,0.0
0.20028947272505623,0.19957031510416168,0.18757258299655205,0.21206499535742965,0.2005026338168003,0.0
0.19855451781068478,0.20232721684837332,0.18382428868786616,0.2084333804090055,0.2068605962440703,0.0
0.20021710443393123,0.1986379367213365,0.18789447335917683,0.2062806501217497,0.2069698353638058,0.0
0.1994807302147521,0.20306160687513344,0.1920951709232425,0.19851481839706303,0.20684767358980888,0.0
0.19985932816718988,0.19971454608393466,0.19095478301117158,0.20934656834658683,0.20012477439111712,0.0
0.20337246319036806,0.20426816238285175,0.18736498783055985,0.20693228796800547,0.19806209862821486,0.0
0.1988521898723396,0.19853129156988605,0.19185516008578962,0.208259116395327,0.2025022420766577,0.0
0.19643964299942082,0.20144328566421696,0.1892482151193808,0.21122251685425542,0.2016463393627259,0.0
0.2,0.2,0.2,0.2,0.2,0.0
0.19682064576691527,0.19781109383290937,0.18889184687446045,0.20955551793092822,0.20692089559478669,0.0
0.196193835656256,0.2015317547037122,0.18644480116966136,0.20845047026656538,0.2073791382038051,0.0
0.19811941721247114,0.20052439386643522,0.1841482591036385,0.2114881013866138,0.2057198284308413,0.0
0.19801280380383487,0.2056073066548038,0.18781411212956323,0.20660147330908024,0.2019643041027177,0.0
0.20047061416737347,0.2024015097600245,0.1905641427420016,0.20539179619315026,0.20117193713745019,0.0
0.19983950498634448,0.19745942672481598,0.18668338453005057,0.21295455335305272,0.2030631304057363,0.0
0.19753542374834865,0.20186669939151283,0.18770407822726431,0.20962833193974045,0.20326546669313375,0.0
0.19814776460338093,0.204209846165399,0.1809289822937329,0.20947314156262808,0.20724026537485893,0.0
0.19464040947457678,0.20047456434066735,0.1882611813831025,0.20772164772841467,0.2089021970732387,0.0
0.19323673745152356,0.2052356861398901,0.21697208780685265,0.18744952820619862,0.19710596039553502,0.0
0.19925768912638156,0.2038724574079234,0.1881867351624092,0.2067001452700916,0.2019829730331943,0.0
0.20250765185174274,0.20055216155481692,0.19027966836628482,0.20396754921856122,0.20269296900859426,0.0
0.1976139189234008,0.20184069133726765,0.1885952031303608,0.2061608292749795,0.2057893573339912,0.0
0.19582269632983892,0.19682867455911926,0.19377014206098167,0.2096028549205794,0.20397563212948072,0.0
0.19777009256485437,0.1961025290599694,0.1902236108884639,0.21201047623249708,0.2038932912542152,0.0
0.19830378245843816,0.19952979088297573,0.1889444710340343,0.20713650815823995,0.20608544746631172,0.0
0.19933291338780978,0.19742862429345864,0.1924100929699727,0.20859822316362128,0.2022301461851376,0.0
0.2004529881968134,0.2021633175797853,0.1839300312347077,0.20758232682216596,0.20587133616652747,0.0
0.19919604916826084,0.20560648016735347,0.1826707512338288,0.20812338973926556,0.20440332969129135,0.0
0.19843477562934697,0.20017472451400467,0.1858701240121601,0.21066526721798715,0.20485510862650097,0.0
0.19796940814867053,0.18610801604331756,0.20840936879488636,0.20677135549642792,0.20074185151669763,0.0
0.19962164257889273,0.19625082767343474,0.19055734793023896,0.20944625326357494,0.20412392855385875,0.0
0.19905764402052487,0.19933108447916517,0.18779582424847593,0.207389129830664,0.20642631742116993,0.0
0.19740856364622933,0.19512887815927002,0.19284328483489563,0.210225172868434,0.20439410049117096,0.0
0.19797131867134074,0.20106100999574336,0.1864254353643406,0.21153765889090964,0.20300457707766556,0.0
0.2000542508828707,0.2031074637785397,0.19179079142104952,0.20717275946392116,0.19787473445361886,0.0
0.1953661961742456,0.19870990170358568,0.18650816620718272,0.21007750728606392,0.20933822862892215,0.0
0.20150683401579741,0.2029786702882718,0.1847299458757011,0.2057181501450108,0.2050663996752189,0.0
0.19860130422040234,0.19668765021419327,0.187387118901941,0.20972195413509193,0.20760197252837145,0.0
0.19968904922693895,0.20289198117138113,0.18454126265829338,0.2091952376050549,0.2036824693383316,0.0
0.19935410866216496,0.20492684921072282,0.1879696689887574,0.2043947056120622,0.2033546675262925,0.0
0.2,0.2,0.2,0.2,0.2,0.0
0.19909910757166277,0.1965990704687249,0.19117910290684195,0.2100987925268398,0.20302392652593057,0.0
0.2,0.2,0.2,0.2,0.2,0.0
0.20161353876814958,0.20098502803129248,0.18576034808243877,0.2066534472782766,0.2049876378398425,0.0
0.19670648927916176,0.2065774402048786,0.18876272948848447,0.20615926148161376,0.20179407954586143,0.0
0.20127488883165012,0.2069044772530594,0.18532161115353094,0.20518576238510644,0.20131326037665323,0.0
0.1973981179901256,0.19290976569101348,0.19372650998242566,0.2123462041616796,0.20361940217475566,0.0
0.20001784423306743,0.19979325572495374,0.187572157602667,0.2067854349105506,0.20583130752876125,0.0
0.1979980289994227,0.19406202155615387,0.19016222623625642,0.2110722699939284,0.2067054532142385,0.0
0.19849891029825964,0.20084223500463663,0.18673555433167555,0.20885949466336345,0.20506380570206464,0.0
0.19720370238348314,0.2026918608793396,0.19004675791374498,0.20961252461936422,0.20044515420406808,0.0
0.19862894126549707,0.19969027167266148,0.19093008273797435,0.2095663076429074,0.20118439668095975,0.0
0.20017101606323184,0.19815122217167905,0.1868199217421208,0.20861761677526408,0.20624022324770427,0.0
0.19982844124143884,0.1965639887940131,0.18784002858594298,0.21161118604980556,0.20415635532879958,0.0
0.20121149668979352,0.19725217114223384,0.19182809991503524,0.2085975354196496,0.20111069683328775,0.0
0.20038927476041637,0.20051083500189293,0.18740358243229874,0.20665886890845742,0.20503743889693454,0.0
0.19698426911370198,0.20190495910878797,0.1901919330362624,0.20854571201421787,0.20237312672702976,0.0
0.19653644137865328,0.19198773303885275,0.19502393111304273,0.21212227549709348,0.20432961897235785,0.0
0.19736750913647166,0.20351245738702864,0.18635864450714476,0.20696365136313363,0.20579773760622136,0.0
0.2002179706034143,0.2023656732075683,0.19089394897427825,0.20148673906037914,0.20503566815436008,0.0
0.2018270707983651,0.20142109287117954,0.19281397396438166,0.20488296907578568,0.19905489329028808,0.0
0.19903918517672017,0.20198660389878578,0.18772116976572684,0.20716837950672148,0.20408466165204578,0.0
0.197793946738856,0.20362754092625374,0.19213953763326302,0.2051321695011762,0.20130680520045105,0.0
0.20062106822424805,0.20113601016702545,0.19230841170911822,0.19988999123047094,0.2060445186691374,0.0
0.19938005370249987,0.2003587563732298,0.1903170677278675,0.20690468845104482,0.20303943374535802,0.0
0.2003623596740835,0.20337122904336633,0.1878023105065555,0.20587039698120493,0.2025937037947898,0.0
0.19767325366579214,0.20362207252120135,0.18517098893892156,0.20823410958777794,0.2052995752863071,0.0
0.20074107069882283,0.1990402405599491,0.18859292994580856,0.20637395961675623,0.20525179917866335,0.0
0.1994747141595085,0.197327528194191,0.18606581553756305,0.21264798730120893,0.20448395480752848,0.0
0.1993193443902612,0.2007459807763426,0.18804340135601064,0.2092318630489419,0.2026594104284438,0.0
0.19917647530514357,0.20001011446578432,0.18552636393008323,0.2114005016106659,0.20388654468832296,0.0
0.19777135214883618,0.2035167909317163,0.18616870292532012,0.20840617442560788,0.20413697956851953,0.0
0.19890616884317533,0.20339680826703133,0.18667670965999766,0.20862714354040668,0.202393169689389,0.0
0.1994868238906597,0.1961830684702515,0.1886323332632175,0.21261779248235899,0.2030799818935123,0.0
0.20237303922748529,0.19993037382406198,0.1878012953319095,0.2084459707478239,0.2014493208687193,0.0
0.19967811121781015,0.19986409468303828,0.18609688935909788,0.20665448612237383,0.2077064186176798,0.0
0.20169997548363044,0.1953080275868889,0.20139501656440761,0.20330459154897323,0.19829238881609978,0.0
0.20012389252626553,0.20400609395958372,0.1870846364315918,0.2064441121738117,0.2023412649087473,0.0
0.1984745619068633,0.20116237390964878,0.1890042952962809,0.20599956568645336,0.20535920320075357,0.0
0.1975300143667225,0.2028491364936515,0.18998003763866175,0.20825507640545968,0.20138573509550464,0.0
0.1978531316854195,0.19443305362912014,0.1900809096562541,0.212907722692888,0.20472518233631817,0.0
0.19873626155899318,0.20443172991321878,0.18230619182632354,0.2073205525454102,0.20720526415605425,0.0
0.19798003676328346,0.20166650376093387,0.18599554540146734,0.2122243760073527,0.20213353806696255,0.0
0.19667466997904456,0.20260050159245835,0.18457114611015263,0.2127952096768873,0.20335847264145718,0.0
0.19888539386171417,0.2055479298049807,0.1893946449751285,0.20420411514610567,0.20196791621207102,0.0
0.19975495860195788,0.20381139484091798,0.19086239755041237,0.20331419354453845,0.2022570554621733,0.0
0.1944630756689511,0.1987790956743966,0.1910842816804891,0.21478242781364057,0.20089111916252264,0.0
0.20030620618988024,0.2026839606707028,0.18310778410883757,0.2091812194241042,0.20472082960647534,0.0
0.1989378947348942,0.19852364969696432,0.19039726604152368,0.20945182218072464,0.20268936734589302,0.0
0.19944914222429716,0.20412028081407668,0.1887702618896914,0.20698543935906863,0.20067487571286616,0.0
0.19978993215792848,0.19919665024519606,0.1845484916741744,0.20858122624714442,0.20788369967555656,0.0
0.19988326694410127,0.19891417939099418,0.18889559041676676,0.21091757235159087,0.2013893908965469,0.0
0.1989760221628905,0.19658064145665138,0.18837841181515091,0.21187329732408694,0.20419162724122017,0.0
0.19934005232646235,0.20335074391962282,0.18681604709647706,0.2084780661412903,0.2020150905161476,0.0
0.19810176484672018,0.1998351664329566,0.18710160193899142,0.21294294592777496,0.20201852085355693,0.0
0.19886081129466013,0.198661343888044,0.19283626181070018,0.2068946003997348,0.20274698260686078,0.0
0.20017496552659517,0.20511340359256644,0.18694227581266937,0.20580813438054307,0.20196122068762593,0.0
0.19831856048198448,0.1969362130389452,0.18961929624159488,0.21028486561273319,0.2048410646247422,0.0
0.2006484615934937,0.1991992049119525,0.187513709756789,0.20726542750671212,0.20537319623105277,0.0
0.19997489817378072,0.20027487238604627,0.18700072242452154,0.20880488583301385,0.20394462118263762,0.0
0.19836915146780748,0.2053462111722635,0.1862767338080626,0.20667060278435453,0.20333730076751186,0.0
0.19589535540093198,0.2022464888762686,0.18733924704281552,0.2104777335189686,0.20404117516101541,0.0
0.20479247708916493,0.20619616521920528,0.18495032365537642,0.19945945366810808,0.2046015803681452,0.0
0.19581498910166661,0.20513744484312807,0.18755718048025422,0.20695947053657776,0.20453091503837328,0.0
0.20107982682040051,0.2036691058414835,0.18415978680187312,0.20812230538359108,0.2029689751526518,0.0
0.19995218152198346,0.20114450775096948,0.18334321707464507,0.2122560371033549,0.20330405654904718,0.0
0.19985031966695935,0.1916353014762699,0.20298280932500593,0.2048660935045241,0.20066547602724083,0.0
0.1985839010112147,0.2009781788798102,0.18430063508553662,0.2092346709971921,0.20690261402624632,0.0
0.199398542152234,0.1995895500608069,0.18797929547518166,0.2087925210661924,0.2042400912455851,0.0
0.20214167693045812,0.19881740657799452,0.19351600404018016,0.20468790568729744,0.2008370067640697,0.0
0.20149703529437465,0.20468521102593132,0.18559405640284912,0.2088025119990076,0.1994211852778373,0.0
0.19770993132939182,0.1989177745346139,0.18632393134653938,0.21088651808822506,0.20616184470122983,0.0
0.19917496139527066,0.1983748574030011,0.18742811998542416,0.2075691680690405,0.20745289314726353,0.0
0.19794458106131443,0.20176816040519693,0.18829057394866824,0.20655357253766285,0.20544311204715743,0.0
0.19719783304503757,0.2058506559899359,0.18316862336734513,0.20816528694581946,0.20561760065186196,0.0
0.20095229483486893,0.20224698061933097,0.18885666873023862,0.2070240142803907,0.20092004153517087,0.0
0.19788233087035878,0.2005949278326121,0.18966875118361853,0.20701397191604867,0.20484001819736183,0.0
0.19867048615491772,0.20352642880750604,0.18883915358870582,0.20587645302418528,0.20308747842468514,0.0
0.1979676146877902,0.20434812477334416,0.1849966744202371,0.20809774457459362,0.20458984154403498,0.0
0.20002674570518916,0.19546483283708166,0.19177832141211276,0.2095591880603647,0.20317091198525178,0.0
0.19712789419833018,0.20175906625649842,0.18475975026802832,0.21271158984916086,0.20364169942798227,0.0
0.19492575734237,0.19934974369488778,0.18848419778457046,0.20911851109692087,0.20812179008125092,0.0
0.20072137334363857,0.1987565999514636,0.1875770467366853,0.20763142340403906,0.20531355656417338,0.0
0.19985375419978693,0.20117460451680153,0.18963174831083215,0.20859555086174827,0.20074434211083123,0.0
0.1988907152906108,0.20224243728585778,0.1881941772565657,0.2069113051697866,0.2037613649971793,0.0
0.19988790888619182,0.20471548939747294,0.1853227607687944,0.20674919987706417,0.20332464107047662,0.0
0.19796940814867053,0.18610801604331756,0.20840936879488636,0.20677135549642792,0.20074185151669763,0.0
0.19927089807995732,0.20420703366098092,0.18059613621312742,0.21130351038437092,0.20462242166156347,0.0
0.19768235966820233,0.1927706937359666,0.1934098157405849,0.21359135660651085,0.20254577424873518,0.0
0.1975465177077218,0.1969518756776643,0.1852106232305989,0.20918824446196058,0.2111027389220544,0.0
0.19823332428738377,0.20647201106546537,0.18673288950775416,0.20604965074891604,0.20251212439048072,0.0
0.19914981643679494,0.19993254370561472,0.1834322204667228,0.21101402388282794,0.20647139550803953,0.0
0.19901470480992436,0.20319308544607761,0.18424425107437783,0.20985516330689605,0.2036927953627241,0.0
0.19832790052920934,0.20023076931045503,0.18325818915697445,0.2100747118241202,0.20810842917924094,0.0
0.19777915430838042,0.20419342316974745,0.18471593062827138,0.20918173234759752,0.20412975954600335,0.0
0.19949786393139624,0.2016927525288591,0.18490668541118108,0.21115537786259678,0.2027473202659668,0.0
0.1989479588371856,0.2029555357910135,0.19014261572538543,0.20538250749237041,0.2025713821540452,0.0
0.19892815656208226,0.1988267266573826,0.1866748836575885,0.210066622275224,0.20550361084772273,0.0
0.1999295122612183,0.2001742272606418,0.18498456086761167,0.20989393079717422,0.20501776881335393,0.0
0.19770159423134553,0.2011776470297234,0.18574704109335374,0.20759939864015553,0.20777431900542184,0.0
0.1998595149674239,0.20372753587335313,0.18515388614691863,0.2086393551761245,0.20261970783617986,0.0
0.19733559657282385,0.2019268189638158,0.18744629173452498,0.21026576615399797,0.20302552657483733,0.0
0.20026818340539607,0.2024991103233301,0.1839126909960512,0.20750210167115768,0.20581791360406498,0.0
0.198866601809607,0.20240361822117864,0.1857174416249258,0.21092466514891145,0.20208767319537732,0.0
0.19834523413070984,0.20031256041588857,0.18390072524919732,0.21084552508481777,0.20659595511938653,0.0
0.20410533670840622,0.20378139826730682,0.1876258044488832,0.2065714318509806,0.19791602872442318,0.0
0.1976329223249701,0.19702113239950358,0.1930318403913765,0.2108883590065879,0.201425745877562,0.0
0.19822547755305378,0.20123021848801378,0.1829291417854726,0.20865578688515157,0.20895937528830832,0.0
0.19788066962295747,0.2002806813316913,0.18819425783422894,0.20549096801765818,0.20815342319346425,0.0
0.19746873926441577,0.20392031959662943,0.18420104130668302,0.21036341466881264,0.20404648516345902,0.0
0.2012398556232747,0.20063767629771886,0.18424229626928407,0.21203697257555432,0.2018431992341681,0.0
0.1974065979493158,0.2024854875696245,0.18417457126491554,0.2114723829751652,0.20446096024097893,0.0
0.2034784857552319,0.2035965916357795,0.18919583277869145,0.2049796781664686,0.19874941166382856,0.0
0.1981498621534291,0.19959384688029136,0.19407384475869602,0.20628472942986545,0.20189771677771806,0.0
0.19905202177060718,0.19766606306239895,0.18549476862064163,0.20912768970327922,0.20865945684307302,0.0
0.19998174446246172,0.19963815152284559,0.18943067442723605,0.20799223606958245,0.20295719351787417,0.0
0.20187344625791928,0.1957791436935544,0.1896430187412695,0.2098214113353466,0.2028829799719101,0.0
0.19883891803832676,0.2009593370314148,0.18705893330609863,0.20838538705586387,0.20475742456829596,0.0
0.19804130264665,0.2031598245963741,0.18822395094255986,0.2085613944307669,0.20201352738364925,0.0
0.20007005764142446,0.20417822440214525,0.18628294360534045,0.20672654878258828,0.20274222556850163,0.0
0.20055658687883196,0.20367754855282424,0.18627530714189383,0.20711225209229533,0.20237830533415463,0.0
0.19966747779532648,0.1978677956874112,0.18892991251137975,0.20890666275646064,0.20462815124942196,0.0
0.1984065213760983,0.20124241221922642,0.18525478987974126,0.20891280324270947,0.20618347328222458,0.0
0.2021822025322337,0.20058746514043838,0.19085221739269853,0.20882263350458613,0.19755548143004337,0.0
0.19908558661124565,0.1992080895216529,0.18739721079539748,0.20741473358384788,0.2068943794878562,0.0
0.20077695170751195,0.2012815353346871,0.18939236005584026,0.2074004999902743,0.20114865291168632,0.0
0.20014268972494784,0.19899426690141717,0.18929033061226846,0.20780903050749677,0.20376368225386968,0.0
0.20113643756783026,0.2015622107697427,0.1906315694522065,0.20462767483453123,0.20204210737568937,0.0
0.19604668816938653,0.20282080061329782,0.185774071542585,0.20785681280181872,0.207501626872912,0.0
0.19806380565678658,0.20284594608020054,0.18679113385201077,0.21139063434542185,0.20090848006558015,0.0
0.19743947581777896,0.2002324317603173,0.1863357643117445,0.20720228200445456,0.20879004610570467,0.0
0.19877614208886132,0.19818994281467425,0.1884190851537862,0.21329748492419842,0.20131734501847975,0.0
0.1992187328197392,0.20310096431586935,0.18677364745810363,0.20495076015328614,0.20595589525300176,0.0
0.19804920061556944,0.20272728087488173,0.18504532782170427,0.2084553507355538,0.20572283995229074,0.0
0.19745511124357948,0.1987987328939397,0.18547711770973038,0.20940647095778306,0.20886256719496724,0.0
0.20079257835963107,0.19999576728098362,0.188319406092903,0.2087519209660979,0.2021403273003844,0.0
0.1994192884908205,0.20545859585490064,0.18790378035532654,0.2041869441138587,0.2030313911850937,0.0
0.19930537298703868,0.2007686555215551,0.18715124245408604,0.20922364963887333,0.2035510793984468,0.0
0.1973063303392647,0.19753146726199797,0.1896403507105189,0.21197851680182558,0.20354333488639278,0.0
0.19924235280214325,0.1991902577400702,0.18867352710983482,0.211670988326283,0.20122287402166855,0.0
0.20301320018191882,0.1944034697153908,0.19903307600346132,0.20456994268195586,0.19898031141727304,0.0
0.20297826227400373,0.20512550753066727,0.18764073250081473,0.2060132972551246,0.19824220043938978,0.0
0.19674370892604137,0.20142622725855874,0.18713629094523462,0.2083540156247349,0.20633975724543047,0.0
0.19957511931134692,0.200477726723676,0.18801598948584006,0.2095286791171976,0.20240248536193944,0.0
0.19884515802769823,0.20613427375458693,0.18600049268124755,0.20568814176549827,0.20333193377096906,0.0
0.20282962056020168,0.20273534304676913,0.1900886472505123,0.20415884884265076,0.20018754029986616,0.0
0.20318250136584515,0.2000586924117485,0.18972713701086488,0.20820301221269877,0.1988286569988427,0.0
0.20044088837354435,0.20338413455217297,0.18851443614372668,0.20524602800009198,0.2024145129304641,0.0
0.19937778576275503,0.20393577498912888,0.18957498115447646,0.20475002748976134,0.20236143060387835,0.0
0.19896921716487714,0.20453640849479762,0.18408092890422573,0.20922166534518494,0.20319178009091451,0.0
0.19723238683338226,0.20373618609209385,0.18514859076171777,0.20872279672256788,0.20516003959023818,0.0
0.2006822421958588,0.20306612373266655,0.18604095490177566,0.2058801606459427,0.20433051852375622,0.0
0.19899950905142352,0.19967483159762392,0.1894831969207909,0.20543861505123934,0.20640384737892242,0.0
0.19909928335025626,0.19465343807920243,0.19309715386165946,0.20878008052494487,0.20437004418393695,0.0
0.20007407293491764,0.19946025533007555,0.1867534513165903,0.20780507442177104,0.20590714599664553,0.0
0.1987830301515601,0.19758365371043435,0.1919166174931655,0.20816482714055953,0.20355187150428064,0.0
0.20218448637737957,0.20651258143028176,0.18928243808189868,0.20550689248488385,0.1965136016255561,0.0
0.1991539058252726,0.20038562048128775,0.1854751406937751,0.21091128029633716,0.2040740527033273,0.0
0.20195609426303882,0.2058990380885239,0.18574186038693216,0.20557388895042897,0.20082911831107622,0.0
0.2000355691362436,0.20067235729666785,0.18832060477047982,0.21000495920891368,0.20096650958769502,0.0
0.19924099140910487,0.20425115327343374,0.18808018519787598,0.20490076841841662,0.20352690170116872,0.0
0.19948964127028254,0.2034832878900743,0.18790619888115986,0.20496989135331162,0.20415098060517164,0.0
0.19926912416342912,0.20102975846330026,0.19024273031037633,0.20887234345403047,0.20058604360886392,0.0
0.1972326373345165,0.1936036892865254,0.19232379288875004,0.21427033738735166,0.20256954310285635,0.0
0.20016986445070925,0.20224265586584603,0.18429819087137175,0.20860223132819544,0.20468705748387764,0.0
0.20078894630705343,0.20351096954389947,0.18636942993157618,0.20753295830007693,0.20179769591739394,0.0
0.20133632755680086,0.19949999937174978,0.18546262191377044,0.20837841280005506,0.20532263835762402,0.0
0.20159399496436234,0.20492002618618912,0.1852740879629449,0.20771234868274016,0.20049954220376337,0.0
0.19547845885540177,0.2023890104356938,0.19027788802785897,0.20880750064490297,0.2030471420361424,0.0
0.19887603274127516,0.2026531026371304,0.18280913057099218,0.2096512830931352,0.206010450957467,0.0
0.19950457082081116,0.19855949920205512,0.1885762851474556,0.20934400879589848,0.20401563603377965,0.0
0.20121869744632367,0.19934457939767466,0.18763383572164502,0.20744043357224393,0.20436245386211277,0.0
0.19597111673819836,0.2052305158737097,0.18719159975121302,0.20989116299919705,0.20171560463768187,0.0
0.20074099472794674,0.2016783034074967,0.18872081100787083,0.20561327648680056,0.2032466143698853,0.0
0.20022039635167255,0.20124276956498455,0.1852138776939574,0.2091832561013328,0.20413970028805267,0.0
0.19967490829946186,0.19693326966871008,0.18854890860485538,0.20700242886376125,0.2078404845632114,0.0
0.19626629776817903,0.2023565964382707,0.18817263871352394,0.20734009533472691,0.20586437174529942,0.0
0.2009241287401198,0.19949846564274712,0.19119936940316212,0.20969839073360924,0.1986796454803617,0.0
0.19939755776336254,0.20106022290206152,0.1859814224289831,0.21133559161538715,0.20222520529020566,0.0
0.1994312403865509,0.20424548674501897,0.18762437443261198,0.20604287143255753,0.20265602700326066,0.0
0.19775681914491222,0.2017508900922652,0.1829828874047174,0.20839511020589585,0.2091142931522093,0.0
0.19847526413993238,0.2027845361780864,0.18587783797938687,0.20802610340010377,0.20483625830249058,0.0
0.20109287762532138,0.19797138764269687,0.18963651132162346,0.2106965581474927,0.2006026652628656,0.0
0.2049980586688941,0.20341274683978353,0.19546822011928464,0.2000776223858208,0.19604335198621697,0.0
0.1985306454257466,0.19880159152795476,0.19430295767331082,0.20533823601796022,0.20302656935502747,0.0
0.2009956390671463,0.20039395631643767,0.18283741473203854,0.2080678324309663,0.2077051574534113,0.0
0.20041532119997796,0.20170509327927696,0.1872763060235883,0.20796393205818303,0.20263934743897383,0.0
0.2011839345447572,0.19786190199131698,0.18860689726598803,0.2083686634224994,0.2039786027754384,0.0
0.1998092418233665,0.2028925474057462,0.19003741306356328,0.20434273859529925,0.20291805911202485,0.0
0.1990345594039908,0.20353227138166397,0.18707769925012283,0.20640653975287454,0.20394893021134777,0.0
0.19841656677923908,0.2024519250705964,0.1976463198886543,0.20142712920626393,0.20005805905524635,0.0
0.1995742508600682,0.20188639967836566,0.18899404930320132,0.20538393599518437,0.2041613641631804,0.0
0.19911213064308422,0.1968637628186324,0.18929524576779427,0.21275967140322685,0.20196918936726238,0.0
0.1964422389126041,0.19839613128817374,0.1876888689727206,0.20880683651347764,0.2086659243130239,0.0
0.20017752228264038,0.2004819417895584,0.1844644634062726,0.2111859628975014,0.2036901096240272,0.0
0.19688330404300555,0.20375827751112197,0.18745183011363664,0.21213430524114293,0.19977228309109282,0.0
0.19891512536124678,0.20080212359141167,0.19011608660404558,0.20717720751501362,0.20298945692828246,0.0
0.19954588789888938,0.20184644001665256,0.18785947040783554,0.20868357672235663,0.20206462495426583,0.0
0.1988190985771188,0.20001882318415817,0.18735469370048127,0.20926525673080215,0.2045421278074396,0.0
0.20099306108263326,0.1996300327160568,0.18956587041966735,0.20766690185529924,0.20214413392634328,0.0
0.2000709004048231,0.2047429355160012,0.18394697579630667,0.20757799595445237,0.20366119232841667,0.0
0.201009521728507,0.20124709074857053,0.18638899866308042,0.20677507518451427,0.20457931367532786,0.0
0.19744672950775444,0.20253602398289014,0.1848476306205311,0.20759262792932998,0.20757698795949425,0.0
0.1986874252619396,0.19344705090359082,0.19552413217093229,0.20959646770585322,0.20274492395768404,0.0
0.19639652218972672,0.19165521481567124,0.1939043880010525,0.2134581750097844,0.20458569998376516,0.0
0.19991975140155083,0.20345441531658887,0.18784102634366281,0.20795598841422347,0.20082881852397402,0.0
0.20197338197874448,0.19711770543462578,0.1886942701585118,0.20723298882767066,0.2049816536004472,0.0
0.19736050598638516,0.20123553215620646,0.1857415176294457,0.21070719063387935,0.20495525359408331,0.0
0.1963867547388616,0.1990343502775923,0.1880481659094855,0.21029028289200402,0.20624044618205672,0.0
0.19728211743313404,0.2055702018523433,0.18302350351105065,0.20937109758521735,0.2047530796182547,0.0
0.1981068245897171,0.20170208258720654,0.18522314251642058,0.21031277793525935,0.20465517237139635,0.0
0.1986130132153404,0.2055004057071662,0.18732768185824142,0.2064790286777207,0.20207987054153123,0.0
0.20404647826540498,0.20002698172319955,0.18659040987767225,0.21106136942078962,0.1982747607129334,0.0
0.19683691751991558,0.20074080313623507,0.1891943868126761,0.20927686689353978,0.20395102563763348,0.0
0.19552423675277425,0.19519959048558436,0.1979026268218663,0.20864442223301014,0.20272912370676482,0.0
0.19989646502965022,0.20336098420378593,0.18605231008254325,0.20788774421783185,0.20280249646618867,0.0
0.2007422440324898,0.19971116652906476,0.18297232530746402,0.21036827328477628,0.2062059908462051,0.0
0.1987485801608764,0.19701703096813022,0.190515447914113,0.20909515324218386,0.20462378771469675,0.0
0.19810738283766666,0.20009851812445786,0.1877185838494243,0.20603749869463153,0.20803801649381973,0.0
0.2008764045465185,0.1996673136823205,0.19249605028872893,0.2056423120418452,0.2013179194405868,0.0
0.2028013971450793,0.20269851812123166,0.18839793354373463,0.207465260000414,0.1986368911895405,0.0
0.19813186582451348,0.20006698781773702,0.19087117683320157,0.20750389698819913,0.20342607253634876,0.0
0.1983953808564887,0.2022677887924235,0.18623421615991437,0.20675976038311938,0.2063428538080541,0.0
0.20558432285283626,0.2034013145490756,0.1866505489504319,0.20501245159851128,0.19935136204914491,0.0
0.19840786908327304,0.20188151431336024,0.18807509568958342,0.20957389575326726,0.20206162516051604,0.0
0.19938985011376373,0.20092248166247387,0.19011275013853618,0.20863422582350466,0.20094069226172148,0.0
0.19579995948831866,0.19789932156815393,0.18936076069800803,0.20908076842713771,0.20785918981838153,0.0
0.1968139996318229,0.1935370381024937,0.19449241347299454,0.20951441763817477,0.20564213115451416,0.0
0.19937156510358228,0.20025640397743888,0.19115369814046013,0.2059150648836885,0.20330326789483025,0.0
0.19870542404601418,0.20479118357633208,0.18713764493765445,0.20498190363510865,0.20438384380489058,0.0
0.198849940518034,0.19678123798669717,0.20060118335005214,0.20233575686458274,0.20143188128063402,0.0
0.19868409083517202,0.2009891929420195,0.1909255870580291,0.2081104033343175,0.20129072583046195,0.0
0.19899717389343297,0.20364973269722952,0.18993071389073618,0.20651102764038495,0.20091135187821646,0.0
0.201233975008298,0.20122158197134019,0.19112751437326425,0.20567713745321237,0.20073979119388513,0.0
0.20045693825464486,0.2015537125420993,0.18830523739352042,0.20787324148196595,0.20181087032776945,0.0
0.1987025867985833,0.20025890388035647,0.18359980582581467,0.21164629475009847,0.20579240874514715,0.0
0.1984795601925418,0.19880656776775726,0.1872198342142541,0.20918747088586198,0.20630656693958505,0.0
0.1993766944852189,0.1976979334185507,0.18678634477339517,0.20970415834228176,0.20643486898055344,0.0
0.20127587494451157,0.2009920188508476,0.18949667821793328,0.2071580227877123,0.20107740519899517,0.0
0.1990649668334474,0.20627100674916565,0.1852636662638712,0.2057573523862807,0.203643007767235,0.0
0.19760204439018328,0.1978047480093167,0.18824625060291686,0.20975233383384173,0.20659462316374144,0.0
0.19820198692448082,0.20057303161907608,0.18767102259358429,0.20793311493429584,0.20562084392856278,0.0
0.20023903078181976,0.19788623218158732,0.18842437977200788,0.211818383832663,0.20163197343192205,0.0
0.19960699396011486,0.20010088042421809,0.18739004100874063,0.20898006285744677,0.20392202174947968,0.0
0.19781287125377667,0.20331708838847518,0.18489603338701088,0.2092401974748747,0.20473380949586253,0.0
0.1991067537549457,0.20002534832944746,0.18650006272351166,0.20899272493174273,0.20537511026035246,0.0
0.20098117923037842,0.20233430267441216,0.18664781740191244,0.20641457245728267,0.20362212823601428,0.0
0.197955113233725,0.20266546520059148,0.18331306206156858,0.20950608420931136,0.20656027529480359,0.0
0.19816906967922016,0.18702174178912223,0.2078580174062454,0.20610368261080603,0.2008474885146062,0.0
0.19626706161015806,0.1983699111758815,0.186617594926025,0.20943055922845424,0.2093148730594811,0.0
0.1982672090558746,0.20029071506025173,0.18637695802861948,0.2053724482862331,0.2096926695690211,0.0
0.19681688817726511,0.20324207153642784,0.1854134582813672,0.2088653269156272,0.20566225508931255,0.0
0.19908624469676683,0.19799727020216443,0.18698819014491644,0.21071262510509395,0.20521566985105838,0.0
0.196870465202037,0.19710240644632046,0.19092434697693159,0.21005966625400765,0.20504311512070342,0.0
0.19949236056124917,0.19557327465766502,0.1927081561234805,0.21148680807454084,0.20073940058306444,0.0
0.1997355986026391,0.20045357650131584,0.18575794082879338,0.2080502551305971,0.20600262893665464,0.0
0.19900540980976678,0.1994469752647788,0.18955093481382063,0.21016328995658007,0.2018333901550538,0.0
0.1991066804999093,0.1980491994542327,0.18785109831733326,0.20934235949400384,0.20565066223452097,0.0
0.19860672935737445,0.20146197738972835,0.18718991259503712,0.20836305051568813,0.20437833014217188,0.0
0.1979307714679189,0.20584552762322056,0.1859148838249882,0.2056489370320254,0.20465988005184702,0.0
0.2000220556884439,0.20486909721002655,0.18582468417183653,0.20442862859372013,0.204855534335973,0.0
0.2013483475525364,0.1993772092477917,0.1886734389314408,0.20574524186086693,0.2048557624073642,0.0
0.19907662343181148,0.20507822954123028,0.1866441214691175,0.20522962621600835,0.20397139934183237,0.0
0.19725522155587077,0.19546977074100258,0.19052891585584017,0.21024366619870077,0.2065024256485856,0.0
0.19739382317734916,0.20195635687601396,0.18446292830707117,0.21096098744613906,0.20522590419342676,0.0
0.1980790783257652,0.2002424712392433,0.18801639384117497,0.2071555257884985,0.20650653080531803,0.0
0.19974519965811652,0.19842231561602827,0.18703911171250967,0.20951825776947464,0.2052751152438708,0.0
0.19772721402177065,0.2052907179033493,0.1881602355825783,0.20982825282916043,0.19899357966314132,0.0
0.20387898473512206,0.20459545109277877,0.18381622567099556,0.2052542675055348,0.20245507099556884,0.0
0.20282802076969036,0.19995954031026875,0.1887698874417978,0.21035729465384725,0.19808525682439593,0.0
0.19807023165749874,0.2048277370537661,0.1842879407375161,0.20692181977088478,0.20589227078033426,0.0
0.19984639251357952,0.20353173278161002,0.18964376898908875,0.20678381655090308,0.2001942891648186,0.0
0.19974499289458705,0.2017916131728437,0.18900185377208564,0.2065969719574832,0.20286456820300028,0.0
0.19938770984837198,0.1975980993410731,0.18926689796296975,0.21076876640346812,0.20297852644411693,0.0
0.19855643488793528,0.20648613637528002,0.1824104669256108,0.2076310665175169,0.20491589529365692,0.0
0.20287679254893853,0.20266828682304752,0.18508306137936859,0.20856919070900645,0.200802668539639,0.0
0.1999580609672139,0.20142827032758756,0.18841077941281836,0.20806688586072294,0.20213600343165716,0.0
0.1981047448292299,0.20208057862628906,0.18987487722660187,0.20807680068480947,0.20186299863306978,0.0
0.19793411849661965,0.19273168226401083,0.19339021546787508,0.21362094155862033,0.2023230422128741,0.0
0.19838282963717135,0.19816775800848963,0.1900849721958592,0.2069708783087077,0.20639356184977226,0.0
0.1997149046898672,0.19853022094460804,0.1897157744096286,0.2076490880065791,0.20439001194931697,0.0
0.20118828838262567,0.20099059505810196,0.18958425607561394,0.20687964085239888,0.2013572196312595,0.0
0.19977540974309632,0.20424922201978848,0.1865384634588646,0.20534657608546983,0.20409032869278074,0.0
0.1994364998207715,0.20253604135492356,0.18706886161605027,0.2080404485185465,0.20291814868970826,0.0
0.20307705273455645,0.20139432564869103,0.18450282630099318,0.2068030655597691,0.20422272975599018,0.0
0.1982669255640974,0.20073144321985928,0.1859674377719924,0.20751439096842259,0.2075198024756283,0.0
0.1973897245951174,0.2041529100695042,0.18582410272701141,0.207312274319802,0.205320988288565,0.0
0.19781405578563035,0.19992709616897134,0.1884287006520006,0.209316094454935,0.2045140529384628,0.0
0.19976236153631008,0.1977216105084758,0.19022913339781952,0.20987799796823156,0.20240889658916292,0.0
0.19839533737904894,0.20512385032528,0.18618964049797462,0.20675029345242438,0.20354087834527204,0.0
0.19920456459183852,0.20054804268401294,0.1846984556829283,0.21013456895236848,0.20541436808885175,0.0
0.19864766348325905,0.2051041602040967,0.18516389260363536,0.20640770040258263,0.20467658330642624,0.0
0.19788989859012032,0.2002176410944115,0.18810219278400458,0.207042572218976,0.20674769531248743,0.0
0.20374972178154716,0.1998252440923432,0.1923681395160224,0.20575664097774773,0.19830025363233938,0.0
0.20203839045177552,0.20115143593629972,0.1860249075531281,0.20769980821565884,0.20308545784313772,0.0
0.1984567480136579,0.20379531039684817,0.18538394227929605,0.21305752255719118,0.1993064767530066,0.0
0.19587184370008662,0.19693980124964214,0.19094573815968693,0.209313363077036,0.20692925381354846,0.0
0.1959900434145234,0.20308397804132572,0.18516886692354972,0.20848554955371168,0.20727156206688954,0.0
0.20329615712409296,0.2044183116483466,0.18648347700885157,0.20612171091861564,0.19968034330009338,0.0
0.1957911908315611,0.19965588624023764,0.186267905013772,0.21293590997690548,0.20534910793752364,0.0
0.20186512665884865,0.19827697472126216,0.19124939477425387,0.20746840228678656,0.20114010155884876,0.0
0.19717361700613462,0.19797121094749398,0.18830869105033873,0.20972978027300423,0.20681670072302838,0.0
0.20088047108103516,0.19830625298442098,0.18942505505343046,0.20999900027405308,0.20138922060706035,0.0
0.19831782145642957,0.20257646752528166,0.18718445688694463,0.20547604614591908,0.206445207985425,0.0
0.19894513416217896,0.20496162664818396,0.1838950622227713,0.20929493925020254,0.2029032377166633,0.0
0.2002125781249358,0.2030209460192131,0.18857227562141865,0.20689939160462376,0.20129480862980872,0.0
0.1972178239511026,0.20304262973151813,0.1879882512300601,0.2085737234091554,0.20317757167816367,0.0
0.20053244930381958,0.2023905740396497,0.18520049490419632,0.20760049236656603,0.20427598938576844,0.0
0.19731909591546373,0.20130841902130994,0.186812160836397,0.21016208803538708,0.20439823619144237,0.0
0.19915061547598215,0.20202004584373792,0.1860905518737584,0.20715070025507684,0.20558808655144473,0.0
0.19869405790026404,0.20315393622009859,0.18846402660777375,0.207435939292421,0.20225203997944263,0.0
0.19706728013353506,0.2015839777690498,0.18647458126752095,0.20974233762465927,0.20513182320523493,0.0
0.19711767317689985,0.2041606070048579,0.18368625656487372,0.2093615018046685,0.20567396144869987,0.0
0.19943589011238672,0.19955465031963146,0.18687659724679864,0.20954228901238908,0.20459057330879402,0.0
0.19458325588175096,0.1931383192275616,0.19334126477002608,0.21228358968356897,0.20665357043709232,0.0
0.19771754754353071,0.2059797567923191,0.18718227450906924,0.20657566778026967,0.20254475337481123,0.0
0.19881480198273999,0.19925735927960334,0.18714085950967194,0.21096103356215853,0.20382594566582624,0.0
0.2005927827088978,0.20108063584825503,0.1939688433176983,0.2005991153269923,0.2037586227981566,0.0
0.19827922958160424,0.2010334859537311,0.18596699892314683,0.2079028217910284,0.2068174637504894,0.0
0.19835337707443967,0.20443831623099173,0.18661145844830004,0.20763419763574012,0.2029626506105285,0.0
0.1977374624351365,0.2020907864625237,0.18492769178397972,0.20834679998981284,0.20689725932854727,0.0
0.19898135398497052,0.19354263352906967,0.19349067065246375,0.20984195717812756,0.20414338465536847,0.0
0.20190103764314826,0.20066813327057573,0.19579599066296183,0.20303718725223557,0.19859765117107867,0.0
0.19848567781433865,0.20172711942633478,0.18675941005222385,0.20954387115854686,0.20348392154855582,0.0
0.1989031622379444,0.20537156180028657,0.18615452092857251,0.20674086222145452,0.20282989281174207,0.0
0.1991772493124506,0.20340319367051177,0.18746742786519072,0.20734120501118258,0.20261092414066417,0.0
0.20001376003833338,0.19567799647580666,0.18635695212839518,0.2113302574859741,0.2066210338714906,0.0
0.19702519436512653,0.19971497435061294,0.1880572111939058,0.20856585918653933,0.20663676090381544,0.0
0.19898740267921028,0.19814844959429645,0.18828438007840165,0.2088228978788574,0.20575686976923405,0.0
0.19693462833883688,0.193073604739983,0.19548516488664144,0.20996538371328363,0.204541218321255,0.0
0.19680422568918035,0.19786852002491556,0.19456441104050476,0.20873440451567118,0.20202843872972814,0.0
0.19619567499542495,0.19699141265228637,0.19397113081512715,0.2115464834119162,0.20129529812524527,0.0
0.1987116472808382,0.1990951327657344,0.19158353252518487,0.20622622792914108,0.20438345949910153,0.0
0.2,0.2,0.2,0.2,0.2,0.0
0.1994667830092605,0.20056347803932462,0.18657361475350204,0.2069722173799573,0.20642390681795547,0.0
0.19774532331060735,0.1994151673184373,0.18528222149753612,0.2132418082137415,0.20431547965967778,0.0
0.19725289419250513,0.19738550474846286,0.19399193633061557,0.20722871135631435,0.204140953372102,0.0
0.19995074714924904,0.20188136155821673,0.18285220666040153,0.21096408480304116,0.20435159982909146,0.0
0.20444020803372792,0.2054040271393962,0.1867825095612264,0.20494298225376034,0.1984302730118892,0.0
0.1999587560893142,0.1937069692963845,0.19105573552962488,0.21042211343100495,0.20485642565367157,0.0
0.19959564880479544,0.19985627473425804,0.19084125077336023,0.20847169177805527,0.20123513390953113,0.0
0.20129884113584234,0.20521624573240307,0.1889925875949857,0.2046321169666278,0.19986020857014108,0.0
0.19747755037425616,0.20619912182512462,0.18395693724028928,0.20758272484271245,0.2047836657176175,0.0
0.2012404883451477,0.20048030268280345,0.18790756290582356,0.20821957505234456,0.2021520710138807,0.0
0.2037581816164902,0.19979514695025613,0.18863655284530886,0.20481341739119718,0.20299670119674765,0.0
0.20120817096383564,0.20341183807066412,0.18585198664267039,0.20624053197726622,0.20328747234556357,0.0
0.19820732418810721,0.19912504924330893,0.18594324763684988,0.20891421850774497,0.20781016042398895,0.0
0.2007183913155956,0.19892334737631026,0.1863675161636992,0.20815620765973222,0.2058345374846626,0.0
0.20436298069751282,0.20241280524025676,0.18893492853377883,0.20577151001901786,0.19851777550943375,0.0
0.2,0.2,0.2,0.2,0.2,0.0
0.19973616682026998,0.20337962616391886,0.18610661891020328,0.2063867156807831,0.20439087242482482,0.0
0.19937213877522758,0.19519368491133135,0.19116006532134655,0.2088929217187822,0.2053811892733123,0.0
0.1984294525100282,0.19889744589369232,0.18944453880284864,0.21101452983649596,0.20221403295693496,0.0
0.19717867203870182,0.20341914648341183,0.19030083122474703,0.2048320954692712,0.20426925478386815,0.0
0.20070812770551133,0.20150848500495036,0.18662210331663542,0.20961865548953823,0.2015426284833647,0.0
0.19602180273778458,0.20075430214960682,0.18470938876128737,0.20997827779358785,0.20853622855773335,0.0
0.1991375681331036,0.20040286528232312,0.18712340419776338,0.2103328350840842,0.2030033273027256,0.0
0.19790120373802997,0.20186867431238412,0.18529190750070268,0.21038598642855905,0.20455222802032424,0.0
0.19803060379036522,0.20043101857197676,0.1906409083715549,0.20729050411475378,0.20360696515134935,0.0
0.19870351064052696,0.1979778603663465,0.189919849780139,0.20648966970684124,0.20690910950614624,0.0
0.1986584013622615,0.19825137796490255,0.1873420110642258,0.20876974807240523,0.20697846153620492,0.0
0.1990556559134093,0.20005821403894242,0.18655901887129825,0.21117473515764146,0.20315237601870853,0.0
0.19789539198885114,0.2023682796846346,0.18585646694154384,0.2082960649202993,0.2055837964646711,0.0
0.20001494545262424,0.2034936572792503,0.18963614719472552,0.20383962663081215,0.20301562344258792,0.0
0.19691061116822212,0.19853407360653186,0.19259640389213264,0.20922826212923087,0.20273064920388245,0.0
0.1974606097263132,0.20009259170773688,0.18999825736453363,0.20846928537351855,0.20397925582789764,0.0
0.1973601327822776,0.19827065544104497,0.18930620607107917,0.21221177967655105,0.20285122602904718,0.0
0.20040340678363225,0.20030482176209258,0.18905474388125607,0.20733260165194478,0.2029044259210743,0.0
0.1985575419374688,0.20262002951745844,0.18496092409129095,0.20892396880903574,0.2049375356447461,0.0
0.19996101123682442,0.20283006544471952,0.1872463848324822,0.20677293591300697,0.2031896025729669,0.0
0.1992042831088462,0.20086416399621287,0.18714985894944722,0.2082395616969352,0.20454213224855847,0.0
0.20073967981710322,0.20306488118659813,0.1873624551706247,0.20625132557942297,0.20258165824625105,0.0
0.20008092274663766,0.19742819788884913,0.1930547227063124,0.20715909353724074,0.20227706312096,0.0
0.19972369205240956,0.20235327980313927,0.18920706857320302,0.2100146474448351,0.198701312126413,0.0
0.19917345951937138,0.2028251442868568,0.18792087183045442,0.2057171492343155,0.2043633751290018,0.0
0.19748267005266001,0.19579264997750753,0.18772020378839416,0.210701840115082,0.20830263606635638,0.0
0.2,0.2,0.2,0.2,0.2,0.0
0.19900360873540152,0.20562254936997118,0.18748649322866875,0.20680213168508751,0.201085216980871,0.0
0.19728834888021426,0.20013637933593137,0.18973342141546654,0.2113156838054508,0.20152616656293693,0.0
0.198415316303323,0.20513784829960255,0.1876340863771314,0.20470326541757444,0.20410948360236864,0.0
0.1985900848089024,0.1948356152080043,0.18948149614893894,0.21022935100735418,0.20686345282680008,0.0
0.19785065672322757,0.20385081065242244,0.19001192411109302,0.2044874392093787,0.20379916930387842,0.0
0.19860326785526553,0.19633823985644266,0.1903031183452422,0.21047775212739436,0.20427762181565545,0.0
0.19639652218972672,0.19165521481567124,0.1939043880010525,0.2134581750097844,0.20458569998376516,0.0
0.20431202282015265,0.20285797627247906,0.19195576492043465,0.20220696510907166,0.19866727087786187,0.0
0.20062474847345133,0.19964181975763232,0.18641729108932373,0.2097902186536711,0.20352592202592154,0.0
0.20041040448777162,0.20288942252192343,0.19192147205588192,0.20528884271588693,0.19948985821853613,0.0
0.19867468604267882,0.20255546467924898,0.18632339557620636,0.2094595653023854,0.20298688839948037,0.0
0.20058237380810584,0.20004716575672626,0.18903296492837102,0.2087736582143239,0.20156383729247296,0.0
0.2,0.2,0.2,0.2,0.2,0.0
0.19825356482892584,0.19341519718158257,0.19423694549572196,0.21020830193540738,0.20388599055836237,0.0
0.1988954154628255,0.20086077481577816,0.18802118222915784,0.21042443458894242,0.20179819290329606,0.0
0.19700238059525627,0.20496727484693597,0.18608476617495942,0.207617785917977,0.2043277924648714,0.0
0.20137076649637684,0.19667303472699116,0.18490539333723324,0.20782982626108865,0.20922097917831,0.0
0.2012280636104397,0.19969690762241285,0.19402676254661133,0.20636844067451895,0.19867982554601715,0.0
0.19759158483384312,0.2044284246517766,0.1868492293252198,0.20852866320523175,0.2026020979839287,0.0
0.19997168123055437,0.199706805826005,0.18713986637971392,0.21006328416715297,0.20311836239657377,0.0
0.20292330612095347,0.20732274532781858,0.19186690192725853,0.20020098785705898,0.1976860587669105,0.0
0.19805232831280747,0.20084506398800536,0.18785385795058046,0.21032306220872918,0.20292568753987772,0.0
0.20015864547194775,0.20189163032354585,0.1840048034305534,0.20949659043450963,0.2044483303394434,0.0
0.19631133115846106,0.19572121583698096,0.19226405929343188,0.21391447951861944,0.20178891419250652,0.0
0.2028061374539979,0.20184784777631984,0.18821397049314018,0.20382515730158562,0.20330688697495652,0.0
0.19945891539603142,0.2040620685799127,0.18566136197279398,0.20744196122998612,0.2033756928212758,0.0
0.19904120361734284,0.1955499653896831,0.1951987942993705,0.20692516439144207,0.20328487230216144,0.0
0.20158708972464662,0.19906871115496114,0.19305680254400956,0.20708948589358056,0.19919791068280215,0.0
0.20007616717351734,0.20016406870852657,0.18967942354010076,0.20713491805400028,0.20294542252385503,0.0
0.19800805764515045,0.19419045880931074,0.19255404903818688,0.2112650171890008,0.20398241731835115,0.0
0.19815678124887154,0.20249401732041455,0.1868017251688073,0.2066298087838468,0.2059176674780598,0.0
0.19993686197137964,0.20260276029570626,0.18804707146632538,0.21031501261581592,0.1990982936507728,0.0
0.19863953155148575,0.19886959176572594,0.1832691632562553,0.20973890352807595,0.20948280989845702,0.0
0.19920917626359663,0.1982227003930121,0.19077800693938513,0.2087012466452527,0.20308886975875348,0.0
0.198237578299055,0.2010628732058331,0.19017508497640537,0.20635770854495444,0.20416675497375217,0.0
0.19968082358214664,0.2012117855524955,0.18741077033859016,0.20548586727399634,0.20621075325277136,0.0
0.19739703631251637,0.2058278052990311,0.18404411799325282,0.20758116474480356,0.2051498756503962,0.0
0.1987164849147611,0.19946682367182336,0.18799869226488194,0.21067123324142056,0.20314676590711309,0.0
0.19869493330771176,0.20178955687559552,0.1855778052706603,0.2072006481592349,0.20673705638679749,0.0
0.19961517916784535,0.20356059140236282,0.1849657971440884,0.20714680198269433,0.20471163030300907,0.0
0.1974512224301349,0.2024583937161497,0.18987799796433708,0.20557987490344481,0.20463251098593369,0.0
0.200310358226842,0.2022901676021083,0.18763833831934265,0.20616969127106827,0.20359144458063885,0.0
0.198078108081499,0.19836674249052072,0.18950570536343248,0.2108038091912384,0.2032456348733095,0.0
0.19981596600611215,0.2046971888782275,0.182577397909155,0.20863103710829303,0.20427841009821238,0.0
0.19970210012024014,0.20371741529327597,0.18639168319116126,0.2057354538763727,0.20445334751894997,0.0
0.20257937026198353,0.20140693840944954,0.190648095667653,0.2033476040321975,0.20201799162871642,0.0
0.20049396392897517,0.20081402339386567,0.19463734902157334,0.20424977596952917,0.19980488768605667,0.0
0.19870566849923335,0.20239570739344637,0.1868646194091014,0.2066677246977611,0.20536628000045778,0.0
0.19601364668424323,0.19950314750725825,0.1889716159110008,0.20981229494609724,0.20569929495140046,0.0
0.19808632856733366,0.19753027606781734,0.19339906617111066,0.20840091251677115,0.2025834166769672,0.0
0.2022038905510819,0.19910333267609248,0.1841943985766567,0.20914208260197714,0.20535629559419188,0.0
0.19867466049087804,0.19720853627659585,0.19137340147420953,0.20713294911303476,0.20561045264528185,0.0
0.20431308670357518,0.20414877460631672,0.1857213558940445,0.2092596178579498,0.19655716493811382,0.0
0.2016969308008351,0.19873170560433398,0.19024501914739284,0.2085621294238588,0.20076421502357927,0.0
0.19800710675464905,0.1976646356473446,0.19211891035981105,0.2101801530423353,0.20202919419586007,0.0
0.19820337500883248,0.20333212868623388,0.18461245770199353,0.20992632971670083,0.20392570888623934,0.0
0.19639652218972672,0.19165521481567124,0.1939043880010525,0.2134581750097844,0.20458569998376516,0.0
0.20231890693744226,0.20189251553522097,0.1924426234798569,0.2046960213424766,0.19864993270500328,0.0
0.20050772294871033,0.20340304567681822,0.18762053664210174,0.20609693922617175,0.20237175550619793,0.0
0.20340413782151986,0.19925763574259162,0.1988314334363325,0.2002720396704615,0.1982347533290945,0.0
0.20005696750414054,0.2036245654042323,0.18192042019215957,0.20912331803632914,0.20527472886313863,0.0
0.19600310578520191,0.19821744253699475,0.19248466759323737,0.21043819864109284,0.20285658544347307,0.0
0.1986544438587892,0.20248976706148272,0.18869615885636812,0.2080182335765253,0.2021413966468347,0.0
0.19796940814867053,0.18610801604331756,0.20840936879488636,0.20677135549642792,0.20074185151669763,0.0
0.19437479104050534,0.20027176067033187,0.1868837762008269,0.20962352444693222,0.2088461476414037,0.0
0.19677490168049128,0.20352276110713713,0.18389724721459527,0.21084289256372646,0.20496219743404984,0.0
0.20156767485178967,0.19898611805931365,0.18859770359479597,0.2049937145087649,0.20585478898533574,0.0
0.1992591997615145,0.19972816015139466,0.18367126998084848,0.20872044738750076,0.20862092271874158,0.0
0.1965680230524004,0.201063674842741,0.18901149481549784,0.20947662926202418,0.2038801780273366,0.0
0.19930442109032467,0.20184068276892786,0.18939650476311673,0.21145017924306164,0.19800821213456904,0.0
0.198482684475019,0.1993614643945921,0.19138468439875092,0.20669825143521292,0.20407291529642507,0.0
0.2004666175729562,0.19743431970384287,0.19195295383617875,0.20915865684175444,0.2009874520452677,0.0
0.20007986532774696,0.20325309780760653,0.19005737519985957,0.20459235894126657,0.20201730272352036,0.0
0.2001174171419631,0.2043923597955446,0.18778996413113175,0.20438759943570195,0.2033126594956587,0.0
0.1982525707652776,0.19831966247894445,0.18894061071635485,0.2115849574675058,0.20290219857191719,0.0
0.19842417130695952,0.20256751194018405,0.18780227960788193,0.20562131652567006,0.2055847206193045,0.0
0.19923332935108845,0.20264923802573664,0.18802518964804854,0.20563197577453862,0.2044602672005878,0.0
0.20073962754573832,0.2009800724993315,0.18684164009102336,0.2050997668678885,0.20633889299601835,0.0
0.1998134076362241,0.19766334221856194,0.18888565826775772,0.2089736275714941,0.20466396430596218,0.0
0.19919164861406757,0.20450053719494837,0.1863386883327416,0.20585134838863411,0.20411777746960838,0.0
0.2,0.2,0.2,0.2,0.2,0.0
0.19903878103016726,0.2030372704396924,0.18543897442118343,0.20753277462525746,0.20495219948369944,0.0
0.20073401965319376,0.20202581963121394,0.18786239142057487,0.20775245661333044,0.201625312681687,0.0
0.19658770125869196,0.19624125564950437,0.18895775866128162,0.21056746494716044,0.2076458194833617,0.0
0.19851744716416675,0.20013328987995263,0.1907482029680337,0.20855753200396987,0.20204352798387704,0.0
0.19455809219056444,0.20163340239488078,0.18949720812982424,0.21110659822762468,0.20320469905710584,0.0
0.1953075841371619,0.19967289379545958,0.19097373773019144,0.20964373442922768,0.20440204990795927,0.0
0.2011229839061642,0.19989619101416925,0.1853827418652796,0.20889367861898264,0.20470440459540437,0.0
0.19740889057051228,0.2038285183700115,0.1880421301771302,0.20940761550810744,0.2013128453742385,0.0
0.19622023597728794,0.20229048227114566,0.18622664380504017,0.2098927723179384,0.20536986562858778,0.0
0.19530034375315522,0.19470736823794663,0.19298821553131612,0.21214099823525712,0.20486307424232497,0.0
0.2006302073765732,0.205686189017994,0.18701471116625845,0.20709037370858008,0.19957851873059432,0.0
0.19809199054267407,0.20319893537376518,0.18802034330815937,0.2091163616137889,0.20157236916161242,0.0
0.19699456327915255,0.20468820404728721,0.18983417122146265,0.20696331723601868,0.20151974421607893,0.0
0.19696143433439506,0.20261869012530134,0.18436199339949336,0.20975146456287086,0.20630641757793933,0.0
0.20122512799679693,0.19541567588929667,0.1901591020545892,0.21158177415999338,0.201618319899324,0.0
0.19970528933753723,0.1980028607368526,0.18973696944092383,0.21017895079145643,0.20237592969322982,0.0
0.19799577251725553,0.2018044020910625,0.18949618349176273,0.2080151092457217,0.20268853265419753,0.0
0.2006178024070146,0.20008912060755119,0.19008493776982843,0.20866950598310288,0.2005386332325028,0.0
0.199716306170172,0.20392220002061504,0.18835208883463286,0.20561093761683844,0.2023984673577416,0.0
0.19796940814867053,0.18610801604331756,0.20840936879488636,0.20677135549642792,0.20074185151669763,0.0
0.19830658086445416,0.19970770046602987,0.1843637430304197,0.2082620219741806,0.2093599536649156,0.0
0.20180713337037484,0.1956032428988714,0.19056560641275655,0.2097669907816077,0.20225702653638952,0.0
0.19863198365997647,0.2056422556911275,0.18388244776300275,0.2066154049795336,0.2052279079063595,0.0
0.1948024715962463,0.1945110093970992,0.19508254561583108,0.2106282224279417,0.2049757509628817,0.0
0.1969990826618708,0.1986222065902836,0.19054792789053449,0.20637903036038918,0.20745175249692205,0.0
0.2,0.2,0.2,0.2,0.2,0.0
0.1971207394701225,0.20285483530415127,0.18581890988949032,0.21111343002020752,0.2030920853160283,0.0
0.2001431623855289,0.19983065015747947,0.18502577644225474,0.20639441048285015,0.2086060005318868,0.0
0.20147018942345243,0.19809650323876554,0.19245283903554836,0.20771125775959462,0.20026921054263908,0.0
0.2003002511036651,0.19901247889048734,0.18388803357467387,0.21076700662128284,0.20603222980989072,0.0
0.19711409985614686,0.2039750874610129,0.18835239756622074,0.20796907305663662,0.20258934205998297,0.0
0.1989780342436332,0.19999344519642967,0.18937067052533876,0.2047952880824793,0.20686256195211902,0.0
0.19656440515837437,0.20080494345136646,0.18726245798484845,0.2112423441020284,0.20412584930338215,0.0
0.2,0.2,0.2,0.2,0.2,0.0
0.19832297290818246,0.2055050767509451,0.18531354028343683,0.20626622693745505,0.2045921831199806,0.0
0.19662693303254694,0.1998924642470049,0.18382172447610384,0.21152214977883183,0.20813672846551248,0.0
0.19881578358516805,0.2009577018662676,0.18564133380881798,0.20967350699020365,0.20491167374954278,0.0
0.20075747691042445,0.20192221246940084,0.18675429925146525,0.2043963641639418,0.20616964720476774,0.0
0.20005669444310198,0.20279448717868492,0.18934825181011858,0.20395889807710968,0.2038416684909849,0.0
0.19712804186665012,0.19137772083161117,0.2031932433607749,0.20673892228962515,0.20156207165133874,0.0
0.20049965660141658,0.20208364211024055,0.18420965725471308,0.2069184216000818,0.20628862243354812,0.0
0.20028412776879792,0.19783910591894358,0.18851350155816549,0.21051308266097551,0.20285018209311745,0.0
0.2033973219485741,0.2039176114125571,0.1878564311958181,0.20695697602257396,0.19787165942047663,0.0
0.19788228344399147,0.20198398872795514,0.1875246339431795,0.20715928293362296,0.20544981095125106,0.0
0.20407882442086592,0.2035512330877756,0.18544187457357955,0.2063624519675544,0.2005656159502245,0.0
0.19773422751738456,0.18925331739952223,0.20681805746614706,0.20458069703516862,0.20161370058177758,0.0
0.19822916060181373,0.20048839479158137,0.18821560943123694,0.2089071322780073,0.20415970289736066,0.0
0.20190621543907505,0.2007514637531255,0.1905695281945629,0.20676261553275968,0.20001017708047683,0.0
0.20001243360742096,0.20439705709006786,0.18589257168158166,0.20375813567064407,0.20593980195028536,0.0
0.19860554432540248,0.20319762184310367,0.18881904819873677,0.206921808255182,0.2024559773775752,0.0
0.20661548459547957,0.20412981034582278,0.18741777262098125,0.20582501442650805,0.19601191801120849,0.0
0.19903519136473233,0.20093348866941155,0.18837377613080752,0.2054945729910003,0.20616297084404833,0.0
0.20167686046460556,0.20075104868737648,0.1857198472588364,0.20879137694737432,0.20306086664180725,0.0
0.2026653606281708,0.20159348691784365,0.19063209787673074,0.2070381390351185,0.19807091554213632,0.0
0.19862205840127195,0.1996446196787432,0.18486546005175444,0.2128803518853113,0.20398750998291904,0.0
0.19814665897479486,0.19723030624149793,0.1888357812869873,0.21246581986034807,0.2033214336363718,0.0
0.19870920706147924,0.1992293937681615,0.18472351291728256,0.2115529209209023,0.20578496533217447,0.0
0.19702901155861674,0.19760053394160138,0.19415403057650932,0.20943529482574902,0.2017811290975236,0.0
0.20035598652702524,0.20334071801347256,0.18635128077813834,0.20701899887510108,0.20293301580626288,0.0
0.1990424692212849,0.20093827036742667,0.18790091636517817,0.2064018090071077,0.2057165350390025,0.0
0.19781104615001022,0.19667920471930866,0.1937925139311288,0.2114375972711396,0.2002796379284126,0.0
0.1964868678576972,0.19986413829690408,0.18607421363484758,0.21021677298969974,0.2073580072208514,0.0
0.19861741407321537,0.1977008477482226,0.1874842489801335,0.20948812651024631,0.2067093626881822,0.0
0.19820691875308294,0.19931623342768853,0.19141273965470626,0.20973759773081216,0.20132651043371022,0.0
0.2002886387650798,0.20174622090577146,0.18673568557796014,0.2065658828223115,0.20466357192887707,0.0
0.19897479458014997,0.20200873966072846,0.18734871671444378,0.20881451837493895,0.2028532306697388,0.0
0.19963486530043856,0.20264034696595884,0.1851784813367845,0.20867375965477222,0.20387254674204594,0.0
0.2004236471246254,0.19505840163995652,0.18990720770018588,0.21273601288001173,0.20187473065522044,0.0
0.19964764187660922,0.20180039096458724,0.18622484351584226,0.20665066411828237,0.205676459524679,0.0
0.19899996049368254,0.19922544014061305,0.19433414010570935,0.20846353280199056,0.19897692645800447,0.0
0.19934405013322484,0.1989983854530121,0.1895673282343266,0.20853278877316136,0.20355744740627518,0.0
0.19757130096146924,0.20394772535160366,0.18385466641267006,0.20866987970648693,0.20595642756777016,0.0
0.19831747787805815,0.2009990742058445,0.19117264486853294,0.208357752589864,0.2011530504577004,0.0
0.19794838754928978,0.1968872046215416,0.1910142652851053,0.20733146307344405,0.20681867947061927,0.0
0.19820063661869874,0.20369357061175025,0.18413941495682082,0.20697838054157644,0.20698799727115375,0.0
0.20120999994704553,0.1997103108067922,0.1861371441122752,0.21190457442291252,0.20103797071097457,0.0
0.1998204463808855,0.20124698914094258,0.18871854151563683,0.20955545317555968,0.20065856978697538,0.0
0.20018011285097395,0.200834529527965,0.18791775676403957,0.20918076221517395,0.20188683864184762,0.0
0.19830986366701087,0.19513004428572608,0.19144967079909964,0.21018531548707398,0.20492510576108944,0.0
0.19770855869217194,0.204877618895343,0.18740876558818548,0.2059586752673663,0.20404638155693322,0.0
0.19871917631910946,0.20496289153623215,0.18772399098952128,0.20622656455728158,0.20236737659785556,0.0
0.19845979763198623,0.20245550476994564,0.18908501920762055,0.20833532341225064,0.20166435497819699,0.0
0.20271032218111903,0.20168290433455943,0.19212341783768175,0.20349468021105083,0.19998867543558907,0.0
0.1990903914307433,0.20424682336443242,0.18820752352092926,0.20486771219400557,0.20358754948988944,0.0
0.19990849788605655,0.20182724313777028,0.18772892099007568,0.2085951578462984,0.20194018013979909,0.0
0.2011628614657229,0.20035043578343648,0.1873902291557761,0.21049600413141906,0.20060046946364546,0.0
0.19818197464935985,0.18929015008194264,0.20820813558771695,0.20512086538965807,0.1991988742913226,0.0
0.19755343595804067,0.20225476877936582,0.18757830350580823,0.20663370845054022,0.205979783306245,0.0
0.19776854550054265,0.19930969700063483,0.19010865019368917,0.20962942272955642,0.2031836845755768,0.0
0.1990508275052785,0.19782244844971114,0.18933466286768447,0.20817821493722746,0.20561384624009846,0.0
0.20030313467361302,0.20119549617437407,0.18932932841189248,0.20495103616456772,0.2042210045755527,0.0
0.2005261863735472,0.2013936942902084,0.1828589611220829,0.21145603912573832,0.20376511908842318,0.0
0.19775936884695214,0.202472112001997,0.18742632913223972,0.2077458994109934,0.2045962906078177,0.0
0.19798606743776823,0.19291769724504332,0.19148000453479327,0.21108584883499373,0.20653038194740136,0.0
0.19765626112744417,0.2057562777374693,0.18616515765018352,0.20550170928956757,0.20492059419533548,0.0
0.20049471291676127,0.20449595301422405,0.18570134022462745,0.20683859749901054,0.2024693963453766,0.0
0.19968867432997722,0.20434524169117055,0.18645493775716132,0.2059315045393804,0.2035796416823105,0.0
0.1975911782453413,0.1982241820111433,0.18763094984304968,0.21040893462563107,0.2061447552748346,0.0
0.20116450029898128,0.1979894264411495,0.1902968443113853,0.20666795044633876,0.20388127850214505,0.0
0.1979521514647425,0.19949797314155474,0.18872323879829478,0.2101938285529364,0.20363280804247172,0.0
0.19691323523163928,0.2041619388402267,0.18501995794377693,0.21104281954179133,0.2028620484425658,0.0
0.20110943473809728,0.20148092016086275,0.1974276015452855,0.2016370536014728,0.19834498995428176,0.0
0.19928923656325073,0.2062767195556861,0.18612788348946163,0.20550493222088545,0.2028012281707161,0.0
0.19734875811791272,0.20209133174051871,0.18717597337529826,0.2099610067026561,0.2034229300636142,0.0
0.1956740091707437,0.20213417572345277,0.18616249600088988,0.211774625282619,0.20425469382229458,0.0
0.19942145110021112,0.1939213467402132,0.19133060900819202,0.2116402646998302,0.20368632845155346,0.0
0.20006938074554337,0.20354793899625376,0.19014493595141538,0.20595363566189367,0.20028410864489377,0.0
0.19783121488740635,0.20485273028498632,0.18486820861118514,0.20568736303973642,0.20676048317668574,0.0
0.20155447146688926,0.20533427599518567,0.18512020775647062,0.20482350313598052,0.2031675416454738,0.0
0.2,0.2,0.2,0.2,0.2,0.0
0.19712804186665012,0.19137772083161117,0.2031932433607749,0.20673892228962515,0.20156207165133874,0.0
0.1991377418719635,0.19775993085784638,0.18879833438027363,0.20930077796730087,0.20500321492261553,0.0
0.19615345128621503,0.20699102688944573,0.1864972639504209,0.20482527427887678,0.2055329835950414,0.0
0.19735005662036414,0.20405638430159587,0.18536107502095373,0.20929097367531935,0.2039415103817669,0.0
0.1995694044928544,0.20399150608223798,0.1896915550962103,0.20428269558521925,0.20246483874347815,0.0
0.19801995963282792,0.19919586464214775,0.18703903442050285,0.208682728774962,0.20706241252955962,0.0
0.1986450758473094,0.20516365839344436,0.18699611114457076,0.2061638665683119,0.20303128804636358,0.0
0.19809261027274563,0.20009511991261544,0.18395382340380023,0.21024525891347767,0.20761318749736113,0.0
0.1988961273038286,0.19658514229547142,0.19072029511072547,0.20993502354667004,0.2038634117433045,0.0
0.20327408653913095,0.20226190493840776,0.18793932783753572,0.20655113552414978,0.19997354516077576,0.0
0.1980964326621509,0.19812871885016,0.18800934831084096,0.21207000172194926,0.20369549845489873,0.0
0.19863536614241134,0.200925522740683,0.18598156501144097,0.2110679849825331,0.20338956112293158,0.0
0.20288609394863757,0.20024349026526173,0.1868934360807387,0.20525788644799492,0.20471909325736706,0.0
0.19914569824410597,0.20171814421197976,0.18745009273248492,0.20699562484147976,0.20469043996994948,0.0
0.19575437907782928,0.2051976957168185,0.1834901242077825,0.2081267056715809,0.20743109532598872,0.0
0.1966148482104665,0.20167677283586838,0.18554825548466675,0.2091805419889429,0.2069795814800555,0.0
0.2006112428329756,0.19998100638193858,0.18569901514527845,0.20725580396999171,0.20645293166981554,0.0
0.19778062854309986,0.20582428498617114,0.1838746043807096,0.2082515768176706,0.20426890527234892,0.0
0.1981390821576132,0.20141829890113477,0.18887817721445838,0.20890949376064988,0.20265494796614386,0.0
0.1995643972798006,0.20092626011078363,0.18778905554490857,0.2084446378915234,0.20327564917298374,0.0
0.19863695511314505,0.20554791272539422,0.18542254774242034,0.20730628088793354,0.20308630353110693,0.0
0.19682946637379195,0.19712405045119924,0.18908123691282086,0.21049371186374402,0.206471534398444,0.0
0.19765689166138925,0.19986202807128364,0.18828845328919075,0.20862964062182518,0.20556298635631115,0.0
0.1984739183033088,0.19927821496188639,0.18824233346834662,0.21314786614035489,0.20085766712610334,0.0
0.19891038088067295,0.19798210008901126,0.18535574099778632,0.21119174416077494,0.20656003387175445,0.0
0.19946022871831162,0.20633242950776898,0.18686324279417196,0.2034847154825814,0.2038593834971659,0.0
0.19819327887241067,0.20146113157968049,0.18893710969738525,0.2064086372352893,0.2049998426152342,0.0
0.20148196184121667,0.20089209100723174,0.1858359242688864,0.20904216716303248,0.20274785571963275,0.0
0.1986702579998501,0.20623583053980185,0.18656352645321256,0.2052248997701441,0.20330548523699138,0.0
0.19888273414969765,0.19671577737737753,0.1907161868176672,0.21132202605345315,0.2023632756018046,0.0
0.1992580389459884,0.20385209963825845,0.18802794294945002,0.2054510082767425,0.20341091018956065,0.0
0.1999830873171552,0.19942644702389095,0.19096003803602918,0.20750882398251067,0.20212160364041407,0.0
0.20108716539139684,0.20236160552021484,0.18665941705767425,0.20742569313064835,0.20246611890006574,0.0
0.19820026487272235,0.19556704933702862,0.1903821388728121,0.20774280377742674,0.20810774314001024,0.0
0.1965166309306519,0.20193798159676746,0.183180812942834,0.20858875675942118,0.2097758177703254,0.0
0.1980227379442683,0.195344273125351,0.19016425126603678,0.21302885562033047,0.2034398820440134,0.0
0.19880087516322809,0.19815511265894714,0.18829332759469825,0.2097442634491983,0.20500642113392822,0.0
0.2007493107784369,0.19963372703801582,0.18587960195402098,0.21026548611604923,0.20347187411347709,0.0
0.19899839977049733,0.200518515864439,0.19083243720889345,0.20734368908387552,0.20230695807229476,0.0
0.19988835020449383,0.20392040531000707,0.18942138559344762,0.20524222511687318,0.20152763377517835,0.0
0.202575682931154,0.19871521572068385,0.1852532766552166,0.2129087309146768,0.2005470937782686,0.0
0.20127362505015278,0.20380519425549096,0.1872770905284428,0.2079645890009216,0.1996795011649918,0.0
0.20263032146703566,0.20358131240215455,0.18771770657917833,0.20443102572650418,0.20163963382512726,0.0
0.20598214238959534,0.2046360621580931,0.19359444900163586,0.19988025806989546,0.19590708838078025,0.0
0.19625787576302828,0.20195242286895787,0.18979424228743486,0.21071778358114063,0.20127767549943823,0.0
0.19684615945354195,0.1989980046761736,0.18896135545455967,0.2093389227705735,0.20585555764515126,0.0
0.20089039083092886,0.20226370253545176,0.18664137916279125,0.20528183263795577,0.20492269483287243,0.0
0.1991991981595852,0.1945643022572604,0.18987077176796993,0.2125097574448023,0.20385597037038228,0.0
0.20016733325767783,0.20351364486188295,0.1887017445428009,0.20535824287638543,0.2022590344612529,0.0
0.1990591451494273,0.20407984486645803,0.19010296745000596,0.2064891791903985,0.2002688633437102,0.0
0.1997227674590102,0.20304268495113995,0.19061922164204848,0.2054455588558463,0.20116976709195522,0.0
0.19859124687344307,0.1977708109638376,0.18929138158572242,0.20694590402817342,0.20740065654882348,0.0
0.20009239462338038,0.20019390038019041,0.18942493432077886,0.20612063065882516,0.20416814001682512,0.0
0.19674176730989845,0.19280098727001146,0.19432079131024166,0.20951014769244772,0.20662630641740076,0.0
0.19766479516368085,0.19600148947170395,0.19690740245224345,0.20464130448671636,0.2047850084256555,0.0
0.19848032502341834,0.19848501318165104,0.18675954954900773,0.2119907610741296,0.2042843511717932,0.0
0.1980992446544502,0.20004853691775223,0.1886055548851953,0.2097600023311423,0.20348666121145995,0.0
0.20036164204998871,0.20594945508396448,0.18571336317981954,0.2054535355295999,0.20252200415662736,0.0
0.19918071043156493,0.2004432218572253,0.19052561740081572,0.208485963474689,0.20136448683570501,0.0
0.19460806608412018,0.2005931321904384,0.18899615513481588,0.2115786846926746,0.20422396189795075,0.0
0.1997527566511242,0.2020942157972962,0.18585786544705982,0.20790163575288625,0.20439352635163346,0.0
0.19895043929389244,0.20116721980459784,0.18961113986797914,0.2057540521599332,0.20451714887359732,0.0
0.19850475677798618,0.19587482831678207,0.19155458167967576,0.21229877205189598,0.20176706117366014,0.0
0.19841028393497764,0.186930152723517,0.2098513763221239,0.2062954298202053,0.19851275719917616,0.0
0.2040773797057409,0.2047044739706226,0.18547848420231042,0.2081665440078517,0.19757311811347453,0.0
0.19920977439750973,0.20165794608531593,0.18875492518858478,0.20525173847188458,0.2051256158567051,0.0
0.19892902313562766,0.2010266731146339,0.18932293442761416,0.21160853832244347,0.19911283099968102,0.0
0.19793411849661965,0.19273168226401083,0.19339021546787508,0.21362094155862033,0.2023230422128741,0.0
0.1939720918438224,0.19126272082193188,0.21892312503567754,0.19692832034008487,0.19891374195848327,0.0
0.1987154961253557,0.2025614342973238,0.189623509109977,0.20957688109109146,0.19952267937625207,0.0
0.19763104155513553,0.1955804261860668,0.19324861817551975,0.2113007067650787,0.20223920731819917,0.0
0.19910994896496653,0.19787949948871986,0.1892272454170104,0.20792853056923433,0.20585477556006873,0.0
0.1977938680996457,0.19482234811033391,0.1934309778278989,0.2114513275595956,0.20250147840252583,0.0
0.1987415542865857,0.20158509428035537,0.18449086621432906,0.21093178138828902,0.20425070383044075,0.0
0.20003466740401624,0.19995084585337644,0.19257625133188955,0.20909542305975393,0.19834281235096382,0.0
0.19858014684882513,0.20084740403516052,0.1895165436668337,0.20775607464313903,0.20329983080604155,0.0
0.19805699051980072,0.20134845488897327,0.18589392506782831,0.2071033868026024,0.20759724272079524,0.0
0.19911967251997134,0.20005638315228944,0.18510239232507278,0.2078287247653246,0.20789282723734198,0.0
0.2,0.2,0.2,0.2,0.2,0.0
0.19844634411803466,0.20534993549663266,0.18346460747366017,0.20823495073601136,0.2045041621756611,0.0
0.19930262905777849,0.2049183457614066,0.18567154611149417,0.20607554705965128,0.2040319320096694,0.0
0.2,0.2,0.2,0.2,0.2,0.0
0.19760764564463737,0.2035269422748336,0.18307730398487249,0.2091523180793549,0.20663579001630164,0.0
0.20217679262082466,0.2005879008762552,0.1874046897809758,0.2080853865842468,0.20174523013769755,0.0
0.19805631132243304,0.20067528186343042,0.18748047296513043,0.20819112129888842,0.20559681255011777,0.0
0.1983145565878038,0.20419517179783606,0.18616245633132855,0.2053318679368399,0.20599594734619164,0.0
0.20104053885457748,0.20246243722623156,0.18610230047462278,0.20543485824426821,0.20495986520029993,0.0
0.19948952387892546,0.2030353663870782,0.18574543658641032,0.20761543490395284,0.20411423824363323,0.0
0.20002302381263876,0.2005314463119714,0.18878055406437247,0.20694276593229,0.20372220987872727,0.0
0.19668882707675892,0.2005378916255056,0.18955255426638498,0.20614409527816563,0.20707663175318483,0.0
0.19645371841926518,0.1987072966291539,0.19895504536995817,0.20481237108354558,0.2010715684980772,0.0
0.1974714082526988,0.2015285715035882,0.1836706806458843,0.2109068717097463,0.20642246788808236,0.0
0.19640430208870335,0.20152799242684036,0.18897766548459238,0.20730641704302885,0.20578362295683514,0.0
0.1999410554026945,0.196848832942082,0.18687552142961802,0.2088069430383631,0.20752764718724248,0.0
0.19856582872486558,0.19824772116966197,0.18902500568587638,0.20961180878165686,0.20454963563793926,0.0
0.2001695356461188,0.2001923145815454,0.18811662938857443,0.20924736786940767,0.20227415251435374,0.0
0.2001228540081441,0.1986788309117883,0.1945173878071279,0.205890994083256,0.20078993318968363,0.0
0.19783899395747898,0.2047405710237784,0.18302556781475163,0.2083252654236457,0.2060696017803452,0.0
0.19731460498076236,0.204919351459867,0.18428903777328323,0.2071804238314148,0.20629658195467254,0.0
0.1961497546494717,0.1978180925845297,0.18898182646155082,0.20937811795139316,0.20767220835305464,0.0
0.19927288246965344,0.2003581383464486,0.18314528387711593,0.21014932305134573,0.2070743722554363,0.0
0.19864157356091341,0.1997387762970846,0.18944001433797203,0.20835094462251785,0.20382869118151195,0.0
0.20205209171140964,0.19863500520804622,0.18890520522065513,0.21071875450243607,0.19968894335745294,0.0
0.19869637100822998,0.1988023378863494,0.18842503515498985,0.20812699320102135,0.20594926274940933,0.0
0.20047079048273114,0.19994697226706823,0.1908718930506685,0.20698510508710208,0.2017252391124301,0.0
0.19975060378302642,0.20071832979970453,0.1962835173847526,0.2029317297774868,0.20031581925502961,0.0
0.19644163775297202,0.20146198826895378,0.1848070645558854,0.21047984792487007,0.20680946149731885,0.0
0.20166753632230122,0.20239450685894622,0.18617498519742084,0.20968027052501143,0.20008270109632018,0.0
0.19928118665527916,0.20556952854275523,0.18551079735621903,0.2053983048873826,0.20424018255836401,0.0
0.1975303030160621,0.20138032883580181,0.18576854507347998,0.21006659316724777,0.20525422990740833,0.0
0.19576564910820535,0.1976311234832628,0.18966371319638223,0.20905857303463063,0.20788094117751899,0.0
0.19903152573699606,0.20203228586889985,0.18882646352034033,0.20731940646579525,0.20279031840796843,0.0
0.19896553151440416,0.19755737119784,0.18885354324885154,0.21065907903141223,0.20396447500749207,0.0
0.20098282395420902,0.19850933625367406,0.1865318257057192,0.20774484646781652,0.2062311676185812,0.0
0.19651187841820658,0.19828823691175065,0.1877673738568668,0.20882493923127407,0.20860757158190188,0.0
0.19839659770183646,0.20714209750871526,0.1865223052337892,0.20426146546865648,0.20367753408700257,0.0
0.19853200816710995,0.2007873514364909,0.18473943172286802,0.21040025476184543,0.2055409539116858,0.0
0.19847922277214605,0.19947387754984197,0.18942041680848645,0.2074339907163603,0.20519249215316515,0.0
0.20020169633736135,0.19574943976810202,0.18825545666662558,0.21315128398324884,0.20264212324466224,0.0
0.19651359835885712,0.20133897129317593,0.1842380999162274,0.2091966292591089,0.20871270117263074,0.0
0.1993311794667001,0.1953077762842317,0.19297320781170896,0.20875380922743814,0.20363402720992124,0.0
0.19586240102253644,0.19721359678163122,0.18886807712815837,0.20898767085964268,0.20906825420803113,0.0
0.20048333752526196,0.19808888041308745,0.18837615065751973,0.20973718182278672,0.20331444958134418,0.0
0.201445262737543,0.19845664108721928,0.19019456731886353,0.2093631350123173,0.20054039384405686,0.0
0.2006498171348815,0.2024570691835103,0.1859019668226622,0.20680674613793282,0.20418440072101318,0.0
0.19828843995171064,0.1950268658110756,0.18986024410445582,0.21116060097697928,0.2056638491557787,0.0
0.19792606939148558,0.20251969187601035,0.18345158194981454,0.20889783992904387,0.20720481685364578,0.0
0.19959755870270665,0.1988110175716103,0.19227097243566627,0.2088398325768815,0.20048061871313527,0.0
0.19816060633180813,0.202617419023743,0.18580707873054056,0.2073210712039845,0.20609382470992393,0.0
0.19607933815857806,0.19997620421871543,0.18828433053177301,0.21265052979514512,0.2030095972957886,0.0
0.20161257222641615,0.20296108854358264,0.19133678735751025,0.20479172592238945,0.19929782595010143,0.0
0.19959723473592408,0.20219700574674318,0.1842626452566964,0.20914658772820374,0.20479652653243263,0.0
0.19902976083546178,0.1976537253952883,0.1858350334544182,0.20978144184936784,0.20770003846546392,0.0
0.19803802472245088,0.20038784898270995,0.1872658941942408,0.2087180507782409,0.20559018132235743,0.0
0.19630700258971195,0.20581783733463738,0.18460618997219866,0.20636009720945628,0.20690887289399568,0.0
0.19956987559555983,0.19803846681108256,0.1915210814382768,0.21059839718368403,0.20027217897139685,0.0
0.19574275487304812,0.19776033415859476,0.19487118140421383,0.20919233342975066,0.20243339613439262,0.0
0.19481506199940576,0.19680256480177596,0.1929424037584411,0.21304813630307895,0.20239183313729817,0.0
0.19873776040520214,0.20353569131197094,0.18603709864144588,0.21035118092129632,0.20133826872008476,0.0
0.20576289799576666,0.20238492659806342,0.18801418902560457,0.2059626529395256,0.1978753334410396,0.0
0.19729395411077164,0.19929475989663378,0.18569274510108835,0.2077960135129606,0.20992252737854572,0.0
0.1986995078499957,0.20092244567043932,0.18930209783457558,0.2113400751007653,0.19973587354422423,0.0
0.19961972775792694,0.20011904728108135,0.18981469174880997,0.2095106513717761,0.20093588184040562,0.0
0.19915144187866618,0.20003850729643102,0.18691983038894003,0.21027859699158963,0.20361162344437314,0.0
0.2,0.2,0.2,0.2,0.2,0.0
0.19776409563182556,0.19626600876174793,0.1923226063385629,0.20993568668541637,0.20371160258244717,0.0
0.1998461400400151,0.20077151324561138,0.187654779240097,0.210379979240538,0.20134758823373852,0.0
0.19856241872920638,0.1966235266347267,0.1875278469666504,0.2095855937862657,0.20770061388315075,0.0
0.19945595926444173,0.2048516677912347,0.18805279603237307,0.20653816359837984,0.20110141331357073,0.0
0.19739936245929773,0.20367859189020437,0.19516085220109572,0.20720936228555306,0.19655183116384914,0.0
0.19792395757403972,0.20179254610377412,0.19160292952459718,0.20962351923125136,0.1990570475663377,0.0
0.1981640423831963,0.202219167990238,0.18916551911752877,0.20578434968142198,0.20466692082761487,0.0
0.1960420452119839,0.19714397022107946,0.19173860937874343,0.20950128884063174,0.20557408634756139,0.0
0.19942145110021112,0.1939213467402132,0.19133060900819202,0.2116402646998302,0.20368632845155346,0.0
0.19540426031527047,0.20423567191009406,0.18962040220255816,0.20921396559356292,0.20152569997851436,0.0
0.19709850808873658,0.19468584956019905,0.19110752229802422,0.2136324229658874,0.20347569708715268,0.0
0.200648145448653,0.19755911938327356,0.18716003088469949,0.20831605016291552,0.20631665412045838,0.0
0.20109469301721677,0.20184406440452654,0.18655896153523316,0.20586492333729867,0.2046373577057248,0.0
0.19637080481151525,0.2004105657346686,0.18701855236388554,0.21156988336620483,0.20463019372372587,0.0
0.1972856630072428,0.202709295439702,0.18731129117479253,0.20983408609942028,0.2028596642788424,0.0
0.19845110663423146,0.20679839697168956,0.1876926704787278,0.20417693590311906,0.2028808900122322,0.0
0.19888592535470084,0.2039624330072768,0.1892199353578813,0.20549208200662417,0.20243962427351697,0.0
0.1956308760820281,0.19910601167179384,0.18691793718257185,0.20823851061676577,0.21010666444684056,0.0
0.1974201387504841,0.20268082959243994,0.18742281524733842,0.2085184931407985,0.20395772326893905,0.0
0.1998449263846107,0.20389901634474872,0.18746094764160365,0.2081059342236956,0.2006891754053413,0.0
0.2027454683388867,0.20383984864766566,0.1875011428399447,0.2087622095628172,0.19715133061068574,0.0
0.20370716183122645,0.2049697257507353,0.1888130671571178,0.19980566350519863,0.2027043817557218,0.0
0.19818264021405618,0.2035467482964006,0.18783351798051126,0.2060437928349743,0.20439330067405762,0.0
0.19676705755128912,0.19837101055282957,0.18990615201329158,0.21257378368070434,0.20238199620188552,0.0
0.1948361315391293,0.20164684256837986,0.18983904057690076,0.21087494574598456,0.2028030395696054,0.0
0.19888188227341558,0.19970763683439796,0.19205792019920445,0.2076079670609993,0.20174459363198266,0.0
0.19815468761786537,0.19773794965791935,0.19085116469656252,0.2087089443955689,0.20454725363208406,0.0
0.19830431604404483,0.20489953225773744,0.18535923724600684,0.20775128949018065,0.20368562496203022,0.0
0.199522542611078,0.19840334072353247,0.18351004574785604,0.2125826227745995,0.205981448142934,0.0
0.19662866735700227,0.1955958310538517,0.19564079954034788,0.20957368294789921,0.202561019100899,0.0
0.1982447995202099,0.19985673435790346,0.18616304201400508,0.20957220510952596,0.20616321899835563,0.0
0.20072228807410059,0.20265437362975422,0.18962057704998045,0.2068977353589853,0.20010502588717943,0.0
0.19812580818105563,0.1963303998603215,0.1890859538596917,0.20821016814645307,0.20824766995247818,0.0
0.19999063319933075,0.20179246706170054,0.1874890369016523,0.20638636326798182,0.2043414995693346,0.0
0.19762090631880047,0.19955796072555013,0.19096506791916357,0.2102159541144263,0.2016401109220596,0.0
0.19730266933705418,0.1943733669029544,0.19335807381713718,0.2104042788372994,0.20456161110555482,0.0
0.2,0.2,0.2,0.2,0.2,0.0
0.19607887134926777,0.19969991640585655,0.18599863238806688,0.21145407969519311,0.20676850016161566,0.0
0.1995502807942953,0.19766583892949738,0.1884129166149361,0.21192391960162227,0.20244704405964897,0.0
0.1979455554895146,0.19656680205067073,0.19072859257679678,0.2127381217184803,0.20202092816453762,0.0
0.20213309218333814,0.2043914877338745,0.18594325877108506,0.2054262270976489,0.20210593421405335,0.0
0.1967400760145428,0.196329414584253,0.19116915806992985,0.2101196090665126,0.20564174226476162,0.0
0.1986610100883034,0.20097259274721027,0.18860041968944707,0.2073985746470427,0.2043674028279965,0.0
0.19814900057124823,0.2047093428395117,0.1870388067703088,0.20604171824213113,0.2040611315768001,0.0
0.19953236643732658,0.20282837800759765,0.19125559674949355,0.20335454002245473,0.20302911878312752,0.0
0.20159843905671296,0.20479505711902105,0.18904030262028432,0.20697488936284658,0.19759131184113518,0.0
0.20148947778360535,0.19825184786969152,0.18738512914145497,0.20814293582165608,0.20473060938359203,0.0
0.1987397516999719,0.20059962864431147,0.19038875748531622,0.20739114330909703,0.20288071886130343,0.0
0.19919560141081505,0.2051028262868618,0.18963214348986188,0.2036998300756085,0.20236959873685273,0.0
0.19910803623536877,0.20459892803985744,0.18616561020760247,0.2063817260564779,0.2037456994606934,0.0
0.20052863484553984,0.20228328566896137,0.18533054699391194,0.20685283623345388,0.20500469625813295,0.0
0.19883949152001076,0.20607432576658855,0.1855319000273883,0.2060234406394235,0.2035308420465889,0.0
0.20046819444182337,0.2029646875372512,0.19250361378114747,0.20476187651646918,0.19930162772330884,0.0
0.20031905449177648,0.20524302067179365,0.1852822648561627,0.2064913343933395,0.2026643255869277,0.0
0.20250732203300406,0.20271401834822927,0.18955579897460673,0.20596971006551335,0.19925315057864654,0.0
0.19940404450442126,0.20281299908338807,0.18822970196475547,0.20590377827382844,0.20364947617360687,0.0
0.20141430674735475,0.2039422683341219,0.18991346694848749,0.20444289045118086,0.20028706751885506,0.0
0.19718715519915464,0.20089622307214552,0.18780573107833543,0.20630111671814919,0.20780977393221525,0.0
0.199345750945944,0.20030860543225182,0.19098593106986128,0.2067593706085675,0.20260034194337542,0.0
0.19905518335069572,0.20063178208603527,0.1897683658252673,0.21084907484544121,0.19969559389256045,0.0
0.20443165542635466,0.20506786366525798,0.18289345402903606,0.206687856180898,0.20091917069845353,0.0
0.19708293306778407,0.1932857131170454,0.19365906396548102,0.2105257906179224,0.20544649923176708,0.0
0.19943002315948463,0.20261805501926416,0.18690631222923124,0.20651882404649477,0.20452678554552534,0.0
0.20006189006361957,0.20195956938392323,0.18417504239327395,0.2079332322608904,0.20587026589829283,0.0
0.20075327834873097,0.1988026544716453,0.18906125840548926,0.2111284968502168,0.20025431192391766,0.0
0.19714177127011812,0.20090836223980976,0.1893535339539324,0.2086559366935146,0.20394039584262516,0.0
0.19938199400651094,0.19791218650663697,0.19024530651569938,0.20915955575447046,0.20330095721668223,0.0
0.19654245839991244,0.19181089997067355,0.19439410683489142,0.21208096891151898,0.2051715658830035,0.0
0.19963167880772323,0.20111124780182316,0.18870466737715405,0.20556123128621961,0.20499117472707987,0.0
0.19803423998743935,0.1982926272393254,0.18986352098573803,0.20866325334912342,0.20514635843837375,0.0
0.2001814820344999,0.19562732345170156,0.19246607494264603,0.21025126167285998,0.2014738578982924,0.0
0.2017359502304975,0.19880059750549753,0.1865239758562889,0.210330559465661,0.20260891694205513,0.0
0.19981574960955548,0.1985764765232162,0.18909263616680794,0.20755324032397635,0.20496189737644419,0.0
0.20039391001354087,0.20338409633698468,0.1856435300423194,0.2070233856882467,0.2035550779189083,0.0
0.202851945207774,0.20458659792948425,0.18439219665089523,0.20561432450439365,0.20255493570745287,0.0
0.20104980398120387,0.20239046539962796,0.1887378085532561,0.20528318419643346,0.20253873786947868,0.0
0.19806327699581877,0.19724515279378851,0.1867991530885344,0.21162502003640715,0.20626739708545128,0.0
0.2015151063797176,0.1962287470637886,0.19204707978931235,0.21017632668903288,0.20003274007814864,0.0
0.20001420118111568,0.20487813761698853,0.1814414946527772,0.20763564288453124,0.20603052366458738,0.0
0.19892276063845316,0.20451907346409495,0.18281369381784776,0.20970005246070578,0.20404441961889838,0.0
0.20412626363372438,0.20625911370498876,0.18604332669549353,0.20577485192218614,0.1977964440436072,0.0
0.1952055701024351,0.19845748714793415,0.190864865432009,0.21299236381118156,0.20247971350644023,0.0
0.2003317711533584,0.20139787946021792,0.18746286740224366,0.20615145437443358,0.20465602760974647,0.0
0.20083596409330973,0.1988197252243641,0.18820218411131986,0.20920453277134396,0.2029375937996625,0.0
0.2000952593392704,0.20275048979391222,0.19316361126090176,0.20472620800539448,0.19926443160052104,0.0
0.19909616612204833,0.20386409203691758,0.18788041406546313,0.20494059365456016,0.20421873412101083,0.0
0.19957280807353256,0.2029219290797003,0.18842201301737785,0.20515427992688956,0.20392896990249976,0.0
0.20017718381633154,0.2000759300090423,0.18883134387717393,0.20931699193649747,0.20159855036095461,0.0
0.19869938301809154,0.2066167650675054,0.1842859461656051,0.20800436404329864,0.2023935417054992,0.0
0.19857805393186842,0.19992922469282906,0.18515275549342378,0.20924029822859666,0.2070996676532821,0.0
0.19775192231613598,0.2008200888191264,0.18844350440290453,0.20969512437837848,0.20328936008345455,0.0
0.20112746824114963,0.20013317611908454,0.18884289354185052,0.20872444469499055,0.20117201740292467,0.0
0.20103956659483527,0.1955244535714744,0.18902561005677002,0.2123499359248066,0.20206043385211378,0.0
0.2005465459032834,0.20486970990272332,0.18749767226839717,0.2063381306650956,0.20074794126050052,0.0
0.19948503009710408,0.2035975340094098,0.1882852655042127,0.20644884767369528,0.2021833227155782,0.0
0.1985670017077005,0.20290924720143216,0.18454912254544034,0.2096361457062144,0.20433848283921258,0.0
0.20003937351773934,0.20422255989572888,0.18854175997110798,0.2058311634147631,0.20136514320066068,0.0
0.19995527828061585,0.20275602437198953,0.18505837909676975,0.21048132626485028,0.2017489919857745,0.0
0.19876981527445403,0.20412575127218333,0.18399779920907983,0.20704201601476063,0.20606461822952216,0.0
0.20042814010870422,0.19836708216466475,0.18871258101755314,0.20853053059642981,0.20396166611264807,0.0
0.19849718615644024,0.20057288734237833,0.18724663684393528,0.20830829335500828,0.20537499630223777,0.0
0.20222484060619625,0.20142897399255577,0.19261882045511916,0.20351464246331652,0.20021272248281227,0.0
0.2027888977191604,0.20065140926310385,0.18565022133180914,0.21000180588287135,0.20090766580305533,0.0
0.19857983197909335,0.19511863107308192,0.1875216828060814,0.21072965549655673,0.20805019864518656,0.0
0.19524013816794944,0.19797674526671324,0.19209500818554182,0.21120174178891682,0.2034863665908786,0.0
0.19398392607029274,0.19329194278375134,0.19391218977688437,0.21256832187516445,0.2062436194939071,0.0
0.1977753208350999,0.19956282228103875,0.1873907577323912,0.2105417851845682,0.204729313966902,0.0
0.20717932848813989,0.20391036922538588,0.1901977570557402,0.20303796633005716,0.19567457890067688,0.0
0.2012070472768767,0.20116367793514286,0.1878785474224767,0.20665911025693545,0.2030916171085682,0.0
0.19874257938815323,0.20437342244188797,0.18869000782868342,0.20630219466248684,0.2018917956787885,0.0
0.19780225360786594,0.2035918152912422,0.18328042795179444,0.20906347363047337,0.206262029518624,0.0
0.19966306372087336,0.2013428296991792,0.186875715800798,0.20741821572246144,0.20470017505668803,0.0
0.19904560450177955,0.20465017591143894,0.18807701481362538,0.20442677828261432,0.20380042649054184,0.0
0.198752626278574,0.20337907585565085,0.18755992398286891,0.20512937903376582,0.20517899484914034,0.0
0.19910590347450638,0.20083254245174295,0.18677820851695728,0.2085791526387197,0.20470419291807374,0.0
0.19643139104070323,0.2028928454274799,0.18484911783572938,0.2081825783534636,0.20764406734262386,0.0
0.19579150271274995,0.21214422717006498,0.17999401580431607,0.2089686348918566,0.20310161942101237,0.0
0.20042335829796948,0.19944671774321118,0.18565373029984752,0.2079282424021768,0.20654795125679498,0.0
0.1996498357299726,0.20358659958207692,0.18251365241498407,0.20943077718527361,0.20481913508769276,0.0
0.1980652884704602,0.20012362344446116,0.1882453803669011,0.21015014392430728,0.20341556379387032,0.0
0.19781277184013396,0.19749192068231072,0.19054328151335787,0.2105059630793769,0.20364606288482057,0.0
0.20000989578414288,0.20304470429050034,0.18834436127111567,0.206052378180008,0.2025486604742332,0.0
0.19914269349867478,0.20560138521684257,0.1882513172955883,0.20359581037729246,0.2034087936116018,0.0
0.19623746207163092,0.19783071694698778,0.1868011299051924,0.20986437283156245,0.2092663182446265,0.0
0.1996438837039162,0.19787207797507497,0.187414617586533,0.20858906319110365,0.2064803575433722,0.0
0.1984192459395805,0.19854707989748718,0.1859328873509205,0.21078503519601316,0.20631575161599872,0.0
0.19959773354157814,0.20452197107391182,0.186461977640434,0.205242092703863,0.2041762250402131,0.0
0.19781700304932243,0.2044001450882923,0.1877871021918427,0.20800272228248973,0.20199302738805294,0.0
0.19727202284157835,0.20443546727355938,0.18603327004593043,0.20876401554235866,0.20349522429657313,0.0
0.19764247166312696,0.2068742610170315,0.18831411983587656,0.20774703279365198,0.199422114690313,0.0
0.19825798133820063,0.19904896041153325,0.18879196367612128,0.20870913878728006,0.20519195578686475,0.0
0.20075912121129427,0.20223935741225788,0.18726727062647447,0.20707923578567575,0.2026550149642977,0.0
0.1990624107240214,0.19855052768767598,0.19014165298988014,0.2127902760590449,0.19945513253937736,0.0
0.198763212897765,0.20111918712791982,0.1871828808361291,0.20765855180512038,0.20527616733306564,0.0
0.19903649666068315,0.20636686726481457,0.18576515294035778,0.2059416830037798,0.20288980013036473,0.0
0.1993540763297565,0.2034749727615192,0.18753352939092452,0.20562781617522155,0.2040096053425782,0.0
0.19936321858483255,0.20028877214623944,0.18716813348835648,0.2088294487498451,0.20435042703072645,0.0
0.1999038145019692,0.20173447624348828,0.1855697961664985,0.20907583817588493,0.2037160749121591,0.0
0.19866174182567742,0.19978922113450592,0.18529676896250447,0.20704091937188637,0.20921134870542582,0.0
0.19957128709428698,0.2100001725759436,0.18753140515727484,0.2038712817038642,0.19902585346863044,0.0
0.19939476936999193,0.19894175259741667,0.1897225032214586,0.20725458333380245,0.20468639147733025,0.0
0.19721050336515758,0.2010059903251058,0.185438983803554,0.21170018338190533,0.20464433912427735,0.0
0.19925231578910418,0.20246272922145495,0.18605835181451008,0.2069378783657842,0.20528872480914645,0.0
0.19914339263041902,0.20050616851439218,0.1860046801031154,0.21123552985441055,0.20311022889766284,0.0
0.1944674560516615,0.2019204295516476,0.1887536290208472,0.2101431244082004,0.2047153609676433,0.0
0.19994506104627188,0.19810080169116037,0.18543794915800235,0.21126705833943424,0.20524912976513102,0.0
0.1975180008812244,0.20505258402842863,0.18418708413186213,0.20709434917228695,0.20614798178619786,0.0
0.19658840609057907,0.189926928383566,0.20055702685963,0.2101205501253709,0.202807088540854,0.0
0.19865168238892406,0.2036386515809329,0.19512502747885935,0.19977404078803804,0.20281059776324573,0.0
0.19786556468425817,0.19875951249775362,0.18737099288142325,0.2084145627031974,0.20758936723336754,0.0
0.19871358034518116,0.2019289245127754,0.18712120900363302,0.210251349624685,0.20198493651372543,0.0
0.19845014985942608,0.2026225125533675,0.1865217717858326,0.21093430263427554,0.20147126316709812,0.0
0.1976876352897541,0.2017403686208251,0.18624108494259944,0.2063535906510253,0.20797732049579612,0.0
0.19789591067798337,0.1989544753481214,0.19052300290329277,0.20882424071401276,0.20380237035658966,0.0
0.2012197126302986,0.20042604010871248,0.18771514723755253,0.21017480382446532,0.20046429619897124,0.0
0.19805175768065886,0.20404904343206318,0.1868388676876811,0.2062915801437479,0.2047687510558489,0.0
0.2006575556324241,0.1989043836124187,0.18413377158615124,0.2092287340520424,0.20707555511696354,0.0
0.19939531960464477,0.20132677730644502,0.18728904139621605,0.20724153072341073,0.20474733096928352,0.0
0.1993046726402373,0.1959666022835397,0.18651165259721483,0.2113594697285677,0.20685760275044035,0.0
0.19697880575232674,0.2045069901656386,0.18786503799694593,0.2067941446345254,0.20385502145056336,0.0
0.19897044201990574,0.20038389824879024,0.18517600613532537,0.20606663756638366,0.2094030160295949,0.0
0.19992755975813614,0.19843655908581764,0.18718947289235194,0.20921303469034563,0.20523337357334864,0.0
0.19977132434401962,0.19060303724965613,0.20300447720771242,0.20667066741406723,0.1999504937845446,0.0
0.19801730344876559,0.19929367384896857,0.19041436487078092,0.20683756202610643,0.20543709580537856,0.0
0.19616589651374167,0.20192710614331158,0.1899984898489412,0.20958098395342156,0.20232752354058398,0.0
0.19746212368098054,0.20035543805028033,0.18575315339231277,0.20974215974737007,0.20668712512905624,0.0
0.19923908037888946,0.20214198577256803,0.18916216457324148,0.20644645911361445,0.20301031016168644,0.0
0.20518890382915406,0.20415676060083152,0.18578746098651513,0.20419346075040493,0.2006734138330942,0.0
0.20049142438833,0.20350306410957353,0.1865499521673149,0.20652449608418175,0.20293106325059992,0.0
0.19613642179762567,0.1971755187653993,0.1905930733469728,0.21024899447797357,0.2058459916120285,0.0
0.20025277196972907,0.1968646412246503,0.1912525689101946,0.20867182020405872,0.20295819769136728,0.0
0.20000729810598974,0.20500780545303815,0.1852807907472672,0.20705312194831094,0.202650983745394,0.0
0.19959982759804917,0.1986587127552873,0.18809759033104886,0.20766566997764002,0.20597819933797462,0.0
0.20241112034741604,0.1985205997809491,0.18617101381004178,0.2082038573457698,0.20469340871582328,0.0
0.19834938005447925,0.2044356081722358,0.18850275194711674,0.2053907809966702,0.20332147882949805,0.0
0.19576498558331848,0.19218934199521234,0.1945566198635627,0.21250579600801645,0.20498325654988991,0.0
0.2039771917843729,0.20257035278770252,0.18716522245542164,0.2056523185273145,0.2006349144451884,0.0
0.19893116036338304,0.1988355125764165,0.18744693169112958,0.2087329252754392,0.2060534700936317,0.0
0.20052680246625218,0.20073770088918758,0.18827612667383412,0.2039345542463227,0.20652481572440337,0.0
0.19953221467082946,0.19460531112620313,0.19363694318859181,0.20692925729314698,0.20529627372122858,0.0
0.1978132082228684,0.20286494278706693,0.18703847289167932,0.20589463039901243,0.20638874569937288,0.0
0.19944985498731294,0.2015574021532848,0.18589512443294426,0.20787685920948337,0.20522075921697458,0.0
0.19743430959953978,0.20675970729774232,0.18217801196394004,0.20841427202278584,0.20521369911599205,0.0
0.19946630030769796,0.20323954686577236,0.18819834697670096,0.20562891477446163,0.2034668910753671,0.0
0.1992226035756611,0.19776666989627356,0.1864722640755817,0.20817853568308944,0.2083599267693942,0.0
0.19951512800215193,0.19894982763139946,0.19202553808097464,0.2066642797621375,0.2028452265233365,0.0
0.19724176844650357,0.20458818975843596,0.18684889948708694,0.20742455490707262,0.20389658740090089,0.0
0.19810615847782068,0.19990878799279727,0.18700156949895627,0.2106661588387358,0.20431732519169007,0.0
0.19698773700480318,0.20398911186374283,0.1877705876848276,0.20719632829503898,0.2040562351515874,0.0
0.1989717960524333,0.20356395631409477,0.18556247254024347,0.20654485944464743,0.20535691564858108,0.0
0.19897159117019,0.1974836704185119,0.19300664817129784,0.2086858437749057,0.20185224646509445,0.0
0.1977073994735737,0.20447323913626964,0.18602121010694142,0.20675572536044107,0.20504242592277416,0.0
0.1998866137847782,0.20118411263332633,0.18657848505526273,0.2073469359363704,0.20500385259026235,0.0
0.20106790429352897,0.2007338732978758,0.1875588182701509,0.2066202186704387,0.20401918546800568,0.0
0.19874514670155474,0.19753611099517746,0.18993711859969714,0.2094954597810919,0.20428616392247878,0.0
0.19996669444858953,0.20016195729055128,0.19403571303479256,0.20486904561361216,0.2009665896124546,0.0
0.19834052109595574,0.19597472120052997,0.19160266565040324,0.20885882581506018,0.20522326623805087,0.0
0.19778841892503965,0.19593496493390974,0.19387915561222277,0.20833498047531515,0.20406248005351268,0.0
0.20276630225470882,0.198620373894017,0.19136000590670404,0.2055771831693217,0.20167613477524854,0.0
0.19854474942408307,0.2046395848443784,0.18539416862996627,0.20955588841265993,0.2018656086889123,0.0
0.20561794897274047,0.20373006495307924,0.1876782467703733,0.20399555661577112,0.19897818268803574,0.0
0.19940499786496968,0.19774415454947483,0.18994451304283397,0.20805765180515273,0.20484868273756868,0.0
0.19919940243246065,0.19898243849242744,0.18794146260122657,0.21103963996888828,0.20283705650499706,0.0
0.20091916485100847,0.2028085237725567,0.18734038091037955,0.206788556797885,0.20214337366817017,0.0
0.195192019882438,0.20340022886865577,0.18459280728826055,0.21071702775396114,0.2060979162066845,0.0
0.2012468808438524,0.20128283158327226,0.18618542166279095,0.20963076446431692,0.20165410144576754,0.0
0.19711284386746622,0.19925221695018358,0.18669900327531358,0.20999933222644102,0.20693660368059572,0.0
0.19844304287497955,0.20209628384195175,0.18511815531728026,0.207758041425319,0.20658447654046944,0.0
0.19902883038624036,0.2028871035526469,0.18671439819722283,0.20581914871278806,0.2055505191511018,0.0
0.2016790641469439,0.1980180846723532,0.1886912003001483,0.20793737396479547,0.20367427691575918,0.0
0.1978562156076954,0.19886037551676972,0.20122338210435858,0.20174282051386516,0.20031720625731114,0.0
0.20154585872204378,0.20193519676053917,0.19147635116876904,0.20340535841185434,0.20163723493679375,0.0
0.19824939211762604,0.19843525181769267,0.19040175652446809,0.2087844204477016,0.20412917909251158,0.0
0.19834575052380662,0.19991378302503038,0.19012581641376136,0.20915288742204183,0.2024617626153598,0.0
0.19957592830651932,0.19915603582764718,0.18625750404176017,0.21187652268949292,0.20313400913458038,0.0
0.20020169633736135,0.19574943976810202,0.18825545666662558,0.21315128398324884,0.20264212324466224,0.0
0.19715659534136312,0.193987728360865,0.1958278042851785,0.21030455118165176,0.20272332083094166,0.0
0.20145859056023124,0.20286814793238753,0.1894103756245051,0.20286588886004664,0.20339699702282954,0.0
0.19703135006867595,0.20210873445824282,0.18802525733922404,0.20679402844622954,0.20604062968762774,0.0
0.20008158702686737,0.19686164223487393,0.18912668516035364,0.21019592445350063,0.20373416112440446,0.0
0.195970910734379,0.19738419740643537,0.19034956813437204,0.21098090056137425,0.2053144231634394,0.0
0.19794125638092416,0.20218554314815135,0.18905535563631867,0.2076391693920722,0.20317867544253373,0.0
0.2,0.2,0.2,0.2,0.2,0.0
0.1956420918607279,0.20065962403319296,0.19143634665538625,0.21082940590567778,0.2014325315450151,0.0
0.19626693316858496,0.20192512388748138,0.18758591307152325,0.20979617218144947,0.20442585769096094,0.0
0.20054747800040398,0.20064773863666616,0.18750098415616312,0.20738798736281544,0.2039158118439513,0.0
0.20217584375663894,0.202095650345261,0.18496566084595883,0.20763369338279136,0.2031291516693499,0.0
0.19981407712623217,0.20875100538563676,0.18531034874105695,0.20583344407548035,0.20029112467159377,0.0
0.20218854132715708,0.19808490841593723,0.18665299789865822,0.21140758526038092,0.2016659670978666,0.0
0.19851259208738328,0.20311876846075372,0.18366749796644477,0.20972713608364058,0.20497400540177768,0.0
0.20128443189652573,0.19762299779989956,0.18576566125727262,0.21154907177884125,0.20377783726746077,0.0
0.19874465820330986,0.2034608521894965,0.18917196439783315,0.20581063249046277,0.20281189271889768,0.0
0.19770750099585968,0.20357094480312968,0.1878295534443372,0.20855970372433363,0.20233229703233982,0.0
0.19668342522285534,0.20583467262473834,0.18552927073638006,0.21085223717009918,0.20110039424592707,0.0
0.20053373914669068,0.20051295883627476,0.19071585300365967,0.20671323300765443,0.2015242160057204,0.0
0.19844195649625673,0.2023715106568486,0.18920017570120734,0.20416505454478628,0.20582130260090106,0.0
0.19646540065127838,0.1989123716493149,0.1885637664273152,0.2124952197125851,0.20356324155950645,0.0
0.19949093089236541,0.20008039575666653,0.18187693858222231,0.20973553250008345,0.2088162022686623,0.0
0.19907274086085655,0.2051249505297453,0.18790060566990635,0.2033238642536857,0.20457783868580612,0.0
0.20148995978644163,0.1976332183419922,0.18448528144032247,0.20762518234766997,0.20876635808357383,0.0
0.1979749146594861,0.2019453852762042,0.18810008013511642,0.20748432369942849,0.20449529622976478,0.0
0.1995691889607423,0.2014052633852782,0.18823086179956297,0.20998494462268935,0.20080974123172715,0.0
0.19938157272378973,0.2026440050699823,0.18640232426904682,0.20695128193190482,0.20462081600527615,0.0
0.20063072748123184,0.20307251413203187,0.18858985319945767,0.20453608183492183,0.20317082335235684,0.0
0.1975750647388514,0.20064779485402287,0.18844524126759998,0.21168045816346995,0.20165144097605603,0.0
0.1979357951836069,0.196701831686366,0.18929889743903064,0.21062301681919965,0.20544045887179674,0.0
0.20096292830882295,0.20085430876439297,0.18410760904210893,0.20890292980938213,0.20517222407529292,0.0
0.19963780724106547,0.1995628413576299,0.18951732321159298,0.20722178056393553,0.20406024762577615,0.0
0.20037913188018144,0.20007014518315597,0.1876675840487333,0.20742566010614008,0.20445747878178924,0.0
0.19816874224700712,0.20088852585572933,0.18760114930015243,0.20918988053702506,0.204151702060086,0.0
0.19616226800203487,0.20365966431593105,0.1876533078469934,0.20806702200225613,0.20445773783278443,0.0
0.20060067510193785,0.1994298277534084,0.18931688365103,0.20927963897676163,0.20137297451686206,0.0
0.20018661594969425,0.20430821655798992,0.18871413860956215,0.2052709197453294,0.20152010913742427,0.0
0.1985740339224398,0.2050155836586992,0.1872779999482522,0.20732648270867116,0.20180589976193766,0.0
0.20038315445064148,0.2000231179773634,0.18935097419123992,0.20767074851336711,0.20257200486738816,0.0
0.1990022475318895,0.19778929305556478,0.18787476707381187,0.2100954829348359,0.205238209403898,0.0
0.19855523458695967,0.2008350127625243,0.18909433462312428,0.20700895304951925,0.2045064649778724,0.0
0.2001703169848509,0.20232925753727204,0.1849345552424782,0.20745363089555371,0.20511223933984518,0.0
0.20396602104816908,0.20470881130465518,0.18956338386092608,0.201029363463501,0.2007324203227488,0.0
0.20052091942641154,0.20339459175106453,0.18266535750673152,0.20969352357628016,0.20372560773951218,0.0
0.19950420613136213,0.20045233632603698,0.18350513019870804,0.20768274943981493,0.20885557790407785,0.0
0.1992636927239347,0.2003860890219911,0.19106892371991357,0.2084805502428266,0.200800744291334,0.0
0.19798554989772396,0.1943388830115708,0.19463062610463708,0.2120291162954799,0.20101582469058815,0.0
0.200777393111626,0.1997877433786012,0.1860950894442829,0.21037595464021222,0.2029638194252776,0.0
0.20034867289678054,0.20151245204142487,0.18659862869093258,0.2070171083592526,0.20452313801160937,0.0
0.2,0.2,0.2,0.2,0.2,0.0
0.1993407147559475,0.20431000132412525,0.18393623537929688,0.20803583045686255,0.2043772180837677,0.0
0.19845191802211634,0.20416068599039097,0.18848183490215115,0.20551282039833205,0.20339274068700933,0.0
0.19914073679570374,0.20202251168547458,0.188990387387333,0.20775129799492353,0.20209506613656505,0.0
0.1982163731759931,0.20366722558040132,0.188591231343372,0.20676325578267601,0.2027619141175576,0.0
0.19724958193576647,0.1985448872458363,0.1898087227088003,0.2093303635082571,0.20506644460133994,0.0
0.20082313197665128,0.2011664568986136,0.18804558212367237,0.20669640015045598,0.2032684288506068,0.0
0.20141556806132455,0.2012501308557736,0.18453382976345592,0.2105520377118411,0.2022484336076048,0.0
0.19753649402615064,0.20039735447507592,0.18500248938753078,0.20892629592132284,0.20813736618991985,0.0
0.19833403255709647,0.2026099608299065,0.18316113276239537,0.21057768251500195,0.20531719133559978,0.0
0.1986823472528694,0.2011189230909352,0.18476111100188727,0.20493152635613096,0.2105060922981771,0.0
0.1959291494719069,0.19559511427406623,0.1907886588785459,0.21099893340936413,0.2066881439661167,0.0
0.20225204995704107,0.20444024870488767,0.18860138403671578,0.20636851556137095,0.1983378017399845,0.0
0.1989456833706832,0.20340936961299538,0.1865995645094636,0.20606486485203482,0.20498051765482297,0.0
0.20022330412835093,0.20291561004100558,0.18651081732438565,0.20712425204487786,0.20322601646137994,0.0
0.19782720825923028,0.19589690946753557,0.19005037851686768,0.21038584818687447,0.20583965556949196,0.0
0.20093782124824516,0.20141736822059228,0.19390830360096242,0.20247644341883786,0.20126006351136216,0.0
0.19859954029794719,0.2044161745274895,0.1864812533722909,0.20653090670184543,0.20397212510042698,0.0
0.19849763351751504,0.2058302668313823,0.18536450297690685,0.20719551269208109,0.20311208398211483,0.0
0.19795425274902007,0.20127587350700704,0.18837131740911373,0.20821815299883953,0.20418040333601953,0.0
0.19877433982938283,0.1994610771877862,0.18712051151803463,0.21237183513830926,0.2022722363264872,0.0
0.19838814053250461,0.20322690372767893,0.18828608551478812,0.21002113886908155,0.2000777313559467,0.0
0.19888347072972432,0.1998052190631188,0.19199778849959356,0.20569740846023113,0.20361611324733217,0.0
0.1991682056979463,0.20475475946328794,0.18877473482475868,0.20560568313268485,0.2016966168813223,0.0
0.19751665678954045,0.1982428445352644,0.1878735245585323,0.21153682489351414,0.20483014922314877,0.0
0.19902589478866514,0.20507766405716862,0.18761536606602172,0.2043248664083806,0.20395620867976388,0.0
0.19907064427283067,0.20033211522740313,0.1897016177483085,0.20977988317133447,0.20111573958012327,0.0
0.19887300982189135,0.20070546840972647,0.18874257475205058,0.20751779458862632,0.20416115242770524,0.0
0.1946563343947802,0.20221483969583232,0.186922530399122,0.21278886893561763,0.20341742657464784,0.0
0.20014639682513302,0.20246972036950014,0.1834413926003762,0.2089422492032555,0.20500024100173503,0.0
0.19752567666930607,0.2013135464752704,0.1844090133563929,0.20968200617055882,0.20706975732847183,0.0
0.20144136255116557,0.2020992722984509,0.19802735632297275,0.19899168700898867,0.1994403218184222,0.0
0.2006929518121839,0.19950776505375178,0.18881176588005072,0.20965192003333627,0.20133559722067734,0.0
0.19867214219060006,0.19980066148689493,0.18651058418434435,0.20922084701340105,0.20579576512475958,0.0
0.20095272781122342,0.20415194894899272,0.1837934851624733,0.20696495034930062,0.20413688772800992,0.0
0.19772432227723175,0.20009724620409378,0.18505015481557552,0.20882230985728134,0.2083059668458177,0.0
0.1986054603931209,0.1977894707191779,0.1882737104292853,0.21063497162220216,0.2046963868362138,0.0
0.20327516533850698,0.20275810661053387,0.18865277321044469,0.20861750683123007,0.19669644800928437,0.0
0.1963554667024488,0.20294656152956925,0.1899445719077966,0.20647557007919742,0.20427782978098785,0.0
0.1982664065773819,0.2006475655496746,0.1870405297124989,0.206716824035792,0.20732867412465267,0.0
0.19837019840246184,0.20020148599476267,0.19202937553099775,0.20651415645754734,0.20288478361423046,0.0
0.20030228329795483,0.2022323176961562,0.18632154071245688,0.2089167954416076,0.2022270628518245,0.0
0.1986097022116472,0.20378023061912556,0.1868282143006046,0.20777881288031189,0.20300303998831076,0.0
0.19777715030089044,0.20002197108595515,0.18622813413692457,0.20938470364169603,0.2065880408345339,0.0
0.20108050091886379,0.19733354553835625,0.18840543637586443,0.20921393527791965,0.203966581888996,0.0
0.20014968986607226,0.2009168892025601,0.1861206682452258,0.21094955822195985,0.20186319446418208,0.0
0.2003837539500961,0.20165235595080974,0.18786512082097245,0.20829012524476442,0.20180864403335724,0.0
0.2002335449263324,0.204962544663112,0.18685112731127965,0.20556067470855846,0.20239210839071747,0.0
0.1994115164526867,0.19286249025854882,0.1919934128848485,0.21358988316371194,0.20214269724020392,0.0
0.20198111152646583,0.20434021230074598,0.18550570868523159,0.20560480969901485,0.2025681577885417,0.0
0.19884849026554405,0.19715276100516874,0.19001038124294353,0.21309983254381848,0.2008885349425251,0.0
0.1988425571399486,0.2024969522178412,0.188557204273102,0.20714234213366436,0.20296094423544384,0.0
0.19733670543860696,0.19881470202311682,0.18400111952836054,0.21228514147586605,0.20756233153404954,0.0
0.19844593993159104,0.2037238163377654,0.18357032780877794,0.20935429145661233,0.2049056244652533,0.0
0.19823562906206965,0.2025962450009453,0.1886755757404485,0.2050253880157704,0.20546716218076627,0.0
0.20094255565600902,0.2019321685098532,0.1850968704691989,0.2085585761173528,0.203469829247586,0.0
0.2002399079876562,0.20047241292609363,0.18501211984509172,0.209635148950227,0.20464041029093144,0.0
0.19660784556499922,0.1992753311127635,0.18746363889915416,0.2109401780882407,0.20571300633484263,0.0
0.19970717193024204,0.20641143200857273,0.18527272483138849,0.20488718119395408,0.2037214900358427,0.0
0.19772820796207435,0.20625829561332035,0.18462124536435104,0.20712560272574682,0.2042666483345074,0.0
0.19978787214198834,0.20240189324486002,0.1855070492828451,0.2078693475183289,0.20443383781197766,0.0
0.1978482036263949,0.19772755993841457,0.1880994045314777,0.21052334242444287,0.20580148947927013,0.0
0.19711941333526342,0.20052461887730078,0.1882446074526289,0.20899485959137004,0.2051165007434369,0.0
0.19784876596921241,0.196904986782244,0.19058983923945227,0.2097065735272399,0.2049498344818515,0.0
0.2006720083410437,0.2020902382102889,0.18614354790746337,0.20575410573874048,0.20534009980246357,0.0
0.19853007281862958,0.2026343357036864,0.18669680637161212,0.20820728243442016,0.20393150267165178,0.0
0.19709808310022062,0.20006550325507888,0.19116407150217052,0.20805727572251526,0.20361506642001487,0.0
0.19761367479659947,0.20228721405984118,0.18881346088938494,0.21029341997066134,0.20099223028351293,0.0
0.19575382002038957,0.19208261836806145,0.1940289040462654,0.21185001254020527,0.20628464502507832,0.0
0.19798859543192374,0.19616757926729503,0.19308594789133185,0.20834516666001351,0.20441271074943584,0.0
0.19841334390421939,0.19727536802944914,0.18976713846166116,0.21110943917415617,0.20343471043051417,0.0
0.19809083533512242,0.2017749477490585,0.18743814264872216,0.210271372656244,0.20242470161085283,0.0
0.19840009032993988,0.19503919281023763,0.20498604857352623,0.20231530656723684,0.1992593617190594,0.0
0.19741669392571057,0.20036624891035495,0.18686593251709166,0.21125196856116807,0.20409915608567472,0.0
0.20117867764270894,0.20269107414485593,0.18865888334804573,0.2050821068030076,0.2023892580613817,0.0
0.1970640885990576,0.1959779672471315,0.19283838245817428,0.2103775980372569,0.2037419636583798,0.0
0.20088047108103516,0.19830625298442098,0.18942505505343046,0.20999900027405308,0.20138922060706035,0.0
0.19895187881946474,0.1995601900889174,0.18775383093842588,0.20753345696185915,0.20620064319133283,0.0
0.19797049783992737,0.19531307286032878,0.19488284244720294,0.20769535045212562,0.20413823640041537,0.0
0.198815477478056,0.20037460470386345,0.192917423995627,0.20695235506703638,0.20094013875541714,0.0
0.19880338878630066,0.19069696636952738,0.2071884740497814,0.205796867816952,0.19751430297743852,0.0
0.19878705722729886,0.2041266704408141,0.18473374333892517,0.20822732492936205,0.20412520406359988,0.0
0.2014206760448135,0.20612187983036398,0.19248780143873725,0.1998487308503388,0.2001209118357464,0.0
0.19709344995806868,0.19840887728084908,0.19459178950915126,0.20559520510391796,0.20431067814801293,0.0
0.20222187389966556,0.19850829480916238,0.1909985825304201,0.20811654908605895,0.20015469967469307,0.0
0.19916674897566516,0.20225659953726066,0.184603454648337,0.20906994754956268,0.20490324928917455,0.0
0.19765333191184165,0.20243085604646702,0.18478504321810668,0.20675169358186934,0.20837907524171537,0.0
0.20029451120925487,0.20427147914741597,0.18829027662319955,0.20750702911484664,0.19963670390528293,0.0
0.19490127966433143,0.1932300117808742,0.2037358256307174,0.2046839537251351,0.20344892919894195,0.0
0.19843454945153016,0.20051729886572342,0.18834794405008515,0.2110318521404454,0.20166835549221585,0.0
0.1980628851918008,0.20376345527349934,0.18887199272364646,0.20542151387738,0.20388015293367354,0.0
0.19819314466905913,0.20345627653619713,0.18735005548001005,0.20586562676881237,0.20513489654592135,0.0
0.19864828447298974,0.20445208123228367,0.18611192968203574,0.2087294743545235,0.2020582302581673,0.0
0.19857405945607015,0.20153457295645738,0.1845999265003791,0.2095898691363237,0.20570157195076957,0.0
0.19877058735735892,0.19304799660992936,0.19156815076350933,0.21096485648085742,0.20564840878834503,0.0
0.1996924370781545,0.19996097509831262,0.18719194460735925,0.20761368297433883,0.20554096024183474,0.0
0.19789001097216216,0.2049550264119427,0.186822355381995,0.20719059969368642,0.20314200754021378,0.0
0.19995683009636114,0.20023422272838726,0.18785498594485375,0.2105057841779931,0.20144817705240478,0.0
0.19740433740896818,0.2032606155273739,0.18481891632457928,0.20736625133565303,0.20714987940342572,0.0
0.19890356354657987,0.1954229872944176,0.19553353556789813,0.20946585616536545,0.2006740574257389,0.0
0.19691971610592196,0.19269775965845476,0.19247823482918172,0.21286720445348217,0.20503708495295922,0.0
0.19644159130264519,0.19933184307330246,0.18631503189433865,0.20930774301275132,0.20860379071696236,0.0
0.1982683106892111,0.20117167842744577,0.18948503427072322,0.20814599977606252,0.20292897683655733,0.0
0.19728498289078733,0.20222352308085584,0.18753648938423348,0.2076252433001266,0.20532976134399683,0.0
0.2,0.2,0.2,0.2,0.2,0.0
0.19722290656012248,0.20017187688235497,0.18805707360901455,0.2106482276387162,0.20389991530979168,0.0
0.1956381395979201,0.1956401166644862,0.19104673749733195,0.20860771542321682,0.20906729081704492,0.0
0.2,0.2,0.2,0.2,0.2,0.0
0.1995599846671209,0.20286349462919337,0.18493165600905026,0.21039377207094245,0.20225109262369306,0.0
0.19829376710585608,0.19931354703020981,0.19176641714795706,0.20701096205676306,0.20361530665921398,0.0
0.19873009737477504,0.20573315931514,0.1813023388161863,0.20883061799406158,0.205403786499837,0.0
0.20098552882410065,0.2035286222754467,0.18597730093878267,0.20718375180751375,0.20232479615415622,0.0
0.1993496172661522,0.19817669912620586,0.18425884858904296,0.2068421353713858,0.21137269964721314,0.0
0.19996715842507515,0.19895070865597486,0.18507157605698077,0.20730791766097548,0.20870263920099383,0.0
0.19749151156799885,0.20179871724225207,0.18620353476939258,0.2086334535348682,0.20587278288548824,0.0
0.19912699316929797,0.20224892300135933,0.1851622738426173,0.2072784729101371,0.20618333707658826,0.0
0.20124725249065278,0.1996958585571981,0.1917520447531032,0.20522070532631856,0.20208413887272741,0.0
0.19931605542302128,0.2026196592744901,0.1859211716585919,0.20628587168279786,0.2058572419610989,0.0
0.19678326050849856,0.19933535694751486,0.18707092780293885,0.2121740686685959,0.20463638607245188,0.0
0.1965559885747276,0.19493026423320242,0.187009129444151,0.209990276507959,0.21151434123995996,0.0
0.1975856732256588,0.19733508583510628,0.19242372548462444,0.20651709198867174,0.20613842346593866,0.0
0.20040477160682726,0.19846920276773358,0.1829102961683246,0.21022692396177295,0.2079888054953417,0.0
0.1952748978387109,0.20286882815622842,0.19155996968274777,0.20857952290598228,0.20171678141633057,0.0
0.19682391760258122,0.20059396491668233,0.18875572262302914,0.2103788675743874,0.20344752728331975,0.0
0.1971506029108078,0.18869832694124536,0.20562379839442885,0.20681255217641878,0.20171471957709927,0.0
0.19971064975630373,0.20343076908366176,0.18724179485172954,0.2055392251114426,0.20407756119686224,0.0
0.2004937507365149,0.20077548270833048,0.1837296685347404,0.20904380073788523,0.20595729728252898,0.0
0.20023308973287243,0.19910635915048708,0.18873758376179614,0.2095947498035404,0.20232821755130395,0.0
0.20300107855285515,0.19960105043768073,0.19237053524546266,0.20467619892495373,0.2003511368390478,0.0
0.1999177094989042,0.20357434609982217,0.1869417785014939,0.20720900160635392,0.20235716429342587,0.0
0.20464776965016584,0.2021787631754088,0.18934218189753899,0.2066486396598197,0.19718264561706664,0.0
0.19807519111141605,0.1906698783822544,0.2055435796240292,0.20411319180618037,0.2015981590761201,0.0
0.1994445706959779,0.20380749135748896,0.18551867895251337,0.20768871381935,0.20354054517466982,0.0
0.19916671325594806,0.20600922690995216,0.18611938779882453,0.20658283072985398,0.20212184130542124,0.0
0.19858579690679448,0.20106572914991386,0.18961537256079794,0.20806442692244398,0.20266867446004977,0.0
0.1975035899832567,0.20199036886156033,0.1870211952729634,0.20525415703395627,0.2082306888482634,0.0
0.20178196517234775,0.20435129424926993,0.18862663753397044,0.20735925750691162,0.19788084553750027,0.0
0.20037790452981016,0.2018864243991759,0.18453210005536264,0.2080611205304728,0.20514245048517848,0.0
0.19516200892976365,0.19777364470426326,0.18964368458769126,0.21034899078562103,0.2070716709926608,0.0
0.19754892365227708,0.19982793264519333,0.18707699754307006,0.21050708650631825,0.20503905965314134,0.0
0.19911061223743648,0.1974138225370271,0.18860915268393968,0.21248774158534492,0.20237867095625178,0.0
0.19955944003596324,0.2015643191073858,0.19027421800277888,0.20592060867648895,0.20268141417738308,0.0
0.1967827862791755,0.2037061361145299,0.1868686506134974,0.20625900541546618,0.20638342157733092,0.0
0.19907624520049463,0.2004214167633189,0.18904375348203692,0.2092468602554977,0.20221172429865178,0.0
0.20071404686198857,0.20900467494089695,0.1786697077014704,0.20916801152956377,0.2024435589660803,0.0
0.1975791973465919,0.19534433405151483,0.18899769621827703,0.21054112096057395,0.20753765142304226,0.0
0.1988011517511632,0.20156403590949187,0.1866850493385868,0.20478870767081647,0.2081610553299417,0.0
0.19784767306228337,0.19342471727356714,0.19162527362935192,0.21405495018353501,0.20304738585126253,0.0
0.19879481899609386,0.19948366513506033,0.19048828165854226,0.2079165317862083,0.20331670242409516,0.0
0.20056036896033674,0.20442597154160408,0.1864884704155391,0.2100430096173586,0.19848217946516142,0.0
0.1995303203391,0.20463868891379625,0.1845359288148427,0.20780355120957555,0.20349151072268545,0.0
0.20056890119112358,0.19954587606090096,0.18554086836651557,0.20972399385401852,0.20462036052744143,0.0
0.20010712036917344,0.2011295598294134,0.18701337053055211,0.20712255815452213,0.20462739111633885,0.0
0.1992303250490833,0.1906823310583951,0.20554875347971693,0.20397094637802327,0.20056764403478136,0.0
0.20021640522181158,0.1969988872006007,0.1877162875139477,0.21206729520370268,0.20300112485993735,0.0
0.1990162494291572,0.20253698087646385,0.18996919349912628,0.20720905688591687,0.20126851930933573,0.0
0.20033648467238566,0.20164551181148677,0.18676011316816968,0.20528909996896913,0.20596879037898874,0.0
0.20004843297355376,0.19795218980720677,0.19155674648730925,0.20795445406315122,0.20248817666877897,0.0
0.2023989060534668,0.20600432644965896,0.18413920667365524,0.209080296383504,0.1983772644397149,0.0
0.19838958259668896,0.2021602861328921,0.18874824856219566,0.20510586277086715,0.20559601993735616,0.0
0.20112724197669068,0.2006020527168605,0.18421615157576263,0.2081133181213104,0.20594123560937588,0.0
0.1999197287166626,0.20464419528666808,0.18616967916350782,0.20547050214339485,0.20379589468976675,0.0
0.19914427512172647,0.19616468559481115,0.19205156561158485,0.20926243514635662,0.20337703852552083,0.0
0.19894444869871875,0.19988299944587998,0.18671742385042067,0.20823683010048225,0.20621829790449836,0.0
0.19839576723247052,0.19738139158303358,0.19095458532757292,0.20976952637937168,0.2034987294775513,0.0
0.20137717936825067,0.20058372924767945,0.18787715220844403,0.20570556055176253,0.20445637862386334,0.0
0.20012363659802546,0.20059163546612332,0.1895542862186272,0.20690053533606184,0.20282990638116202,0.0
0.20146897858158555,0.1993216279780287,0.19395225543273276,0.20396293139917804,0.2012942066084749,0.0
0.1967168255992727,0.19557180585254444,0.19057099112001769,0.21195483308897214,0.20518554433919303,0.0
0.19801973375150678,0.2048150545509969,0.18605982865387158,0.20925060841645476,0.2018547746271699,0.0
0.2024314189964176,0.19430541649614563,0.19163780695205676,0.2093904711606164,0.20223488639476367,0.0
0.2,0.2,0.2,0.2,0.2,0.0
0.20056364089771592,0.19829343952080974,0.19314726386125583,0.20626160381323422,0.20173405190698437,0.0
0.19857584391984495,0.20551904606622268,0.18863965116588569,0.20572583879178796,0.2015396200562588,0.0
0.19926906880768533,0.20256810777901466,0.18872195216318033,0.20496280064161954,0.20447807060850026,0.0
0.19505280418881688,0.20439261317611881,0.18991357530796824,0.20556792767039,0.20507307965670604,0.0
0.20109788168495005,0.2019408485813904,0.18711521757917396,0.20634800769561987,0.2034980444588657,0.0
0.1976407935177179,0.1983350526954233,0.1871717988241051,0.21186551228351713,0.2049868426792366,0.0
0.19629740510731625,0.1950063794500007,0.1922831864136942,0.2116626890374251,0.20475033999156383,0.0
0.20076803740739574,0.2031302941044785,0.1840604020629258,0.2080810116319508,0.20396025479324917,0.0
0.19980336823038672,0.20063184523013347,0.18589256197362553,0.20903670778680275,0.2046355167790516,0.0
0.20443487832803448,0.19989937019624124,0.18454388253959936,0.2101518298653095,0.2009700390708155,0.0
0.1991991981595852,0.1945643022572604,0.18987077176796993,0.2125097574448023,0.20385597037038228,0.0
0.1987258208170002,0.1948839278232065,0.1874920888442164,0.21207067810272107,0.20682748441285587,0.0
0.1980303088049745,0.203945780239735,0.186660227780166,0.20773750888638948,0.20362617428873506,0.0
0.19911969014962813,0.2017875828941362,0.1854789994180623,0.2071961072508955,0.2064176202872778,0.0
0.19890405705794198,0.1961241905964513,0.19455236819472224,0.2069781317722854,0.2034412523785991,0.0
0.20152696374425172,0.20184396346101383,0.1848937878896016,0.20860728644517837,0.20312799845995452,0.0
0.19869338555910035,0.20552860674445317,0.1868169361648927,0.20802203448063272,0.20093903705092106,0.0
0.20143367279744265,0.19600029516659104,0.18849997034667562,0.2133658062340649,0.2007002554552258,0.0
0.1973321405923144,0.1963095882212418,0.1872705035432701,0.20943594510047114,0.20965182254270254,0.0
0.20206658342747413,0.20104453464488864,0.19287776423256464,0.2022867286544503,0.20172438904062212,0.0
0.19765683871692696,0.19925119632890087,0.18889473104319976,0.21176477309329106,0.2024324608176815,0.0
0.1977897071548435,0.20329173803957556,0.18665414862818067,0.20618053978651935,0.20608386639088083,0.0
0.19986028371278386,0.19452735798210324,0.19117365828740945,0.21206087970339535,0.20237782031430804,0.0
0.19459105139825883,0.20142134745455337,0.18878397294033908,0.21034794998920173,0.2048556782176471,0.0
0.20079042135002256,0.19993573347525984,0.20111787380081292,0.19976604883419344,0.1983899225397112,0.0
0.19862923660909912,0.20278960412959424,0.1813275838364607,0.21096302458385796,0.20629055084098796,0.0
0.20310125470525905,0.19791772034968486,0.18826197269740183,0.2088223082733283,0.20189674397432608,0.0
0.1960720870877454,0.19750307371591508,0.1896404096756013,0.20950455009922467,0.20727987942151346,0.0
0.20092987352964092,0.19880727225580797,0.1899838432126058,0.20748225237163198,0.20279675863031318,0.0
0.19965779238749107,0.20230939392095157,0.18871237687292136,0.20739512303277052,0.20192531378586542,0.0
0.19866529048521803,0.20564527972978328,0.18401280828991834,0.20657394604981139,0.20510267544526906,0.0
0.19844624466289087,0.19882897257251106,0.18964511096059292,0.21109082126096088,0.20198885054304427,0.0
0.1997102214085201,0.19749518597073168,0.18634441583683634,0.2093988057555415,0.2070513710283703,0.0
0.20004423926440829,0.20181414422618837,0.181882424361367,0.2101870658090893,0.20607212633894714,0.0
0.19770639688555447,0.20541898958356108,0.1858055483072176,0.20600562222132968,0.20506344300233714,0.0
0.1997058631174903,0.2046519867074241,0.18745508477657147,0.20433994905707936,0.2038471163414347,0.0
0.1952986599240636,0.20447530872553965,0.18852371205643026,0.21027827190133166,0.2014240473926349,0.0
0.19745249335166962,0.1980425183434562,0.19243492625367042,0.20884251154702013,0.20322755050418356,0.0
0.19943065032842316,0.1980801634865394,0.19177667142194912,0.2062330194944507,0.20447949526863762,0.0
0.1984918798957342,0.202370767079904,0.18625571827840048,0.20767061208617776,0.2052110226597836,0.0
0.19781252415016223,0.19469641371488028,0.18859932181616343,0.21185417235674064,0.2070375679620535,0.0
0.19916849419398774,0.20544101122322425,0.18529100839181475,0.20626845331813914,0.2038310328728341,0.0
0.19860754718543278,0.2028741229182756,0.19012169666519818,0.20476397271095256,0.20363266052014084,0.0
0.1983885466639253,0.2023797261758191,0.18946401775248414,0.20756606946187306,0.20220163994589843,0.0
0.19738993181873413,0.20387047817031745,0.18594026856149554,0.20638798068920758,0.20641134076024537,0.0
0.19998843953249956,0.1994039642247598,0.18729721577246725,0.20812678508806115,0.20518359538221212,0.0
0.20055890758486167,0.2042442001339521,0.18933831479314409,0.20776513252076825,0.19809344496727385,0.0
0.196935675675384,0.20552896288187317,0.1845116371835186,0.20787331033845027,0.20515041392077385,0.0
0.19849073984203433,0.20103305873248264,0.18469622638744457,0.2132970847354154,0.2024828903026231,0.0
0.19674251272476773,0.19459755331883635,0.1947090101913189,0.20734705394294878,0.20660386982212817,0.0
0.1980450980425011,0.1944178388628329,0.190347108707503,0.2101078472073369,0.2070821071798261,0.0
0.19838246339798668,0.20499537168516874,0.1815005053607174,0.20992471478674377,0.20519694476938344,0.0
0.19827583871708152,0.20542635137478593,0.1860256024647045,0.20655634846687707,0.20371585897655103,0.0
0.19981896214898315,0.19882001147406453,0.1867263126614107,0.2109034170619498,0.2037312966535918,0.0
0.19680653387018218,0.19866060471737979,0.18966112313292724,0.21028136228696503,0.2045903759925457,0.0
0.19668331180121032,0.20041359759908917,0.18449267167673838,0.2104716687371928,0.20793875018576927,0.0
0.19759802708033475,0.19898641617497065,0.18907860780334224,0.20879333407153805,0.20554361486981437,0.0
0.19957096485254852,0.20037891843389918,0.19101331305709893,0.20761979616757473,0.20141700748887872,0.0
0.1977913381059203,0.2012778025631492,0.18700259168609604,0.20789547260081553,0.20603279504401895,0.0
0.20502822308447424,0.2043416429785508,0.18590052011389707,0.20039969961715082,0.20432991420592697,0.0
0.19723558718443948,0.1945690218592814,0.1949823748211674,0.21201321455453817,0.20119980158057355,0.0
0.2003190622803906,0.20373513935392704,0.18741218248932354,0.205507918691084,0.20302569718527477,0.0
0.20154209582188748,0.20019875785122535,0.19506114712712566,0.2044123482677381,0.19878565093202338,0.0
0.19957135761700512,0.20483294865805665,0.18723987161619388,0.20765852399306234,0.20069729811568202,0.0
0.19867068285421435,0.20666475429117723,0.1857582697367777,0.20827060959099195,0.2006356835268388,0.0
0.2019859656751557,0.20200574938671975,0.1908062085257949,0.20515853215002125,0.20004354426230855,0.0
0.19883461581968526,0.20491908549994778,0.18394401374590186,0.2074638048820194,0.20483848005244565,0.0
0.1984411822484887,0.19943473173339038,0.18867591533999073,0.20759708139967886,0.2058510892784513,0.0
0.19842572922845644,0.20330753493181997,0.1859950190409093,0.20967989975039886,0.20259181704841545,0.0
0.19829797581454206,0.2037759715452059,0.18910092738349973,0.20405929533972234,0.2047658299170301,0.0
0.19861429015897172,0.19846007080080963,0.18723980153335143,0.20863598027259814,0.20704985723426897,0.0
0.19667862251459536,0.20216488363038992,0.18629246556221776,0.21232746122529209,0.20253656706750495,0.0
0.2021183446178045,0.20153913728588463,0.1940948312352519,0.2038648279342637,0.19838285892679527,0.0
0.1992577288762921,0.20464586542198923,0.18634692462537258,0.2055605226393306,0.2041889584370155,0.0
0.19929771820903555,0.20376444360639553,0.18405822531313185,0.21144405680002512,0.20143555607141203,0.0
0.20014021043988348,0.19998970795927298,0.18821760647150992,0.20734504191730949,0.204307433212024,0.0
0.19852701283195232,0.20165732089479652,0.18965087686511434,0.2069909723697335,0.20317381703840326,0.0
0.19667182192990262,0.19825696606356233,0.18706694407527247,0.21089797556929504,0.20710629236196756,0.0
0.19688031118438284,0.19889062445715117,0.18919811935369374,0.21132246849505829,0.20370847650971408,0.0
0.19681709094602096,0.20359072830949967,0.18727628501871102,0.209458136819718,0.2028577589060502,0.0
0.19893030316883473,0.19169204363630643,0.1939369280501788,0.21188266294834035,0.20355806219633982,0.0
0.20094111067573603,0.20036491284185393,0.1901920050654929,0.20964382347471128,0.19885814794220588,0.0
0.20030053595291106,0.20145684478127077,0.1848631989103276,0.21206962650843902,0.20130979384705153,0.0
0.19749587645095862,0.1970701140511065,0.19238239054225903,0.21059531715664703,0.2024563017990287,0.0
0.2006911102136135,0.20252566465393132,0.1860894327954614,0.2087502349136779,0.2019435574233159,0.0
0.20536080274203516,0.203854260182858,0.19311686658636187,0.20110403190852189,0.19656403858022312,0.0
0.19917901399378826,0.19855247018849098,0.1861606263905271,0.21010254457701197,0.20600534485018182,0.0
0.19559652409981534,0.1997443566296401,0.18963842752767013,0.21113230699847257,0.20388838474440185,0.0
0.19738097717349817,0.19696998459972354,0.19449970206713468,0.20817603835353007,0.20297329780611353,0.0
0.20079457190903727,0.20402969156535145,0.1877294949583944,0.2044431929928097,0.20300304857440715,0.0
0.1992991284469783,0.20189185462518505,0.1916168909921985,0.20677068523710998,0.20042144069852819,0.0
0.20014617261954526,0.20260818381532528,0.18668103136124936,0.20598457523077593,0.20458003697310415,0.0
0.19945726346901668,0.20045737574303957,0.18865019111258693,0.20814682367760184,0.20328834599775492,0.0
0.19919437451027672,0.200004155794041,0.18839332974004921,0.20690929967822191,0.20549884027741108,0.0
0.1994636634559049,0.20341794904920976,0.19017396966920164,0.2070030416463074,0.19994137617937627,0.0
0.20064456049196056,0.1999372502584761,0.18654745665057168,0.20772990793356458,0.20514082466542716,0.0
0.19958608558776852,0.20520243899577473,0.18432750079903276,0.2089838815162457,0.2019000931011783,0.0
0.2,0.2,0.2,0.2,0.2,0.0
0.19935858072555826,0.20643022053044818,0.18692289701632825,0.20419084541883098,0.20309745630883438,0.0
0.2021111099233835,0.20179663522608554,0.18491962381951957,0.20683913160666062,0.20433349942435078,0.0
0.1979872818013511,0.19571625060119863,0.1926893773129332,0.20946477403556535,0.20414231624895174,0.0
0.2036294689774639,0.2037205934935602,0.19179565296748893,0.20180506330868403,0.199049221252803,0.0
0.19638866255948428,0.19736221062471798,0.18876136441309543,0.21011374337635105,0.20737401902635128,0.0
0.1985161919079059,0.20138468670234494,0.1895153827707495,0.2065369931701122,0.20404674544888735,0.0
0.20139314360349728,0.2021932182401258,0.18759216056059994,0.2051874449510615,0.20363403264471533,0.0
0.19823961810705054,0.19606440502918063,0.19198760457019684,0.2078007127388625,0.2059076595547096,0.0
0.19947837049909475,0.20248947726940025,0.1882316343341416,0.20633112028743358,0.20346939760992974,0.0
0.20063280881440498,0.19960282325311812,0.1844099573646162,0.21075408956764366,0.20460032100021697,0.0
0.1994108136062507,0.20473156739841117,0.18447485608173667,0.2068467668618271,0.20453599605177447,0.0
0.2014360693179042,0.19948359058871984,0.18508523712592173,0.211560247613721,0.20243485535373337,0.0
0.1976001313432154,0.204600961750899,0.18676154913546503,0.20661566752071162,0.204421690249709,0.0
0.19816906967922016,0.18702174178912223,0.2078580174062454,0.20610368261080603,0.2008474885146062,0.0
0.2012415764702582,0.20181137917565664,0.19068512115685124,0.20515011470883504,0.20111180848839885,0.0
0.20043254524924486,0.202926164143305,0.18317396938656147,0.20978218832100348,0.20368513289988507,0.0
0.19836806587265665,0.19865897552479686,0.18945569697689385,0.21286415608600404,0.2006531055396486,0.0
0.19881138487056174,0.2051630052845762,0.18881220154295625,0.20515386222221593,0.20205954607968984,0.0
0.19844413486312237,0.2007455520148416,0.18773337163364417,0.20682220383112687,0.20625473765726499,0.0
0.1980245444131389,0.20095805862525926,0.1880296374938182,0.21003472478504434,0.20295303468273926,0.0
0.20008503943967576,0.20227718934002437,0.1864395064827628,0.20731906268343517,0.20387920205410187,0.0
0.1990974753325242,0.20008554480078214,0.19058492204548486,0.20651594109930546,0.20371611672190337,0.0
0.19871917520174578,0.1997675427014455,0.18856503582958403,0.20704325973054896,0.20590498653667583,0.0
0.20003482941035666,0.2032296783544579,0.18540873397876667,0.20636722906159582,0.2049595291948229,0.0
0.20056309087900853,0.19535680519778603,0.19083966916600076,0.20975202055204342,0.20348841420516134,0.0
0.19958665911556947,0.19483963340734245,0.19254352305550182,0.20889871882482156,0.20413146559676465,0.0
0.1991825501129235,0.20180267967387114,0.19113640996246428,0.20734176035632823,0.20053659989441283,0.0
0.19866059293961877,0.19552544215676576,0.18908887706518168,0.20967323034637447,0.20705185749205945,0.0
0.2,0.2,0.2,0.2,0.2,0.0
0.19739384838761215,0.19488838213900198,0.19520055188696886,0.208139210630421,0.20437800695599606,0.0
0.19761281080861468,0.20000849676854954,0.183661366945421,0.21179734110384255,0.20691998437357226,0.0
0.19938116629009148,0.19510255732745338,0.19356588604491437,0.20874983975638997,0.2032005505811507,0.0
0.19704721536199196,0.20336039833441394,0.18161654122015414,0.21045914566465876,0.20751669941878112,0.0
0.20352090310522572,0.20002068486200864,0.1936589851108839,0.20315547657982228,0.19964395034205948,0.0
0.19985135231805093,0.19857052953386475,0.18780407219581652,0.20986556744475807,0.2039084785075097,0.0
0.19931511343215283,0.20126392627545994,0.18570957456057305,0.21003050162142423,0.20368088411038993,0.0
0.20132502144116327,0.19657783767683432,0.19034256049217813,0.21091304924523113,0.20084153114459316,0.0
0.19835519337949892,0.20392949572365976,0.18655102928177572,0.20676465322289156,0.20439962839217415,0.0
0.1999309668031408,0.1987804667181727,0.1868865335936321,0.21362525831994172,0.2007767745651128,0.0
0.19954631843816015,0.19619332092779376,0.18638513337008736,0.2094073800198903,0.20846784724406844,0.0
0.199511777566592,0.20422707878912863,0.18766601114995868,0.20641837127975624,0.2021767612145644,0.0
0.1994922416897887,0.20402962928777205,0.18474286911424148,0.20776597504541383,0.20396928486278387,0.0
0.19735311919859083,0.19616705841502302,0.19559506028502796,0.20940253659018834,0.20148222551116987,0.0
0.20000864988385822,0.19832851667514015,0.18968637106463443,0.20893213152294257,0.20304433085342455,0.0
0.19975312622956856,0.20291145646260425,0.1862196239263749,0.2072717322437943,0.20384406113765804,0.0
0.19624368623029873,0.20449714793806065,0.18601440374228836,0.20835437946645677,0.20489038262289544,0.0
0.1997214362992256,0.1990225484962691,0.1872275483998007,0.20955212644341387,0.20447634036129067,0.0
0.20811404805241804,0.2055809766177404,0.19082613485088035,0.2016543374349097,0.1938245030440516,0.0
0.1974578348094031,0.20423363879701023,0.18552433912153396,0.20649804230373686,0.20628614496831577,0.0
0.1972727842586663,0.1983727429645104,0.1912955758904866,0.2070030937955787,0.206055803090758,0.0
0.1973425081624051,0.1943584859919762,0.1925846940145795,0.2111209180392328,0.2045933937918064,0.0
0.19901871985910768,0.20459664694698085,0.18691647809232426,0.2055503376525142,0.20391781744907278,0.0
0.19791204624638617,0.20405647063660184,0.1837342666633274,0.2107487974038979,0.20354841904978657,0.0
0.19942786031260926,0.20264976559426942,0.18944643136832898,0.2059320374612975,0.2025439052634948,0.0
0.19922268967089796,0.20352248347950846,0.187231865105595,0.20627630590135365,0.20374665584264487,0.0
0.1997296458245341,0.19732150028837422,0.18937501629750272,0.20929568509880747,0.20427815249078154,0.0
0.2019891858643576,0.20166724312529435,0.18999453747490133,0.20604069625441213,0.20030833728103456,0.0
0.19839687979559328,0.19778104291973633,0.18656720173820157,0.20891223439648207,0.2083426411499866,0.0
0.199241055223913,0.1997714615890615,0.1902348095080643,0.20757833534002187,0.20317433833893944,0.0
0.20103953265105337,0.20041214187675613,0.1926190768345561,0.20317721699362665,0.20275203164400774,0.0
0.1976098368630396,0.2025561316765627,0.18832055410148119,0.2091338462621195,0.202379631096797,0.0
0.19680821955635283,0.1958218708252724,0.1989789024555954,0.20455182316768736,0.2038391839950919,0.0
0.19605875501758388,0.19711535861921667,0.18813122463308152,0.21002076162026456,0.20867390010985346,0.0
0.1992135354347053,0.1995347837837939,0.18974940056146117,0.2085598989993896,0.20294238122064998,0.0
0.19853372151388735,0.19615500793357304,0.18586236693789598,0.2117879250429041,0.2076609785717394,0.0
0.1993978971664729,0.19868449697081536,0.19245829718625712,0.20838861235729275,0.20107069631916186,0.0
0.19722542532446816,0.20393968893262754,0.185973181142599,0.2074061981777275,0.20545550642257765,0.0
0.19695042717294797,0.20230587376928064,0.18423876616035673,0.211066604529735,0.2054383283676797,0.0
0.19649877341849517,0.20471051797014655,0.18753936819961572,0.210593505518012,0.20065783489373054,0.0
0.19806115064607255,0.20093530832125356,0.18830732345944637,0.20525244793421107,0.20744376963901642,0.0
0.20077951995746462,0.19809160091685382,0.1859492040091404,0.2123550909449338,0.20282458417160745,0.0
0.19817886282756714,0.2027191913112008,0.18599944075375804,0.20707870993027133,0.20602379517720262,0.0
0.19958637276192545,0.20061953516428627,0.18994938767982206,0.20849120012158737,0.20135350427237902,0.0
0.19638929870342836,0.19979841430659853,0.18689977261319393,0.21248097179435907,0.20443154258242024,0.0
0.20497238533989537,0.20209456657707206,0.1912145181961157,0.20235699123075312,0.19936153865616368,0.0
0.19880019121207002,0.20781001605041127,0.18696105794650536,0.20764242477361156,0.19878631001740177,0.0
0.1988704756727109,0.20039340790966267,0.1864862249204719,0.20810386452953974,0.2061460269676148,0.0
0.19996323094285967,0.20069810061332485,0.1880535175113013,0.2093796601581887,0.20190549077432537,0.0
0.1997214325688173,0.20294621196455612,0.18837415400614368,0.2052890261458825,0.20366917531460046,0.0
0.19746431710068385,0.1972801124196841,0.18517354272588674,0.21150755117783315,0.2085744765759122,0.0
0.19789925643579098,0.2030445340382057,0.18492172133104073,0.20741845927251437,0.20671602892244828,0.0
0.2021795607934968,0.20036996085859832,0.19210365815260796,0.2047571627107436,0.2005896574845533,0.0
0.202062833835492,0.19901579799447008,0.19074120867088598,0.20736226279020772,0.2008178967089441,0.0
0.19813318531911936,0.20038171597089405,0.18977251484031882,0.20673194562496333,0.20498063824470447,0.0
0.20018015409628323,0.20086646177271616,0.18377446265571168,0.2105381792368361,0.2046407422384528,0.0
0.1964884474111578,0.19685870037312245,0.1949442652845499,0.20698874293141717,0.2047198439997526,0.0
0.1986719727906366,0.2018001579919619,0.18426395942116086,0.20866469686558378,0.20659921293065683,0.0
0.19725077645411246,0.19470724653832827,0.18960743279804898,0.20928854923176474,0.20914599497774553,0.0
0.1976216324779624,0.2014919225646918,0.18845175812375703,0.2072525472383936,0.20518213959519516,0.0
0.19991636023754042,0.20484259903968974,0.18626657007148004,0.20516991045816585,0.20380456019312393,0.0
0.19822924572846123,0.20132907337085051,0.18750727743670126,0.20763469334417953,0.2052997101198074,0.0
0.1968279343274641,0.1962802465289414,0.19109803846022944,0.2099193222082263,0.20587445847513883,0.0
0.1995888808842884,0.1972478642745132,0.19144434609921993,0.2108603579492572,0.20085855079272133,0.0
0.1986974713429378,0.1995696032965091,0.18673800140956615,0.21275710533860337,0.20223781861238346,0.0
0.1984870980261001,0.20157293500055143,0.18269604842587542,0.2103403997874568,0.2069035187600162,0.0
0.19940325979203674,0.2047014986916846,0.18428754474390627,0.20865840278980746,0.202949293982565,0.0
0.19852386955624293,0.2040337332904313,0.18490129298075209,0.20675974294234223,0.20578136123023139,0.0
0.20056075257298495,0.2018265495765835,0.1868216462144958,0.20715623789353815,0.2036348137423976,0.0
0.20020624061273343,0.19732480400765778,0.18970070815947512,0.20922882567785572,0.20353942154227794,0.0
0.19856159073706497,0.1994392500813387,0.1903770158511561,0.2092881351145553,0.20233400821588488,0.0
0.198582170879961,0.19832695460568883,0.18492618450399306,0.21165471091798946,0.2065099790923677,0.0
0.19827041300013237,0.19814948920978953,0.18649825443320844,0.21265583357959345,0.20442600977727618,0.0
0.19924538729765234,0.19834241353155502,0.18772033387542134,0.2090019859410969,0.20568987935427452,0.0
0.19772649023437772,0.20447258995286705,0.18586385135043268,0.20957433378990534,0.2023627346724173,0.0
0.19868036803765643,0.20522227283870806,0.18509238849800064,0.20675306656466003,0.2042519040609749,0.0
0.19739733991198577,0.20144383973349386,0.1862288789271083,0.2123583835680121,0.20257155785939993,0.0
0.19653431317953562,0.19428667117538603,0.19150750427068458,0.20962619375633076,0.20804531761806308,0.0
0.19780872650668307,0.19648752667948327,0.18754908620589417,0.21146172722956968,0.20669293337836975,0.0
0.2004006505268172,0.2034289090162761,0.1845542570305113,0.20888059900824882,0.2027355844181466,0.0
0.20019210022403236,0.2024483658512328,0.18632898201696546,0.2074425879253156,0.20358796398245377,0.0
0.20043637383472013,0.1888696617934326,0.20597905815892134,0.2043078435893712,0.20040706262355476,0.0
0.20102285798991795,0.20037554321210518,0.19377825723562647,0.20629319000531854,0.1985301515570318,0.0
0.20077564771789508,0.20100864989575237,0.18543589039236677,0.20903909093609757,0.20374072105788812,0.0
0.20259696173073677,0.20146133038896025,0.1962091550950527,0.1991961790436971,0.20053637374155314,0.0
0.19909437740154398,0.20194451374975855,0.1862251520637623,0.2064299292130914,0.2063060275718439,0.0
0.2,0.2,0.2,0.2,0.2,0.0
0.19717325742877836,0.1955435994404824,0.18827042003070585,0.2092792174079496,0.20973350569208382,0.0
0.19677831705657292,0.1882509479716127,0.20662257049203078,0.20583684699287028,0.20251131748691334,0.0
0.19883133193479835,0.20619441963282045,0.18344105422336238,0.2103314620736818,0.20120173213533712,0.0
0.19723353287681197,0.19917569120201514,0.1889084380531056,0.2113111239285461,0.20337121393952118,0.0
0.2011308603589049,0.19960485375315049,0.18727334296767262,0.2102066340439826,0.20178430887628948,0.0
0.1985706266531768,0.19832664511374415,0.18724548228484833,0.20914266406406787,0.20671458188416297,0.0
0.20007447259643468,0.1961855565697395,0.19530174059261632,0.20483266673188685,0.20360556350932255,0.0
0.19904750897563742,0.19458310424838215,0.1895360420480381,0.21198382205733665,0.2048495226706058,0.0
0.20086705270838415,0.2013083907235026,0.1809339714829504,0.20952132493660974,0.20736926014855314,0.0
0.20118908803158334,0.20355786888755364,0.18605417729083926,0.20578287800945463,0.2034159877805691,0.0
0.19811088248148048,0.2034308377552557,0.18683291040587371,0.2111977439628117,0.2004276253945783,0.0
0.19852140980599653,0.19763747512999089,0.18452063481986494,0.20886617527714346,0.2104543049670043,0.0
0.1967763495803074,0.19488808021689968,0.19180941447840047,0.209993076458262,0.20653307926613051,0.0
0.20104376419247466,0.19661092737644237,0.18743814461822314,0.2125143901336927,0.20239277367916694,0.0
0.19960430281363215,0.20060865341512163,0.1880454295019665,0.21163695454944248,0.2001046597198373,0.0
0.1992042024649068,0.2017779683717194,0.18454556455036197,0.2090933874837038,0.205378877129308,0.0
0.1983838906556496,0.1939672833481175,0.1954202142003078,0.21181640547522168,0.20041220632070347,0.0
0.19801866184337238,0.19300296804432676,0.20505430498844462,0.20475264978058158,0.1991714153432746,0.0
0.19677414886728062,0.19953300240610553,0.18796781794409123,0.20998448969054473,0.20574054109197795,0.0
0.19889523328936634,0.20441703235682424,0.18630381841677443,0.2087459381846677,0.2016379777523672,0.0
0.1994807302147521,0.20306160687513344,0.1920951709232425,0.19851481839706303,0.20684767358980888,0.0
0.20053850366463005,0.20091339876823805,0.18743339426157826,0.2081093246708753,0.20300537863467824,0.0
0.19890787996335027,0.2040236485090753,0.1893034607712102,0.2050855200779163,0.20267949067844782,0.0
0.19839514404644623,0.20418425117603245,0.1858945176921889,0.20893743144868898,0.20258865563664355,0.0
0.19914723266417791,0.20184375972413643,0.18530665153605042,0.2077333718628641,0.20596898421277116,0.0
0.19668894517089727,0.20021924247018402,0.18701569933775392,0.20805464162586856,0.20802147139529614,0.0
0.1979674203924547,0.20286508041273185,0.18485109933308397,0.21016051407246353,0.20415588578926594,0.0
0.20099299226423753,0.20224634013735132,0.193831327834454,0.2037769393727346,0.19915240039122242,0.0
0.19701430274690232,0.19643288278654417,0.19273837828874657,0.21084524842552135,0.20296918775228576,0.0
0.1985806041068758,0.201056983550817,0.18768122525682868,0.20773800849501867,0.20494317859045988,0.0
0.19859924644738877,0.20259693967371456,0.1861641134246211,0.20754061719642328,0.2050990832578523,0.0
0.19872040472399163,0.19917687773438825,0.18586988723370068,0.21029306333738662,0.20593976697053293,0.0
0.202227520830943,0.20070935058486084,0.19077247808616474,0.20692551955342817,0.19936513094460315,0.0
0.19901657861910066,0.19531685568677798,0.20615290902140576,0.2010124580036557,0.1985011986690599,0.0
0.1987684036256552,0.20125265528409733,0.189591616868775,0.204631184300559,0.20575613992091352,0.0
0.19901514028391878,0.20078138141036522,0.18792639447268716,0.20744146630574106,0.20483561752728782,0.0
0.19779288543399284,0.204491352656382,0.18711100634117658,0.2058964173817207,0.20470833818672785,0.0
0.1973749598835029,0.20287486224916645,0.18819557472710316,0.2090781802509463,0.2024764228892811,0.0
0.19835775056758992,0.18904713889342167,0.20387546677609136,0.20650963474980447,0.20221000901309255,0.0
0.1998539733722257,0.20142007209172635,0.19030953181192686,0.2083678366263433,0.2000485860977777,0.0
0.19887670274161165,0.20153805175857598,0.18744346882220547,0.2113573848054895,0.20078439187211752,0.0
0.19783435669278132,0.1991981438765354,0.19180864301153078,0.20754567706879606,0.20361317935035653,0.0
0.20272335245895767,0.20154896105197995,0.18845004848424232,0.20428859307232408,0.20298904493249598,0.0
0.20060446045884203,0.20376471652876535,0.1860965443787104,0.20704611014440444,0.20248816848927773,0.0
0.20133557116704484,0.20283166942133743,0.1889831349850105,0.20556934838108332,0.20128027604552398,0.0
0.2029568419752404,0.2017366939231969,0.18983134879245497,0.20432833396376202,0.2011467813453459,0.0
0.19689104885393352,0.20444411754337463,0.18493358000989857,0.20626810024004527,0.20746315335274795,0.0
0.1975440582130675,0.19476527045359066,0.19464695613491126,0.20805592586816749,0.20498778933026304,0.0
0.19593867463218398,0.20203472245183773,0.18973688734017272,0.20776385144825504,0.20452586412755047,0.0
0.19958979870007904,0.20199868731049378,0.18757092579844817,0.20704963779145832,0.20379095039952064,0.0
0.20013830899446594,0.20221414652813324,0.18956099614352073,0.2057864459447698,0.20230010238911028,0.0
0.20043590453079196,0.2063360253735956,0.18434477607399877,0.2068084894475371,0.20207480457407662,0.0
0.1972812529076923,0.19763535195818366,0.18598563097536508,0.21187324163694965,0.20722452252180942,0.0
0.1981782424728231,0.19824354708136835,0.1919808362581599,0.20962092249622288,0.20197645169142575,0.0
0.20063608336955888,0.19850434051117577,0.1878092052830593,0.20546307126684482,0.20758729956936117,0.0
0.19936779033488117,0.20556776932795603,0.18432367768206276,0.2060921317467472,0.20464863090835286,0.0
0.19651279748549744,0.19833533335061862,0.19179308147782367,0.2078719292830501,0.2054868584030102,0.0
0.19626250549112453,0.19266834864860194,0.19144318337097577,0.21013467633280947,0.20949128615648835,0.0
0.20119705838777446,0.19941668615553318,0.18569499090800662,0.21022471039082086,0.20346655415786472,0.0
0.20015687725359835,0.19971329904033283,0.19024942080145676,0.2050926850371879,0.20478771786742417,0.0
0.1996110929777394,0.20306285999791526,0.19031884737000468,0.2055662908728278,0.20144090878151283,0.0
0.19749954536258,0.1975984580828408,0.1910463380379983,0.2108066954664976,0.20304896305008316,0.0
0.20065727088950738,0.20196852393591197,0.18789144016438855,0.2047550978062078,0.2047276672039843,0.0
0.19932615101948128,0.2025433540595005,0.18665638778719243,0.20833858168744127,0.20313552544638452,0.0
0.20093126453257332,0.20168606016489388,0.18893794514236714,0.20626422780026338,0.20218050235990226,0.0
0.19656924144843255,0.20356532489697937,0.18813001266869697,0.2087177917449102,0.203017629240981,0.0
0.20095944087993164,0.20115387514695807,0.18647855659802023,0.21139260333895302,0.20001552403613707,0.0
0.20002023199305347,0.20242742320837978,0.18760062941052064,0.20777988643002268,0.20217182895802344,0.0
0.20055505206472551,0.19914114714093695,0.18856104392236064,0.20831198505761836,0.2034307718143586,0.0
0.19605843019614674,0.1960999642322288,0.19189281241355355,0.20909938495911948,0.20684940819895142,0.0
0.20255326171828558,0.20103355706593223,0.18789379592193184,0.20606566783619187,0.20245371745765844,0.0
0.1990114750042553,0.20355678927193446,0.18586067563455774,0.20673057348936436,0.20484048659988818,0.0
0.20069100037470783,0.19910008390436235,0.19117825214793574,0.20750357293991858,0.2015270906330755,0.0
0.19964308228813196,0.2046118142760456,0.19187892930236386,0.2028356581081359,0.20103051602532274,0.0
0.19741585214540647,0.20533346995280435,0.18567878928066117,0.20867807600174215,0.20289381261938585,0.0
0.19903441686043535,0.20130379673822513,0.1857236142801079,0.21063227974689774,0.20330589237433405,0.0
0.19936170511977355,0.20339441646317255,0.1822413115675725,0.20945375622077986,0.2055488106287014,0.0
0.20045551525510327,0.19964726737913463,0.18887893751718268,0.20845430042164773,0.20256397942693155,0.0
0.20156484404669917,0.19882450910487537,0.18582893166093134,0.20855613891772815,0.20522557626976592,0.0
0.19817384599553337,0.20051981069836575,0.19136373340512475,0.21070140963395825,0.19924120026701794,0.0
0.19732000861444646,0.20051714946371935,0.19100635040447553,0.20683799550246457,0.2043184960148941,0.0
0.19818801323760338,0.20100435707536787,0.18815302799623962,0.20646633762561004,0.20618826406517915,0.0
0.19878533053300879,0.2024738096264552,0.18344712782126382,0.2095948217471179,0.2056989102721543,0.0
0.1993040585721086,0.20571511880467905,0.187167555526156,0.20475167045901851,0.20306159663803774,0.0
0.19735094450994212,0.1946655497853719,0.19395222210209437,0.21094480297575266,0.20308648062683884,0.0
0.20512904022577003,0.19714690426164755,0.19402070720869868,0.20414288954832277,0.1995604587555608,0.0
0.19825288719263337,0.20599903425517652,0.18430769022001875,0.20752659309312346,0.2039137952390478,0.0
0.2012520565315175,0.2037286247959884,0.18195343096892874,0.20966727589269404,0.2033986118108712,0.0
0.20050075113990068,0.20062549156840156,0.19050981604648917,0.20893854750345894,0.1994253937417497,0.0
0.20041865025530972,0.20392174230628587,0.18888870210752806,0.20620693424708617,0.20056397108379012,0.0
0.19835564344684337,0.1999470689690275,0.1896015384577424,0.20793908276117926,0.2041566663652074,0.0
0.19892707038191002,0.19988908789974003,0.18734793530394003,0.21047478112943235,0.20336112528497766,0.0
0.19882218968214468,0.20268201605038408,0.18412818482219584,0.20863996339981156,0.20572764604546398,0.0
0.19802705414124144,0.20274617183500243,0.1879093923452233,0.20837813479172446,0.2029392468868085,0.0
0.2006483660410009,0.19814124816017026,0.19345692745670887,0.20616086791183114,0.20159259043028882,0.0
0.19970186890859523,0.19928279301922505,0.18639087276504132,0.20882236826690825,0.2058020970402301,0.0
0.19640814361531742,0.20041853483019872,0.18917835583367826,0.2073452789057194,0.20664968681508625,0.0
0.19892544129639278,0.20053886052284586,0.18997090628388913,0.2096841937038238,0.20088059819304832,0.0
0.20104903045561584,0.19904387355017458,0.19112767775398384,0.20950431545622974,0.19927510278399596,0.0
0.19938775329634406,0.20397977464807251,0.18930477348755725,0.20641578090038643,0.20091191766763972,0.0
0.19529332912407543,0.19325003690149167,0.19416565609457015,0.21273282853137682,0.20455814934848587,0.0
0.19769551329103743,0.20280030162626253,0.18434874770861664,0.20862898928243398,0.20652644809164936,0.0
0.200678238188915,0.20116430846215502,0.18843249828283348,0.20641307904473852,0.20331187602135797,0.0
0.20076362131839628,0.20385814393756432,0.18172544143584216,0.20704208285636638,0.20661071045183088,0.0
0.20031731359162805,0.20076106144616646,0.18825724028549912,0.20808757562113842,0.20257680905556782,0.0
0.20189870908209984,0.20730603983069554,0.18285016681118557,0.20902806630387374,0.19891701797214523,0.0
0.19761956402609102,0.20081308219421667,0.1860049362189713,0.21190382511170777,0.20365859244901308,0.0
0.20167574996683912,0.20280690095094325,0.18949424925722066,0.2079901152590298,0.19803298456596713,0.0
0.19946670416025364,0.201685741614732,0.18500060851093847,0.21090667524048556,0.20294027047359034,0.0
0.20135925952424408,0.203676844809253,0.1883780322384046,0.2080526905488573,0.198533172879241,0.0
0.20940759932730532,0.20184995943072623,0.19223730289691543,0.20081521680332168,0.19568992154173132,0.0
0.19715738498934818,0.19934531686824433,0.1900946984784058,0.20774913792896435,0.20565346173503735,0.0
0.1963759529973635,0.20468107547192108,0.18537103092611767,0.2089458604819329,0.2046260801226649,0.0
0.20052795045542426,0.20071315262036127,0.19719527975606854,0.19701851660663147,0.20454510056151443,0.0
0.19717007458337182,0.2015896284252948,0.18604775185226863,0.2105666088889986,0.20462593625006614,0.0
0.19919591660960906,0.19865337431254843,0.18803439951845857,0.21173897065244968,0.20237733890693413,0.0
0.19992884646551431,0.19926520713344903,0.18940542345990644,0.20726201096476796,0.20413851197636232,0.0
0.2014227804841377,0.200293233955189,0.1872787533007341,0.2073827438315544,0.20362248842838485,0.0
0.19945778737125025,0.20115718941178554,0.19273184012912467,0.20755532789779235,0.1990978551900471,0.0
0.19990997185666498,0.19801603809403834,0.1872718183028604,0.20882008576525682,0.20598208598117934,0.0
0.19819004823007424,0.19883475407906845,0.19092249671865155,0.2102809013351373,0.20177179963706837,0.0
0.19682157423786253,0.2051682865975709,0.18654531998920326,0.2069487857857856,0.20451603338957774,0.0
0.20028650614346086,0.1950759304806967,0.19095886080248053,0.20960446280671102,0.20407423976665104,0.0
0.20113404039401986,0.2015584098482307,0.19063188392407981,0.20438395634027715,0.20229170949339245,0.0
0.19835252405684742,0.2012460380144586,0.18489583094960216,0.21071943730522424,0.20478616967386745,0.0
0.19940608827888145,0.19887216226741666,0.19139800139663427,0.20724199581376113,0.20308175224330646,0.0
0.19671072016699684,0.20322462123748397,0.18952962453085168,0.20534970320150572,0.20518533086316176,0.0
0.20019673069201005,0.20455295657920883,0.18697321053412472,0.2049986587313575,0.20327844346329893,0.0
0.19832408404788304,0.19897901965621564,0.18700117759602486,0.21244902923655715,0.20324668946331925,0.0
0.19897559297772688,0.20195668153009652,0.18604733206667898,0.2083628794555042,0.20465751396999338,0.0
0.19988347786683708,0.20351635320565425,0.18880608026093346,0.20421134633204405,0.20358274233453108,0.0
0.2017968655585029,0.2018690932029263,0.18898386962924033,0.20686398438957523,0.20048618721975525,0.0
0.19810575061649255,0.19856584940652922,0.1876422263735515,0.20776829920694845,0.20791787439647824,0.0
0.19941471640942915,0.1983701236998141,0.19188144389883177,0.20808080895180803,0.2022529070401169,0.0
0.20083847329057164,0.20012693334296017,0.18736085615535544,0.2081354075515215,0.20353832965959123,0.0
0.19886416847934887,0.19868786897841248,0.19043286419502542,0.20749795230567056,0.2045171460415426,0.0
0.19779304352731022,0.20186512506279453,0.18816509312945304,0.2124191095837097,0.19975762869673264,0.0
0.19600009720622857,0.1970171416200782,0.19275406465218892,0.2139537167182379,0.20027497980326647,0.0
0.19555079841593426,0.2009844654342253,0.18863687081844485,0.21322252093599045,0.2016053443954051,0.0
0.1975698073923955,0.20579353016733504,0.1871620066662342,0.20691885275892563,0.20255580301510973,0.0
0.19942086991097488,0.1925606263463947,0.20407069384327667,0.20313136672520682,0.2008164431741469,0.0
0.19899383842168203,0.20584935501834511,0.1867939570330986,0.20679726611761173,0.2015655834092626,0.0
0.19639216602282916,0.2010989262308224,0.18854880922709133,0.20934356001401358,0.20461653850524344,0.0
0.20116067494147905,0.20342469656609313,0.1850573946140746,0.20626183322621616,0.2040954006521371,0.0
0.19902443836087633,0.1991706029882612,0.20715046673846368,0.19651525857723848,0.19813923333516026,0.0
0.2014264272097296,0.20307145445419486,0.18902462930782898,0.2064817544734551,0.19999573455479142,0.0
0.20355085489547822,0.20238520372225488,0.1854795791956461,0.2059702018839974,0.2026141603026234,0.0
0.19869311844549126,0.2045145988971721,0.18584158912752619,0.20709423731002136,0.20385645621978912,0.0
0.2028097319254009,0.20168770354102122,0.19235434755550979,0.20396118798256566,0.19918702899550253,0.0
0.19601203228739353,0.20209583322189278,0.18607750700465595,0.20725736800144307,0.20855725948461468,0.0
0.2002003931499674,0.20622388970585145,0.18973816323932183,0.20212168195818367,0.20171587194667573,0.0
0.19804332106793043,0.1972749574031515,0.1924993831641124,0.20879619181313816,0.20338614655166745,0.0
0.19885297464841986,0.2010659721967413,0.18534447712282023,0.21165911899412662,0.20307745703789204,0.0
0.19791222876836104,0.20131821519470586,0.18707789904336877,0.20777080616953914,0.20592085082402528,0.0
0.20794926394278804,0.20404955076048678,0.18399058325704815,0.20090572495115486,0.20310487708852218,0.0
0.19836242520554337,0.1959348540864716,0.18892636572452717,0.20988709062562358,0.20688926435783433,0.0
0.19754605759468397,0.20362073929499294,0.18389262577434504,0.2109837440436338,0.20395683329234432,0.0
0.200134436352612,0.2030285343598558,0.1869454362006609,0.20428335450821344,0.20560823857865784,0.0
0.19844447152096997,0.20122295651920707,0.1885759715432036,0.2084992152772477,0.20325738513937155,0.0
0.1984036171143661,0.20013670941207246,0.1913278603919976,0.20809982822266287,0.20203198485890114,0.0
0.20101895234099543,0.20187684662753475,0.18270437629671377,0.2074779048247586,0.2069219199099974,0.0
0.1949861399877105,0.19828545895660957,0.18908756119921494,0.20915388086802594,0.20848695898843897,0.0
0.19973092951767424,0.20312684252854749,0.1852757577489338,0.20493670889256835,0.20692976131227622,0.0
0.1988081522298151,0.2044411801407196,0.18295108419934603,0.20862797764047042,0.20517160578964874,0.0
0.19898000139788277,0.19712634968085566,0.19072370620222873,0.20812061741325152,0.20504932530578124,0.0
0.199301821447953,0.1971588972106255,0.18453404314671323,0.21188148268826898,0.20712375550643927,0.0
0.1970044487384684,0.20461451620095436,0.18101375150736262,0.21057787409386755,0.20678940945934698,0.0
0.19669107778450975,0.18992069770592843,0.20679364662756305,0.20737017635818433,0.1992244015238144,0.0
0.19984540733676492,0.20255833684886052,0.18274158743937902,0.20824329138654002,0.2066113769884556,0.0
0.19866100309761986,0.1940968377658499,0.1890790410561519,0.21253370249252027,0.2056294155878582,0.0
0.19870186125833958,0.20423066772384943,0.18741058268571312,0.20629881029620112,0.20335807803589673,0.0
0.19995821705494646,0.20287286469025304,0.19002232503095698,0.20793678074944602,0.19920981247439754,0.0
0.19759339087127586,0.19918435279301983,0.19088451798541306,0.20742397807948273,0.2049137602708085,0.0
0.19885061947689106,0.20026647320717914,0.1889414401572773,0.21011883599838507,0.20182263116026747,0.0
0.19984547397658128,0.2065970220912068,0.18536532374232012,0.20647321321480405,0.2017189669750877,0.0
0.1959259888560583,0.20272005939725238,0.1854348359712066,0.20880331684298917,0.20711579893249357,0.0
0.19946560201998603,0.2010724999911195,0.18629126660065531,0.20732353623136163,0.2058470951568776,0.0
0.1977199218614046,0.19831689113959644,0.18932427437418978,0.2100602293259951,0.20457868329881404,0.0
0.20254268130819042,0.20309045765006759,0.18859354298475473,0.20668648669844628,0.19908683135854113,0.0
0.19827529518733886,0.2049049230943597,0.18954704868261252,0.2052643630373417,0.20200836999834726,0.0
0.19888907013572893,0.20421751028600554,0.18596539936661527,0.20666191392656907,0.20426610628508116,0.0
0.19869201509614148,0.19938633934999,0.19188286453302972,0.20666605291642928,0.20337272810440962,0.0
0.19973638947140251,0.20318729044648795,0.18568096915874047,0.20689812696389046,0.20449722395947853,0.0
0.1982942591855856,0.20559206728253598,0.18236524219487746,0.2100856659937592,0.20366276534324174,0.0
0.19780957389486475,0.19671265885602673,0.18510729344076962,0.21002067363715565,0.2103498001711833,0.0
0.20077006499532074,0.20242613974242382,0.1828297978997664,0.20808863075166065,0.2058853666108284,0.0
0.1988406784224217,0.2007864690071189,0.1883922206599603,0.20831361252675235,0.2036670193837467,0.0
0.1996699749542415,0.20419778369245578,0.18567813571118877,0.2069727952331544,0.2034813104089595,0.0
0.2035277938874933,0.20477060937711686,0.18696838606886307,0.20494300430109247,0.1997902063654344,0.0
0.1988120898364668,0.20316580839091875,0.1848000294855007,0.20876986576898537,0.20445220651812843,0.0
0.20015338033478275,0.19916347529615186,0.19023441136504304,0.20769316909621602,0.2027555639078064,0.0
0.19871971957585113,0.19928321154157758,0.19165318580065543,0.20710962463345428,0.20323425844846163,0.0
0.19751762040046952,0.20507125249483835,0.18737140911161754,0.20500410733725172,0.20503561065582293,0.0
0.19899094389857042,0.20189545759084254,0.18618424199080638,0.2074656040925442,0.20546375242723636,0.0
0.20023625621121788,0.20299229105713912,0.189489930673557,0.2048437029964999,0.20243781906158614,0.0
0.19831309374594708,0.20621335177679478,0.18640449226184713,0.20652786488233948,0.20254119733307138,0.0
0.2005972895287151,0.19713322464658725,0.19271942941097067,0.20794543868891757,0.20160461772480934,0.0
0.2036995393676052,0.20324455680335357,0.18894220715870028,0.20535244660946025,0.19876125006088066,0.0
0.1983191142462268,0.1947869931022342,0.19022700749594185,0.21225901450222842,0.20440787065336868,0.0
0.20113046219707542,0.20222616201731125,0.18934356499865804,0.2041839656406805,0.20311584514627481,0.0
0.19779608176173644,0.20485678836923826,0.18642075877865882,0.20557813174037526,0.2053482393499912,0.0
0.19859313641882698,0.20512606542701806,0.18666193526943675,0.20563402475939413,0.20398483812532409,0.0
0.19772938781528712,0.19708337183619826,0.1882245769721291,0.2107865012799647,0.20617616209642078,0.0
0.1984730772228303,0.19921370704292118,0.18502884386875457,0.2133529794433039,0.20393139242219008,0.0
0.1990702631600183,0.20284452738152373,0.18882338531893622,0.20909685028795286,0.20016497385156884,0.0
0.1976817205582891,0.20625717618032585,0.18619676684209113,0.2063933791598828,0.20347095725941106,0.0
0.19694802512286466,0.19424148203295377,0.19607081354232644,0.21235746591208798,0.2003822133897673,0.0
0.20088127628275884,0.19981991319965423,0.19016105927476148,0.2071731696461915,0.2019645815966339,0.0
0.2016995885118674,0.1985645323453157,0.1862085693617465,0.2071074840076854,0.20641982577338497,0.0
0.1975694363805882,0.19776076854614172,0.19308872153334314,0.2084451277156737,0.20313594582425323,0.0
0.19827102561728976,0.2002159111092097,0.18399091364034353,0.20836562581358006,0.20915652381957683,0.0
0.19990585916465786,0.20286173764150967,0.1870356837765289,0.2055314131570629,0.20466530626024076,0.0
0.19709250077668175,0.19612186630871278,0.20864830068907045,0.20047636377528938,0.19766096845024567,0.0
0.1973523249049431,0.19765875692786788,0.1877669486334899,0.21040684746294427,0.206815122070755,0.0
0.19906425500884836,0.203171779579622,0.18734557903913152,0.20726849315816312,0.20314989321423485,0.0
0.1995306764823098,0.1982601692201183,0.1868948891949952,0.21239479018134966,0.20291947492122714,0.0
0.1982611858599151,0.19686377733925403,0.18859071256893092,0.21145347250711496,0.20483085172478493,0.0
0.1978950553254833,0.19983133668391426,0.18772151039645976,0.21010439201893477,0.20444770557520786,0.0
0.1993184790050026,0.19610651476176158,0.201509511157257,0.20471918267024003,0.1983463124057387,0.0
0.20194369565950301,0.20490496781802767,0.18703872144328113,0.20644857334605096,0.1996640417331372,0.0
0.1995274186133173,0.19896784712069573,0.189243584862767,0.2078115478948163,0.20444960150840374,0.0
0.19914368881717642,0.20441863250043385,0.18632997629942688,0.20732996738086748,0.2027777350020954,0.0
0.19794293665909177,0.20223222061741203,0.1898640620470766,0.2087010163735858,0.20125976430283377,0.0
0.2001901621545642,0.2013567674515625,0.18619710929200686,0.20633590224281315,0.20592005885905326,0.0
0.19901754989415166,0.19950833226865222,0.18770597148150922,0.20679453239817963,0.20697361395750716,0.0
0.19825854454418484,0.19999124625528675,0.18859344207043766,0.20906661856988967,0.20409014856020113,0.0
0.19885853916717797,0.2054765597858753,0.1882517992490892,0.20368011039193445,0.20373299140592296,0.0
0.19920604220788915,0.2042230849313084,0.18928905246823463,0.20337827671330935,0.20390354367925845,0.0
0.20207872196246263,0.19943135898825626,0.18947872491202009,0.20894937358983165,0.2000618205474294,0.0
0.1991937601342735,0.2040121795033676,0.18777048964482027,0.20620383986846483,0.2028197308490739,0.0
0.19926588183410845,0.20397650435610257,0.18318701430087686,0.2083505631265816,0.20522003638233052,0.0
0.197390430449727,0.2020615894033479,0.18656015515409174,0.20910115715464786,0.20488666783818543,0.0
0.19917823991801006,0.200923018585064,0.18856186458111945,0.20839524089569475,0.2029416360201116,0.0
0.20180307728097366,0.20099003348683578,0.19544845083189116,0.20409330604912768,0.19766513235117186,0.0
0.19999881901779248,0.20068798124302042,0.18563803028862516,0.20891463383806863,0.20476053561249338,0.0
0.19696352016272836,0.19991888087130694,0.19183519939182664,0.2065078949843701,0.20477450458976798,0.0
0.1981401881547407,0.20267966029856907,0.18894917083821375,0.2054368117001572,0.20479416900831932,0.0
0.19856127843191715,0.199130546715981,0.2004794713890501,0.20277422000972892,0.19905448345332294,0.0
0.20093547479151208,0.19887148320495637,0.1873249286478869,0.20984984394033301,0.20301826941531156,0.0
0.20169473922782172,0.2014000200435796,0.1852798894876527,0.20778437749401213,0.20384097374693386,0.0
0.19681328982752602,0.20124701697883282,0.1860040963982222,0.20797550568480086,0.2079600911106182,0.0
0.20042661924961916,0.20072070228958228,0.18844144197481652,0.2096772692306672,0.20073396725531487,0.0
0.1988760750250369,0.19888231271861484,0.18625997448680037,0.21196693380309603,0.20401470396645194,0.0
0.1985479579820614,0.19900570102585105,0.19325540344256698,0.2086023647283225,0.20058857282119805,0.0
0.2012705823893956,0.20114879404586064,0.18669874243145768,0.2100340473335132,0.20084783379977292,0.0
0.2001676711365152,0.20594076990718546,0.18703008280638708,0.2029503760143274,0.20391110013558478,0.0
0.19915009704622658,0.19928283916723613,0.18384916439035542,0.20994247862342302,0.20777542077275885,0.0
0.19600917159400283,0.19734122994217387,0.19298171086447277,0.2088663574397903,0.20480153015956026,0.0
0.20036105171037055,0.1985504817878823,0.19246544607171365,0.20661253715909333,0.2020104832709401,0.0
0.19939495295440246,0.20469522426391656,0.18493351416304102,0.20725774260572252,0.2037185660129174,0.0
0.19955046544924407,0.2009014035297455,0.18776236198377821,0.20571455417884696,0.20607121485838525,0.0
0.19917603773327505,0.1981810626595531,0.18984350617496765,0.20683156154316135,0.20596783188904275,0.0
0.2,0.2,0.2,0.2,0.2,0.0
0.1989251237551281,0.2020897339617526,0.19173471663798863,0.20559477799594603,0.20165564764918473,0.0
0.1975708327376046,0.19402708653819334,0.20133550098687597,0.20826406193862027,0.1988025177987058,0.0
0.19856537126358317,0.20294338272588622,0.18616215633200187,0.2078322814300494,0.20449680824847938,0.0
0.19923739451967473,0.19963027185477214,0.1924643591714242,0.20723144766402382,0.20143652679010507,0.0
0.19681920919406917,0.1947411766915856,0.19044580992991905,0.21098733853193852,0.20700646565248762,0.0
0.1998575576020715,0.20451503277177974,0.1824318426187658,0.20883458559389226,0.2043609814134908,0.0
0.1979795362249121,0.20108804848586165,0.18607479873180804,0.20762441340322912,0.20723320315418897,0.0
0.19950650025413388,0.19595413415874782,0.18899224768521472,0.2133894318601668,0.20215768604173687,0.0
0.19635218035590815,0.19873740978986024,0.1869519317421521,0.2074301701524416,0.21052830795963795,0.0
0.202457881089872,0.2008697501882355,0.19092822191804645,0.20565351755034816,0.20009062925349785,0.0
0.19960147101521614,0.1996790806409654,0.19106646696051366,0.20788826743341332,0.20176471394989154,0.0
0.2019067959459259,0.20310362867192702,0.18689188909811247,0.20565484589622024,0.20244284038781438,0.0
0.19962182395846995,0.20162296516596198,0.18638944171950259,0.20842223285907036,0.20394353629699521,0.0
0.20003236525747736,0.20161078853157383,0.18852017475058172,0.20581724021629674,0.2040194312440704,0.0
0.1974919388179807,0.194283220277216,0.19330386803878177,0.21151750496909352,0.20340346789692804,0.0
0.20276768876193985,0.2002456937404468,0.18819529451971811,0.2042263648129897,0.20456495816490555,0.0
0.2002848175936089,0.20189198543234593,0.18657334524491817,0.2056342074123099,0.20561564431681711,0.0
0.19749305053679042,0.20232328667233396,0.18941728563518778,0.20784062062455094,0.202925756531137,0.0
0.19564838153590716,0.20509321533847208,0.1866454496815495,0.21046085163309972,0.2021521018109716,0.0
0.19935239644382355,0.1984296120208211,0.187195166214244,0.2096705860817529,0.20535223923935833,0.0
0.19756261365498387,0.19946525362199344,0.19034601020085384,0.20996729350020285,0.20265882902196594,0.0
0.19610622292836177,0.20199782568710684,0.186173973158117,0.21227797431960294,0.20344400390681142,0.0
0.2010493737415392,0.2072143656422726,0.1841796969576146,0.20566386798495617,0.2018926956736174,0.0
0.19933544888365515,0.20373262576713058,0.18630139398280615,0.20757731803029764,0.20305321333611048,0.0
0.19860581991202167,0.20162059149317005,0.1884456743828509,0.2081088407085508,0.20321907350340654,0.0
0.19820262174697298,0.20226644499505972,0.18704490482471806,0.2072522827077198,0.20523374572552947,0.0
0.1974518383622484,0.19842157864539933,0.1847963264109617,0.2102371639742113,0.2090930926071794,0.0
0.19912518563957837,0.19875801003959653,0.1949951875261822,0.20612977253529044,0.20099184425935238,0.0
0.20299696803411998,0.20251777061714873,0.18963999024388764,0.20499940668932268,0.19984586441552088,0.0
0.196768716655036,0.19363977733042803,0.19690840391793535,0.20734019149489585,0.2053429106017047,0.0
0.19911113355467228,0.1961374483882872,0.1952995479968067,0.2084269184164277,0.201024951643806,0.0
0.20745707983647407,0.202239174313486,0.1915813303977122,0.20229911371339196,0.1964233017389357,0.0
0.19720598285634514,0.20504347930841194,0.18606826560227085,0.2080297486763699,0.20365252355660218,0.0
0.19862134898758987,0.20571903805596545,0.18965532908065336,0.20283887849926155,0.2031654053765297,0.0
0.20281695002849412,0.20310553556195296,0.18691222225270124,0.20654437683084448,0.20062091532600715,0.0
0.20111862903818387,0.2018024443660428,0.18662774234599833,0.20770246295644768,0.2027487212933273,0.0
0.1986122601398277,0.20187428697336057,0.19347760434507275,0.20751676380576176,0.19851908473597718,0.0
0.19844492892081975,0.20338374232100911,0.1869208342016396,0.20718745407402747,0.20406304048250404,0.0
0.20034370038000085,0.20181699927858332,0.18773033380865753,0.20650416009128936,0.20360480644146892,0.0
0.19936523702072892,0.20565069984543505,0.1855463428781096,0.20594809788865154,0.20348962236707505,0.0
0.19813795915585306,0.19864223367523576,0.19186434197923952,0.2114299651104746,0.19992550007919696,0.0
0.19670363692180207,0.20572558185658416,0.18146081762800179,0.207723740625726,0.20838622296788586,0.0
0.20039869983167868,0.20219895073385333,0.18493239262386318,0.20891273809910144,0.20355721871150348,0.0
0.19780159849680504,0.20223050737634735,0.1850984301598455,0.2096759585938717,0.20519350537313047,0.0
0.2,0.2,0.2,0.2,0.2,0.0
0.1983063191499456,0.20394454832279132,0.1847252251109086,0.2078831640407404,0.205140743375614,0.0
0.1978826062695235,0.20490005524244903,0.1854073146584158,0.20781125140379264,0.2039987724258191,0.0
0.19974886873267012,0.2027469343783097,0.1881828467956429,0.2077779137189631,0.20154343637441405,0.0
0.19805166277010078,0.2024574419951851,0.1883200970805945,0.20566980727193068,0.2055009908821889,0.0
0.2023738169760582,0.2029535014270248,0.18461442901448127,0.20710551154021348,0.20295274104222227,0.0
0.19803111667919623,0.20214069537342289,0.18686069556791576,0.20954272699044557,0.20342476538901952,0.0
0.20015859847967102,0.20187111842998676,0.18758769674711118,0.20530763673853566,0.2050749496046954,0.0
0.19875488308162018,0.20435657286538786,0.18733970040051992,0.20544666533184003,0.204102178320632,0.0
0.1975356079985053,0.1969471821359352,0.18926205101964041,0.21017884686256566,0.20607631198335336,0.0
0.20078232945698016,0.19689685640272317,0.19019072121426334,0.20934828699965952,0.20278180592637393,0.0
0.20206873035493966,0.19852214348336716,0.18824915635278927,0.2070913278256322,0.2040686419832716,0.0
0.19866568912681112,0.20507404551570202,0.1874797032226704,0.20514933970127192,0.20363122243354456,0.0
0.19960406018712437,0.19689446328912882,0.18879191795157463,0.20902953690157886,0.20568002167059332,0.0
0.20121126350032154,0.20242555832222567,0.18675853646855764,0.20607248389409882,0.2035321578147964,0.0
0.20047513376287243,0.20467207366249146,0.1865254893450745,0.20680527012168548,0.20152203310787611,0.0
0.19809486925350192,0.2019440157751245,0.1910066524040067,0.2049775393900724,0.2039769231772945,0.0
0.20047047636262025,0.20249899199596452,0.18898275604100476,0.2058061294145555,0.20224164618585497,0.0
0.1988433119435455,0.20709373681455073,0.18136026902367292,0.20689905014796225,0.20580363207026867,0.0
0.20049695464816752,0.20116296436572914,0.1890042922789181,0.20659868297072836,0.20273710573645679,0.0
0.19960919735772373,0.20342497937080165,0.1851141630770254,0.207420543557841,0.2044311166366083,0.0
0.19944291929144728,0.2022877632891517,0.1946105690789174,0.19714985498106005,0.2065088933594235,0.0
0.19894549205863868,0.20619804839070927,0.18353368922429078,0.20698612737629077,0.20433664295007062,0.0
0.1984979781614825,0.20540335699531695,0.1888992306004066,0.205584828737957,0.20161460550483698,0.0
0.19796940814867053,0.18610801604331756,0.20840936879488636,0.20677135549642792,0.20074185151669763,0.0
0.1994685954613795,0.19844388273561908,0.18510701304496552,0.2085676203179688,0.20841288844006714,0.0
0.2007167652349449,0.19518475626779572,0.19036921371329182,0.2119005657351896,0.20182869904877804,0.0
0.1992285616583073,0.20388080718810947,0.18386227300992605,0.2084622552063552,0.2045661029373019,0.0
0.20152491869101377,0.1990344332889468,0.18989011961010732,0.20474323831679234,0.2048072900931398,0.0
0.2003566954539897,0.2016512633042886,0.18877543100504007,0.20625227637857582,0.2029643338581059,0.0
0.1997505706336389,0.20219818248655994,0.185518729026782,0.20706260385505632,0.20546991399796286,0.0
0.19874761369196592,0.19600028722262436,0.1880332101672797,0.2079275475859175,0.20929134133221253,0.0
0.20002096478665743,0.20129951910234647,0.1850449019220417,0.20949330081166848,0.2041413133772859,0.0
0.19738394243619806,0.20224833548675128,0.18323057157350991,0.21024512130328843,0.20689202920025235,0.0
0.19817026658421996,0.20042298097065295,0.18658647686896218,0.21070694424314168,0.20411333133302323,0.0
0.19953015177587705,0.20279893241625588,0.18038585670502857,0.20983290678845912,0.20745215231437933,0.0
0.19894634717314452,0.20147515633049512,0.18973324272891043,0.20886583714028614,0.2009794166271639,0.0
0.19841806402975956,0.2022769151608653,0.18655516120891924,0.2087645082317158,0.2039853513687402,0.0
0.20098360468931575,0.20223975096527477,0.1919489218798535,0.20629411349972435,0.19853360896583175,0.0
0.2000920702720765,0.2035778058315076,0.18648628411626117,0.2057094851641815,0.2041343546159731,0.0
0.2035296268749569,0.2040522813969866,0.1875290184341451,0.2062134976235487,0.19867557567036265,0.0
0.2003721805383697,0.20102294387110048,0.18905952864660597,0.208481101635918,0.2010642453080059,0.0
0.19901923369319854,0.19979155475316349,0.18884876101569825,0.20842668003550838,0.20391377050243126,0.0
0.19723613092939213,0.1961404498260839,0.19332713179689928,0.2103035940483195,0.20299269339930523,0.0
0.19586215188006695,0.1951654314807003,0.19248687969317677,0.2099055441003466,0.20657999284570944,0.0
0.19904294748134221,0.20365360015480882,0.1859799866398378,0.20564392703824974,0.20567953868576141,0.0
0.2007294309455024,0.20604336933290296,0.18607336219993184,0.20391550587497734,0.20323833164668545,0.0
0.19955913087235497,0.20106069457018014,0.18777408430704104,0.2099624736329895,0.20164361661743427,0.0
0.19762744209565172,0.19252356123910266,0.19590131179285364,0.20997386112586,0.20397382374653195,0.0
0.20004835706846047,0.19847487339007794,0.18974886850467687,0.20973031259963007,0.20199758843715476,0.0
0.19629964699279617,0.1962624670355394,0.1935884718581559,0.20992291323513573,0.20392650087837277,0.0
0.19856155727331132,0.19451344667847403,0.19163014642739346,0.210613023673561,0.20468182594726037,0.0
0.19936859635590093,0.20071480080054452,0.18601103343242942,0.2066105276421495,0.20729504176897565,0.0
0.19826074789461962,0.2004834160030185,0.18710701698260854,0.208287025741415,0.20586179337833832,0.0
0.19981295151339654,0.20095312491588788,0.19097691024990868,0.20602433727004607,0.20223267605076087,0.0
0.19867103259018745,0.20220961617593639,0.18313550198996448,0.2088538175056374,0.20713003173827435,0.0
0.19820500875101443,0.20316669013503744,0.1927247169183688,0.20470267303184342,0.201200911163736,0.0
0.198442674437626,0.1985003666670781,0.18859306150900945,0.2098279894199602,0.2046359079663261,0.0
0.19778904602436959,0.20312554909450609,0.1869342532799444,0.20735569905762166,0.2047954525435582,0.0
0.19578589742482255,0.19980635151987708,0.18903241580145383,0.20931432960281476,0.20606100565103172,0.0
0.20034517920885142,0.2042280807693466,0.1874251587806209,0.20506952026363995,0.20293206097754116,0.0
0.2,0.2,0.2,0.2,0.2,0.0
0.19887521358243287,0.19806982521804295,0.189943765841588,0.20998569384944982,0.20312550150848632,0.0
0.19767851579442203,0.2000504218785434,0.18550877008390876,0.21064739946655722,0.20611489277656858,0.0
0.1988715113009903,0.20581198857957858,0.18457888755013438,0.20919345569987358,0.2015441568694231,0.0
0.19786387784326911,0.1947731254242909,0.1911266714061524,0.21215888024429008,0.20407744508199754,0.0
0.19921289869579403,0.20461536125657373,0.18444166383906174,0.20872736384993265,0.20300271235863782,0.0
0.1991621903899887,0.2047019511767593,0.1861178894541361,0.20855370887322536,0.20146426010589044,0.0
0.19692533772593812,0.19844877228415492,0.18940222861636513,0.21404383314325784,0.20117982823028394,0.0
0.19752704268762003,0.20089783777362913,0.1870355023199663,0.20792187103617754,0.20661774618260703,0.0
0.20020654836126459,0.20324533646674142,0.18857095136970214,0.20521769389547406,0.2027594699068178,0.0
0.1991700346948104,0.19923865021206946,0.19045115923866016,0.20832874320367986,0.2028114126507802,0.0
0.1994524964378069,0.2005822625359729,0.18396857897877625,0.21012587780704026,0.20587078424040367,0.0
0.19885644086510643,0.20239043681892732,0.18875419740414934,0.2057242959772943,0.2042746289345227,0.0
0.19805960460543184,0.1996082260763158,0.18726612504511037,0.21117043390757811,0.20389561036556395,0.0
0.1982647896034392,0.19319769384679034,0.18976243560156586,0.21091968825410926,0.20785539269409534,0.0
0.19823692130583445,0.2019240033198289,0.18881310858243044,0.20546854801746484,0.20555741877444128,0.0
0.19986472986598772,0.20080262339604088,0.18859775582457963,0.20700858377507303,0.20372630713831866,0.0
0.2003676042348946,0.20077277422277676,0.18810168539209382,0.20697217246786645,0.2037857636823683,0.0
0.20038407013014575,0.20309035862048477,0.18381087722156905,0.20925532283601564,0.20345937119178475,0.0
0.2015106934744845,0.19885743511588902,0.1852899758654035,0.21011819291274325,0.20422370263147988,0.0
0.1976957630346302,0.19970296305319146,0.18897738413646417,0.20732996578562263,0.20629392399009155,0.0
0.1990224776429062,0.20464145541915926,0.18599647761798427,0.20433928457181666,0.20600030474813355,0.0
0.19906995771433994,0.1967937854221398,0.18715521551016553,0.2108189820940498,0.2061620592593048,0.0
0.1967521571393155,0.19776577031636938,0.19344325191542908,0.20955878027910477,0.20248004034978126,0.0
0.19731088387867207,0.2031664490991972,0.18592925779902045,0.20935787504044706,0.20423553418266327,0.0
0.1986589373959802,0.1974556999032785,0.1909644280075816,0.20708408829239924,0.20583684640076053,0.0
0.197764685785747,0.19961029473204495,0.18841388372439613,0.21258056230387998,0.2016305734539319,0.0
0.19801353893462986,0.20516267329111804,0.18825461552869546,0.20602782906742192,0.20254134317813463,0.0
0.20198469495409604,0.19886208333385522,0.18594072905898623,0.21227136669929594,0.20094112595376643,0.0
0.20279737776558646,0.2029682769485547,0.18984963226734178,0.20327744560402844,0.20110726741448878,0.0
0.19642700874253324,0.19844960413851753,0.18980100553344467,0.20674809652584558,0.208574285059659,0.0
0.1965089359384034,0.2006623297914982,0.19058694813104338,0.21048830294802853,0.20175348319102648,0.0
0.20022145382502227,0.1974717300825563,0.18982409583483698,0.20855262619587422,0.2039300940617102,0.0
0.20016057464504775,0.2019047358475395,0.18758563909157924,0.20519370913812515,0.20515534127770835,0.0
0.20091997385431487,0.19953062196836582,0.19316097977523022,0.20584804462881884,0.20054037977327024,0.0
0.1989731043232308,0.20339370882997132,0.18664612288762783,0.20569282057787067,0.20529424338129934,0.0
0.20078966276760057,0.20544501572899063,0.18757151180412737,0.20360879824677605,0.2025850114525054,0.0
0.19863171926332884,0.19807888138817242,0.1899376328436077,0.2112862006905937,0.20206556581429747,0.0
0.19761131227284237,0.20302031661127315,0.1854098216448985,0.20648841898947318,0.20747013048151278,0.0
0.19871036008546158,0.2004625702680982,0.18863686259923276,0.2069575262889418,0.2052326807582657,0.0
0.1969041743750592,0.1971585638179993,0.19127353063712296,0.2080071652376608,0.20665656593215775,0.0
0.19702300958852986,0.19752889470608273,0.18854976105807525,0.21223730195385024,0.204661032693462,0.0
0.19863875317367055,0.2050939349855091,0.18637765104681794,0.20799712483596228,0.20189253595804013,0.0
0.19684353571574284,0.20341846848692438,0.1929098697065047,0.20500581964068462,0.20182230645014343,0.0
0.2002647609599692,0.20319534928136576,0.18683488084923644,0.20736861401236853,0.20233639489706007,0.0
0.19861885466035983,0.2050585633320872,0.1878174058157047,0.20661978721425642,0.20188538897759176,0.0
0.2000747359682356,0.19887029010258883,0.1867476069563815,0.20919117500629272,0.2051161919665014,0.0
0.19681947028980795,0.19781853004809039,0.18881217459774804,0.20980199704400723,0.20674782802034639,0.0
0.19713452936031622,0.20150125207395922,0.19066796215261048,0.2088330124211594,0.2018632439919546,0.0
0.19893950457254242,0.20384228266728774,0.18482582315509788,0.2065384775272151,0.20585391207785697,0.0
0.20206262781872897,0.20075711171236335,0.19092716372953816,0.20653081457132985,0.1997222821680396,0.0
0.19775691258279385,0.19730016690233942,0.19319365880325567,0.21035376239860332,0.20139549931300765,0.0
0.1991097305832385,0.20375512604141696,0.18880343046753822,0.20507250480227074,0.20325920810553566,0.0
0.19867438057405648,0.2032241136673351,0.1860370315198173,0.20980320515193296,0.20226126908685815,0.0
0.2,0.2,0.2,0.2,0.2,0.0
0.20175550868358372,0.1973928896475178,0.1884014399536269,0.21023570276535467,0.20221445894991696,0.0
0.19892073017608256,0.1973398870855518,0.1915176005440393,0.2083508699126838,0.20387091228164247,0.0
0.1988493389254761,0.20324629887008436,0.19121354204337582,0.20798293585942174,0.19870788430164193,0.0
0.19695998490504546,0.19684930806370737,0.1914585600816469,0.20928906434746367,0.20544308260213656,0.0
0.1982826438786385,0.20345939562326257,0.18834309252882753,0.20684248100467625,0.20307238696459518,0.0
0.1964401771400296,0.19137298740883088,0.2050257477217464,0.20439457489616997,0.2027665128332232,0.0
0.1995968310099705,0.20122919877950932,0.18404779420512962,0.20849289689867367,0.20663327910671692,0.0
0.19788989154916484,0.19890480123817367,0.1895683038609952,0.21029125916847224,0.20334574418319412,0.0
0.19797862365485558,0.19885754169148,0.19142994492453363,0.20978640028070167,0.20194748944842913,0.0
0.20166729933968175,0.20166617004213558,0.19191616052345264,0.20465976767347158,0.20009060242125837,0.0
0.2014022885132715,0.20086719818392448,0.18410564544350713,0.2103582098993704,0.20326665795992646,0.0
0.1999585635137397,0.2010160692064693,0.18773950818415752,0.2081216054211173,0.2031642536745161,0.0
0.19921670207005085,0.20440661550621358,0.18820848843578364,0.20641290230724532,0.20175529168070658,0.0
0.19763657689683847,0.20262791324244916,0.18430104450597296,0.20802418440123746,0.20741028095350203,0.0
0.19902633715255455,0.20305758034303006,0.1889484379708429,0.20514060881489138,0.20382703571868108,0.0
0.19916345498580626,0.2003375717667514,0.18640144289091182,0.20720374523137874,0.20689378512515183,0.0
0.20016148852158402,0.2020946157076676,0.18552669020832263,0.2079101717662805,0.2043070337961452,0.0
0.20242955207016447,0.20610760080051846,0.18734646832124055,0.20544026558006143,0.19867611322801512,0.0
0.19844414428496318,0.2054996445965226,0.18604494654650122,0.20709074281097817,0.20292052176103484,0.0
0.198559041745038,0.2090626426161475,0.18193637097305293,0.20776430745302565,0.20267763721273585,0.0
0.19889103935353475,0.20807290564745562,0.18200252926230584,0.2086268784933388,0.20240664724336493,0.0
0.2,0.2,0.2,0.2,0.2,0.0
0.19847971352500132,0.2000852435359499,0.18851216587379785,0.2088598459459363,0.20406303111931465,0.0
0.20054252025797137,0.2005267550130914,0.18856659784245908,0.20654195089996086,0.20382217598651742,0.0
0.19831825114776583,0.19800181111951912,0.18752701750703393,0.21073640386306064,0.20541651636262045,0.0
0.1985865225614509,0.19930326999635437,0.1873685337958111,0.2102304763299849,0.2045111973163988,0.0
0.1968773790407775,0.20283084421071007,0.18638270526345188,0.20857572144801928,0.20533335003704123,0.0
0.20232672925667655,0.19906074821486242,0.18446808128589984,0.20977475425442657,0.2043696869881346,0.0
0.1990868328273167,0.20112387656841557,0.18634049016150575,0.20971761755827958,0.2037311828844823,0.0
0.19968018250013178,0.1971175824943863,0.18565092184191873,0.2114160508842498,0.2061352622793134,0.0
0.1951321614192366,0.20496032939763834,0.18383238570334537,0.21236591736126453,0.20370920611851517,0.0
0.2007283037969156,0.20314019966033592,0.18673802374913528,0.20587227725861337,0.20352119553499975,0.0
0.19483127876381065,0.20072736709370093,0.19039479974646425,0.21119825132489958,0.2028483030711246,0.0
0.1976648115315343,0.19713133426708374,0.19043661608503779,0.21251715787362402,0.2022500802427202,0.0
0.19713369401681338,0.2024523978698599,0.18543501758387568,0.20977084984067837,0.2052080406887728,0.0
0.20070282030111153,0.19801283253308555,0.18839254597746538,0.21031401254346394,0.20257778864487375,0.0
0.19563086718341524,0.1927947354583199,0.1955050340579298,0.21177082092998328,0.20429854237035183,0.0
0.20128700040801903,0.2014413560650547,0.18632431378309208,0.20720476825357464,0.20374256149025954,0.0
0.19511543439758092,0.2013519716956183,0.18631502778489292,0.20823955020939372,0.20897801591251422,0.0
0.2,0.2,0.2,0.2,0.2,0.0
0.20010714256913908,0.2027154811353701,0.18850971529327049,0.20604958577739138,0.202618075224829,0.0
0.19735972510794086,0.18741832509167666,0.20767800324254912,0.20582412959414273,0.20171981696369073,0.0
0.2002091240074937,0.20215865851891085,0.18879023471939788,0.20825670460198115,0.2005852781522164,0.0
0.19810341283816757,0.20235693378513542,0.18849572637646023,0.20772002523880634,0.20332390176143056,0.0
0.19427459247693496,0.1963382162526236,0.19404697240708582,0.21237621555553857,0.20296400330781708,0.0
0.20062083055967486,0.1985292046129851,0.18335329250888108,0.20986631756288313,0.20763035475557587,0.0
0.19891344350965942,0.20216517904164943,0.19121879341939357,0.20471512221409963,0.20298746181519803,0.0
0.19750801620649092,0.2014396904065036,0.18890008424225396,0.2095219227447042,0.2026302864000473,0.0
0.2,0.2,0.2,0.2,0.2,0.0
0.20127660506977987,0.20002250162116916,0.18927958159912664,0.20717348675234257,0.2022478249575818,0.0
0.1979399367354082,0.20298246725390737,0.18686262266476075,0.2072860395706799,0.20492893377524377,0.0
0.19818424009344004,0.20040728476343453,0.1862817481931394,0.20967589520627733,0.2054508317437086,0.0
0.19726947846908482,0.19786637565377269,0.18932194857158277,0.2121235622785862,0.20341863502697344,0.0
0.19718389796358912,0.20365688275528332,0.18833299297006478,0.20641155620734897,0.20441467010371378,0.0
0.19771087861214423,0.19819277310786457,0.19138826396080244,0.20959118220135622,0.20311690211783254,0.0
0.19836227711062618,0.2054966614386287,0.1869700798067238,0.20542128828611947,0.2037496933579019,0.0
0.20029072834325543,0.20418374417500945,0.19120219400909297,0.20540885060597203,0.1989144828666702,0.0
0.19912684881001824,0.20604751850187936,0.18327292925631444,0.2064114360845119,0.20514126734727592,0.0
0.19666633146641407,0.20323102231962187,0.19085262519381327,0.2085673827984207,0.20068263822173016,0.0
0.20025023903955805,0.2009637898690687,0.18200457799275443,0.20932736088434328,0.2074540322142756,0.0
0.19869833651944882,0.20189105560918308,0.18890210268645063,0.2052235695480088,0.20528493563690872,0.0
0.1995521415355707,0.2036408698507886,0.188199114944853,0.20496801745577506,0.20363985621301264,0.0
0.19973470207933308,0.19735286693722545,0.1909719074308415,0.2076256492089742,0.20431487434362575,0.0
0.1971627228573891,0.2044221342204003,0.1833149304247497,0.2101751335254406,0.20492507897202022,0.0
0.20006478335775027,0.2022423972705214,0.18574061008560486,0.20729151885144045,0.20466069043468302,0.0
0.2003255881299591,0.2043019287610258,0.18497000144314216,0.20637800523906755,0.20402447642680543,0.0
0.19133444749080264,0.19133444749080264,0.23466221003678947,0.19133444749080264,0.19133444749080264,0.0
0.2,0.2,0.2,0.2,0.2,0.0
0.2000486773952637,0.20713436148219655,0.18341086341498927,0.2091322978267424,0.2002737998808081,0.0
0.19898474468226782,0.2033183792415029,0.1833487817287252,0.2073224316107476,0.20702566273675652,0.0
0.19904915490995878,0.2031779520996978,0.18732067363999144,0.2054368067371781,0.20501541261317383,0.0
0.2,0.2,0.2,0.2,0.2,0.0
0.1967285479207475,0.20231041666693544,0.18510457138291,0.20643788797390597,0.209418576055501,0.0
0.19992580370556345,0.20089456999474012,0.1862791560422754,0.20710659470739856,0.20579387555002235,0.0
0.19994490820863517,0.20442535429059855,0.188796469441649,0.20483648488521528,0.20199678317390202,0.0
0.19689358558307643,0.19800715378901454,0.190150880619503,0.21095226674614356,0.20399611326226236,0.0
0.1964309771402372,0.20265470682120237,0.1865866823301431,0.20919487031813033,0.205132763390287,0.0
0.1988138654905554,0.19443942236576622,0.20274808825711316,0.20522571108986495,0.19877291279670015,0.0
0.19769826599083035,0.20174948788422095,0.18966701897076754,0.20487655417770026,0.20600867297648096,0.0
0.1999654288608783,0.20015341099424802,0.18584496325256064,0.2091049974623258,0.2049311994299872,0.0
0.19661452380357808,0.19815407129285648,0.18899203062781925,0.21087368539493936,0.20536568888080678,0.0
0.2007269896900202,0.19766991978504625,0.18920481092100697,0.20710543231058473,0.20529284729334188,0.0
0.20022262562899348,0.20301975367851413,0.18759276513424825,0.20543084310458692,0.20373401245365727,0.0
0.1988662304628604,0.20363480187927455,0.18650594502259216,0.20578679542809203,0.2052062272071809,0.0
0.19759579143495257,0.20066602954154822,0.18523288757443934,0.21103325067272571,0.205472040776334,0.0
0.1996115048309336,0.19985327400103314,0.1837007601803817,0.2110935469063124,0.20574091408133915,0.0
0.19863561452350298,0.19740063286388423,0.18932440324356556,0.2077283480133458,0.20691100135570145,0.0
0.19883850775578402,0.19730767247229078,0.20198553774929331,0.2014435540625106,0.20042472796012134,0.0
0.19610173750443902,0.20028167405730501,0.19135295576223926,0.20923620190647613,0.20302743076954058,0.0
0.20139840704464104,0.1996955200558331,0.19072562969219903,0.207610875798835,0.20056956740849186,0.0
0.19992183593824664,0.20316946389716092,0.18494187871980583,0.20914541194990693,0.20282140949487962,0.0
0.1985047091346771,0.20147429155078425,0.18803284492843683,0.20764891620507694,0.2043392381810249,0.0
0.1985067954321064,0.20280485306735285,0.188112513652837,0.20603543820909873,0.20454039963860496,0.0
0.19925772339643372,0.20378581923315575,0.1896283553908822,0.20352229397301053,0.20380580800651774,0.0
0.19800108136393765,0.2046235512845722,0.18542924110744935,0.20867019676775989,0.203275929476281,0.0
0.19985182455001357,0.201300901567042,0.1918374504707647,0.2046998571247004,0.20230996628747933,0.0
0.19856152539171296,0.20651648979019074,0.17873401965091953,0.20950072645794254,0.2066872387092342,0.0
0.19963405618935048,0.20027662006588778,0.1874801378621714,0.2072922948765786,0.20531689100601164,0.0
0.19882065909385827,0.20526683804710152,0.18450171613320696,0.2067062770928745,0.20470450963295872,0.0
0.1977853928692668,0.19929826142026674,0.18898038224863264,0.20956494978165827,0.20437101368017557,0.0
0.2003940656450614,0.20386466487530885,0.18475823505229907,0.2062723076752271,0.20471072675210358,0.0
0.19859951487493413,0.20125235621029444,0.19056047608422927,0.2109604164488314,0.19862723638171073,0.0
0.19725682362144936,0.20352071279920209,0.18494230196004655,0.20949493379404616,0.20478522782525585,0.0
0.1993542445220699,0.202266535223393,0.1916088292636145,0.20900081438775225,0.19776957660317046,0.0
0.2045175317745343,0.20060625570590232,0.1895632610181045,0.20269048169345344,0.20262246980800544,0.0
0.19724384094518777,0.20435978230868368,0.18387181628149898,0.2071517129007908,0.20737284756383886,0.0
0.19775713007902113,0.19970582710256546,0.19407850954430075,0.20739191574706134,0.2010666175270513,0.0
0.19739905873164967,0.20172184712912064,0.18505622824670484,0.2109588039715135,0.20486406192101128,0.0
0.19640318533693235,0.20383182986846116,0.1857110275979832,0.21224969130944885,0.2018042658871745,0.0
0.20005590618660535,0.2035823697946833,0.18420486128000482,0.20670299424881314,0.20545386848989333,0.0
0.1994993961529023,0.20209913924191042,0.1873156910812241,0.20829052309098925,0.20279525043297397,0.0
0.19835541161493367,0.204388769365934,0.18762607085608166,0.20617469966758994,0.20345504849546073,0.0
0.1987109608485573,0.2030632930456337,0.18428538268441041,0.20870935004990582,0.20523101337149288,0.0
0.20132783743083166,0.19994022835872402,0.18571518714677282,0.2053290229645776,0.20768772409909383,0.0
0.2,0.2,0.2,0.2,0.2,0.0
0.20051102739494914,0.19956056168978167,0.18717133548206483,0.20776593439934182,0.20499114103386254,0.0
0.20214921538519393,0.20458787131366538,0.18825333720006382,0.20727194819106942,0.19773762791000746,0.0
0.19723582927754937,0.2031842124823944,0.18528692531709254,0.21101398766752968,0.20327904525543403,0.0
0.19849856552981707,0.20218249184576062,0.18250249887264267,0.21060689915700834,0.20620954459477125,0.0
0.19818990276346327,0.20394304527177973,0.18625148271021144,0.2054961130830878,0.20611945617145763,0.0
0.19696194936436592,0.19802845136570235,0.18620403210019554,0.21152881163587872,0.2072767555338575,0.0
0.19947114204499317,0.20507293112452696,0.18730562627025957,0.20673879939180892,0.2014115011684114,0.0
0.19746299585156218,0.20341428055189537,0.1862884754552118,0.20808634193558653,0.20474790620574412,0.0
0.1985857463613222,0.19874093071836593,0.1904196050037559,0.21190674556482486,0.20034697235173118,0.0
0.20025829816224847,0.19896313076041625,0.18881125461979517,0.20576861262156362,0.2061987038359766,0.0
0.19963340848413244,0.19992926115707885,0.1878767847129444,0.20998127976658923,0.20257926587925518,0.0
0.19413278534465048,0.19951087309477347,0.1906174407323121,0.21172316401149055,0.20401573681677337,0.0
0.19793411849661965,0.19273168226401083,0.19339021546787508,0.21362094155862033,0.2023230422128741,0.0
0.19897387803483593,0.2028943171569324,0.18623489790851463,0.20689768972888856,0.20499921717082858,0.0
0.19995102228440917,0.1998852268587382,0.1898371702187394,0.20890449105043996,0.20142208958767327,0.0
0.19915432918465617,0.20237809928665146,0.1892836500028558,0.2070523570785679,0.20213156444726868,0.0
0.1978650749844285,0.20061573352342663,0.18580721290975521,0.20960490011204636,0.2061070784703433,0.0
0.2016735015978293,0.20138179836007447,0.1903820250970383,0.2049069779419338,0.20165569700312422,0.0
0.20307367338420282,0.20078200402153032,0.18776301460452233,0.20602926266837812,0.20235204532136644,0.0
0.1993027371704358,0.200742133186128,0.1847754460540906,0.20926898385731743,0.20591069973202814,0.0
0.19916698021428755,0.20229517893954768,0.1844209931316461,0.2099761986233052,0.2041406490912135,0.0
0.19609471454227967,0.1999561611504485,0.18852018514028376,0.20934648622015065,0.20608245294683727,0.0
0.1974385303742178,0.1893121390411301,0.20662353515780246,0.20518667346354888,0.20143912196330072,0.0
0.19913181733944005,0.199505888400034,0.18766119722785687,0.20992982027734927,0.20377127675532,0.0
0.1976810555118063,0.20375270571532278,0.1856513117904858,0.2068383261229324,0.2060766008594527,0.0
0.19869716286928604,0.19641952459950549,0.1922265045075728,0.20793571830154794,0.20472108972208763,0.0
0.19684364150083764,0.19610331767948455,0.19233389984003835,0.20941816253379436,0.20530097844584508,0.0
0.201338508226964,0.2035638585160191,0.18676730214557105,0.2053796497110197,0.20295068140042619,0.0
0.1964880676009876,0.19961129714248577,0.18769958953624752,0.20887692222450582,0.20732412349577325,0.0
0.19646357864944392,0.20152383331687265,0.18680862622705807,0.21133473978495193,0.2038692220216734,0.0
0.19891041531942308,0.19838388209441402,0.19149528527943926,0.20788100676724877,0.2033294105394749,0.0
0.19947961494889616,0.20121017279614703,0.18847334667848373,0.20861606794312776,0.20222079763334538,0.0
0.19961652318868855,0.20537218664222634,0.18744373533910294,0.20467018835528542,0.20289736647469675,0.0
0.19796940814867053,0.18610801604331756,0.20840936879488636,0.20677135549642792,0.20074185151669763,0.0
0.20356077819779425,0.20134724667018533,0.1880396885496903,0.20401487111586783,0.20303741546646215,0.0
0.19826541591510194,0.2040231344694679,0.18911056770475898,0.20711132246548744,0.20148955944518368,0.0
0.1990799925373536,0.19613145388653888,0.1899655317991668,0.21084365965171017,0.20397936212523057,0.0
0.20164492404476783,0.20063887828292135,0.18728912577350368,0.2040048657251259,0.20642220617368118,0.0
0.2027286973614857,0.19979740691606926,0.19030809838940352,0.20618011709161402,0.20098568024142757,0.0
0.19923037425400153,0.2045130391402666,0.19098483945800176,0.20308475420734245,0.20218699294038775,0.0
0.20472333330552941,0.20556904901549497,0.18270665040651998,0.20683240533435748,0.20016856193809826,0.0
0.19995853917235332,0.2021796975131134,0.1828432035588448,0.2106970147237858,0.20432154503190267,0.0
0.19821196858629167,0.20364366998885636,0.18314051989518057,0.20960860579418414,0.20539523573548707,0.0
0.20050270906951084,0.201154470574436,0.18246568915393602,0.20960836722789247,0.20626876397422475,0.0
0.19488273634944195,0.2035961674808388,0.20983044532935585,0.19192062222926248,0.19977002861110096,0.0
0.19962346754823115,0.19834119201536174,0.18950411770588832,0.21192852553065308,0.20060269719986584,0.0
0.2,0.2,0.2,0.2,0.2,0.0
0.19644909894560217,0.19721497977580535,0.18755222109928466,0.20953610434086709,0.20924759583844074,0.0
0.1990087059344664,0.2032537183998995,0.1895964988337327,0.20684757033510814,0.20129350649679323,0.0
0.19853093652042098,0.19770617691658268,0.18872200548373863,0.2132633288359968,0.20177755224326085,0.0
0.1971659382026082,0.20347652346001185,0.18925642796095665,0.20671485923895977,0.20338625113746361,0.0
0.2047735834516765,0.20445944727438373,0.18767138405554695,0.205547203356364,0.19754838186202872,0.0
0.1993382436186983,0.20117102736746886,0.192421691365889,0.20657017380030016,0.20049886384764357,0.0
0.1994361942975112,0.20484678005183382,0.18796662991043034,0.20488489288919123,0.20286550285103336,0.0
0.19731988029333783,0.20066634124197136,0.19077166816811417,0.20645777078178515,0.20478433951479147,0.0
0.20009219405493486,0.20120065362393819,0.18179960834547737,0.20923366781927807,0.20767387615637148,0.0
0.1977368350446234,0.20006978114517834,0.1850468236461905,0.20934720721678984,0.20779935294721796,0.0
0.19929946100729656,0.20294095833068432,0.186780749747201,0.20807938571221524,0.20289944520260303,0.0
0.19811958962025858,0.20025910079330586,0.18821115054341597,0.20816142877285385,0.20524873027016574,0.0
0.19833174319610858,0.20346296374600115,0.18098990595403885,0.20905775001833674,0.2081576370855148,0.0
0.2004611211217543,0.19842279816830943,0.1858456216625785,0.21030624032051223,0.20496421872684545,0.0
0.20410533670840622,0.20378139826730682,0.1876258044488832,0.2065714318509806,0.19791602872442318,0.0
0.19986228644985082,0.2000765684292762,0.18777012307743648,0.20968132357214408,0.20260969847129232,0.0
0.19665874509395448,0.19903730893582372,0.1870539724082237,0.20968241615567004,0.20756755740632818,0.0
0.19784708467405007,0.19754031246448797,0.1897958288785658,0.21277804929291153,0.20203872468998452,0.0
0.1971021969031546,0.2060172421622344,0.1848792871266561,0.20785138862066027,0.20414988518729468,0.0
0.19734242555304785,0.20314763070837905,0.18823136957480183,0.2088365382029275,0.20244203596084373,0.0
0.1991100285158346,0.19935253399997954,0.18437236930614143,0.21087507941281786,0.2062899887652265,0.0
0.19921318162854085,0.19935461398825666,0.18841215883499401,0.2115271269972169,0.2014929185509917,0.0
0.19929730783860686,0.20579064512490328,0.18803469660647423,0.2046574865562938,0.2022198638737218,0.0
0.19891610509133836,0.2026420532028099,0.18376306770815407,0.20928725249871208,0.2053915214989855,0.0
0.20069121301357148,0.19613262694687228,0.188798239633442,0.21376659795212824,0.200611322453986,0.0
0.19853608076490475,0.19212592384926874,0.193028335567031,0.2120969502298077,0.2042127095889879,0.0
0.20082680410764492,0.19890700105535075,0.18741782781580243,0.21230504433798583,0.20054332268321598,0.0
0.19820026100046184,0.20043656942219354,0.18696709272044795,0.21016112666909978,0.20423495018779694,0.0
0.19889555142759,0.2040998048386655,0.18502250320570654,0.20747087966517988,0.2045112608628581,0.0
0.19933304586349973,0.19984850536381105,0.18836591819709586,0.20907270204784753,0.20337982852774594,0.0
0.1982315129630848,0.20113048789810364,0.18387296578011608,0.20979740323780174,0.2069676301208938,0.0
0.1982166658619654,0.1958699012815038,0.19170807703511092,0.20822030258855106,0.20598505323286875,0.0
0.19764224805190206,0.20521387543683706,0.1864720791759106,0.2076018596711624,0.20306993766418782,0.0
0.19998429087043812,0.1994029494288888,0.18174692837542644,0.2100242231889229,0.20884160813632383,0.0
0.19846580060557947,0.20060454939608766,0.18876198741939149,0.20955402921290672,0.20261363336603458,0.0
0.2009307209758084,0.20141012661926852,0.18897300788474805,0.2076472870991179,0.201038857421057,0.0
0.19784432334379393,0.19678298813837186,0.1903793996134925,0.21285944484235972,0.20213384406198212,0.0
0.19742432455163636,0.1996131076125304,0.1887652312500429,0.20647144276114357,0.20772589382464662,0.0
0.19643382530067943,0.1893396447039233,0.2062748646571627,0.2052228287773225,0.20272883656091198,0.0
0.19851221714029385,0.2007807539117742,0.1904272890334172,0.20824874185538075,0.2020309980591339,0.0
0.19868032002377078,0.20380622396476714,0.18793492104065512,0.2067629110609677,0.2028156239098392,0.0
0.20041718440606793,0.20123394113864315,0.1836659738952074,0.20938644682109012,0.20529645373899147,0.0
0.2005398845880266,0.20205024937796962,0.18416098605651016,0.20811619335069342,0.2051326866268001,0.0
0.19932585483994608,0.2068318317665751,0.18458966536479945,0.20609864911495854,0.20315399891372088,0.0
0.19935927392864464,0.20025790478525812,0.18911600615563437,0.21106011331671917,0.20020670181374373,0.0
0.19977663682049615,0.19932485884728202,0.19119366939532353,0.21033788921754373,0.19936694571935445,0.0
0.19883013318157927,0.19938830235159088,0.18658937230130454,0.2124270818678684,0.20276511029765687,0.0
0.19874572050720243,0.19803752202354855,0.19019695471724515,0.20780832515370543,0.20521147759829836,0.0
0.1960395476144504,0.18843522823392106,0.20644590790701695,0.20615363345449855,0.20292568279011305,0.0
0.19942145110021112,0.1939213467402132,0.19133060900819202,0.2116402646998302,0.20368632845155346,0.0
0.19673872607539225,0.19842281264009082,0.1917981274079212,0.2111871109439995,0.20185322293259628,0.0
0.1995844911864817,0.20262004635614678,0.1863676906532579,0.207810412934865,0.20361735886924867,0.0
0.2008898983818384,0.1991754352757785,0.19061391408849995,0.2081270560870416,0.2011936961668416,0.0
0.19774559958052818,0.20090293903981624,0.19299568237443035,0.206856386311996,0.20149939269322925,0.0
0.19768657855254435,0.19294807541590292,0.19415451281424356,0.21123955397825409,0.2039712792390551,0.0
0.1974046480258669,0.20303941254493088,0.18834313196461336,0.2059386144941991,0.20527419297038982,0.0
0.19765873455922045,0.19992301272532334,0.18772512502449085,0.21058054815940674,0.20411257953155854,0.0
0.19926941918522084,0.1977502216293969,0.19100053889838756,0.20796138927203733,0.2040184310149574,0.0
0.19683247787882638,0.1974801863640638,0.19130532519063306,0.21207994048994233,0.20230207007653445,0.0
0.19973556634441564,0.20426692586454717,0.1850312438666804,0.2059489788109594,0.2050172851133974,0.0
0.2019119952009404,0.20085727468890127,0.19120340194917332,0.208423629074363,0.197603699086622,0.0
0.19994608488408688,0.20373634655226294,0.18887453069054042,0.20456565026097925,0.20287738761213048,0.0
0.19932110938013992,0.19895157019199813,0.1880801975038217,0.20782197182785928,0.20582515109618085,0.0
0.19807215737221398,0.20554531565022915,0.18737953513406358,0.2059386967397941,0.2030642951036992,0.0
0.19981796687282968,0.20331210169420422,0.1868991132377881,0.21101836939368201,0.19895244880149582,0.0
0.1977050802121947,0.20218274343990522,0.18666725047033975,0.2049336699675557,0.20851125591000458,0.0
0.19911061223743648,0.1974138225370271,0.18860915268393968,0.21248774158534492,0.20237867095625178,0.0
0.19981390717884293,0.20508979641935055,0.18533487732628887,0.2060510609263258,0.20371035814919172,0.0
0.19875147173911575,0.2037974287028612,0.1850461662354632,0.20827576129722714,0.20412917202533265,0.0
0.201495400952187,0.2001653376395411,0.1841269229386376,0.20761023258438274,0.20660210588525157,0.0
0.2014203582515917,0.20152569598645725,0.18550509744891766,0.20832268464920192,0.20322616366383145,0.0
0.19854086396980317,0.20121711137739415,0.19229012052696678,0.20670381869811788,0.20124808542771808,0.0
0.19892225179669537,0.19915338484551784,0.1853452093564292,0.21069430753974833,0.20588484646160912,0.0
0.2010761191836391,0.2018361267710032,0.1967860955981905,0.20077008580973088,0.19953157263743634,0.0
0.1994609220148388,0.19997153479043117,0.18348205500475973,0.21187291470280847,0.2052125734871619,0.0
0.19887851708655416,0.203608720294315,0.18852737232831945,0.20552629053074928,0.20345909976006202,0.0
0.1990334357393142,0.20060325573175392,0.18890563826433981,0.2071848390028862,0.2042728312617059,0.0
0.19598015075907183,0.1963720752504123,0.19407566584888344,0.20986859174186406,0.20370351639976844,0.0
0.19960090323351568,0.20549202685326268,0.1823330312963537,0.21144462425501104,0.20112941436185686,0.0
0.1964138910520664,0.19782433200617422,0.19056621366165918,0.21227290795682252,0.20292265532327755,0.0
0.19931190466717957,0.20429594700454176,0.18404322132845508,0.21183420941544748,0.20051471758437617,0.0
0.19968258391702035,0.20424822143019708,0.18846143564525616,0.2042111634089241,0.20339659559860238,0.0
0.1978656323037709,0.19991761416649084,0.18729310532016932,0.21102601282153927,0.20389763538802955,0.0
0.20265343545851755,0.19698416547197584,0.18962762381449064,0.20800739937644044,0.20272737587857562,0.0
0.19992414839927708,0.2007299343539301,0.1879213914976796,0.2062840106535479,0.20514051509556525,0.0
0.20039401189504255,0.20040657279758028,0.18971603256460523,0.20587032387359147,0.20361305886918044,0.0
0.19950079173140378,0.20089782719408275,0.1870168558971719,0.20545081413191904,0.20713371104542241,0.0
0.19721972333943602,0.20683977384013327,0.18538575804901675,0.20514141943470937,0.20541332533670467,0.0
0.19729697984347003,0.19935608170944932,0.18433080084368234,0.21133459575908115,0.20768154184431706,0.0
0.18383513915093636,0.21374742167179497,0.18383513915093636,0.2014067441397688,0.21717555588656362,0.0
0.19981492624604283,0.2032456931052947,0.18694022094847762,0.20716952789418652,0.20282963180599828,0.0
0.2038687768768511,0.20523616198595568,0.18754870149604566,0.20571833597728117,0.19762802366386642,0.0
0.20469105491088097,0.2059533209376925,0.19028539097048616,0.20013804668080934,0.19893218650013103,0.0
0.20024767855458842,0.20282605302783213,0.18523966449870208,0.20566823913550455,0.2060183647833729,0.0
0.19823652871554998,0.19612265184242697,0.1897498463125862,0.2113769555051173,0.20451401762431962,0.0
0.19893149021319526,0.20517446738183698,0.18741809701652543,0.20684168535599032,0.20163426003245202,0.0
0.19851056269286624,0.2006396651614126,0.2052227087148336,0.19596886311304537,0.19965820031784215,0.0
0.19924313500020366,0.20070303855207786,0.187781502089471,0.20974836680699796,0.2025239575512495,0.0
0.19933577968289182,0.20103931478910098,0.188431983469799,0.2087497837280503,0.20244313833015792,0.0
0.19680577299733126,0.20007861401274363,0.18485234337025963,0.21215922358975914,0.20610404602990637,0.0
0.19836519587417634,0.19586896631094217,0.19292448485955774,0.20982175991240992,0.20301959304291378,0.0
0.200963387642069,0.19833974167060295,0.18619431437347153,0.2056145534608999,0.2088880028529565,0.0
0.19893888258390566,0.2027209758818896,0.18816932033641703,0.205688564901917,0.20448225629587075,0.0
0.1976329223249701,0.19702113239950358,0.1930318403913765,0.2108883590065879,0.201425745877562,0.0
0.19833852202849495,0.20183380423215605,0.189195037178414,0.20771478890169998,0.20291784765923504,0.0
0.19968950242092262,0.18832439715341254,0.2062707971431702,0.2049760975124381,0.20073920577005644,0.0
0.19817135352095894,0.19882789979504956,0.1923156851777487,0.20891365063359343,0.20177141087264933,0.0
0.19662375342119737,0.20148131827424312,0.18923558306166155,0.21086490674421704,0.2017944384986809,0.0
0.19746635143158717,0.1960823381968085,0.1890419067027457,0.2109201274714115,0.2064892761974471,0.0
0.19844524471392191,0.2026479638954826,0.18705919994380338,0.20765175633540586,0.2041958351113862,0.0
0.19881596978592908,0.20282263261468428,0.18635213160012273,0.2071028911757357,0.20490637482352825,0.0
0.19900542841503158,0.19846205506157544,0.19212010939099913,0.2096680489461876,0.20074435818620628,0.0
0.19917142406171634,0.20473139205899757,0.18677844440561708,0.2076153119945549,0.20170342747911407,0.0
0.1993914199580182,0.2038256892508763,0.18916319440079554,0.2046337352835114,0.20298596110679853,0.0
0.19775416088287529,0.20343582827100817,0.185064521501744,0.20874687414846405,0.20499861519590837,0.0
0.1959870784218362,0.20432064605804912,0.18578662051213515,0.20905827577345898,0.2048473792345205,0.0
0.19953347221056192,0.19947683747056863,0.1863908590040681,0.21091907729082937,0.2036797540239721,0.0
0.19811893389564178,0.20177025737057314,0.1898096640672216,0.205659352850441,0.20464179181612252,0.0
0.19621269153170168,0.18958202699459725,0.20912088664374864,0.20572839879480248,0.19935599603514992,0.0
0.2,0.2,0.2,0.2,0.2,0.0
0.20525385999972723,0.20190581833668883,0.18920931572572677,0.20051356222288708,0.20311744371497018,0.0
0.1994349251588614,0.19683269870870054,0.18439858529120629,0.21218047961800077,0.207153311223231,0.0
0.20380628921755872,0.20625292680276272,0.18817129032282026,0.20447795482512196,0.19729153883173633,0.0
0.19660991162620925,0.2035494920466002,0.18313324611085677,0.20956821962334127,0.20713913059299238,0.0
0.19683480738240175,0.2014780587275151,0.18701069278139906,0.207014373932376,0.20766206717630806,0.0
0.1964718510564608,0.1977560314476722,0.18778144480426634,0.20909690425083058,0.20889376844077012,0.0
0.2002479277297806,0.19703419251905607,0.19079316416051925,0.206886300779671,0.205038414810973,0.0
0.20093428947793449,0.19557261628371372,0.18628397650159925,0.21022681391334883,0.20698230382340374,0.0
0.20226053363966304,0.2014462385811106,0.19605658718721783,0.20068152121621374,0.19955511937579481,0.0
0.200611136274755,0.2025011535694395,0.18669576174150107,0.20480365043317017,0.20538829798113414,0.0
0.2,0.2,0.2,0.2,0.2,0.0
0.19885859195222536,0.2050660394077637,0.18649586193709888,0.20939942435053913,0.20018008235237292,0.0
0.19799612020623913,0.2014629143772353,0.1850567252772807,0.20816606983027955,0.2073181703089653,0.0
0.20194607160687733,0.2054179254151579,0.18765621363287838,0.20595742805457057,0.19902236129051587,0.0
0.1994697463097476,0.2001306007422432,0.18786635211583783,0.21088178638654892,0.20165151444562252,0.0
0.19884631218760365,0.2019693667047137,0.18713512491710788,0.20924606006813878,0.20280313612243595,0.0
0.19921254945944503,0.19796487417112077,0.19064066954344336,0.2104067042774525,0.2017752025485384,0.0
0.19536850222344765,0.19788563598823183,0.18994837481984905,0.20863212854657084,0.20816535842190065,0.0
0.1982164289059164,0.19968368765638655,0.18490034072602,0.20723619303611995,0.20996334967555721,0.0
0.20076079856914633,0.20639981114443576,0.18207329618805218,0.20732275796212116,0.20344333613624443,0.0
0.19524782277417066,0.19325910699797128,0.19433461937425947,0.21263883525559957,0.20451961559799905,0.0
0.19861630301162678,0.19955381957798715,0.1886050542955558,0.20857075441027886,0.20465406870455147,0.0
0.20024522270801615,0.19898816361251256,0.1860507175134427,0.20928948966733343,0.2054264064986951,0.0
0.1977564668525868,0.20147559611328666,0.18807396279709632,0.2095574065085231,0.20313656772850713,0.0
0.19820567546007292,0.20021330882972257,0.18750101212660958,0.2076704411874923,0.20640956239610256,0.0
0.19911602599858366,0.20143862583497704,0.18645820632468554,0.20890591782696163,0.20408122401479206,0.0
0.1980200573078384,0.2050313311088283,0.18665814257881602,0.20755884193004784,0.20273162707446943,0.0
0.19966174460962594,0.20709905600572742,0.1850727131221936,0.206117605164269,0.20204888109818403,0.0
0.2004236471246254,0.19505840163995652,0.18990720770018588,0.21273601288001173,0.20187473065522044,0.0
0.1991656817907391,0.2025510706033212,0.18533954286586915,0.20970249173174724,0.2032412130083233,0.0
0.20033662336385644,0.1982978069311497,0.18904802808970958,0.2093767165643412,0.20294082505094296,0.0
0.19767611150286157,0.20043095905570427,0.18767520017642933,0.20976989562059398,0.20444783364441096,0.0
0.19645826817212023,0.19258563990758315,0.1952965338248235,0.21179850220594962,0.2038610558895236,0.0
0.20006612618685973,0.19597483516549086,0.18949546404957304,0.21088883892963894,0.20357473566843756,0.0
0.19841257036985013,0.20070201684540326,0.1892946478352008,0.20602549091923333,0.2055652740303124,0.0
0.1995421590160156,0.19956270604569676,0.18852212255835715,0.20574314679968483,0.20662986558024565,0.0
0.1988172211866368,0.20297905329579943,0.18158914359289682,0.20889258456683862,0.2077219973578283,0.0
0.20040323353842932,0.20242719176107188,0.18565280208627002,0.20657833099791437,0.2049384416163145,0.0
0.20030359027447386,0.1997392914025015,0.18954091324975977,0.20751892729078936,0.20289727778247552,0.0
0.19941332456012745,0.20191549789774146,0.18970202124569005,0.20694268232771396,0.20202647396872717,0.0
0.2001468130821899,0.197451318863763,0.18717662418060882,0.21111969615644255,0.20410554771699574,0.0
0.19972498135435054,0.2040629092612957,0.18777942810274154,0.20604469320733806,0.20238798807427424,0.0
0.19946674565905484,0.1887034417728422,0.20652999911298311,0.2044654928768396,0.20083432057828018,0.0
0.2001865377493468,0.2044379707978408,0.18457532607834612,0.2066012799734484,0.2041988854010179,0.0
0.1970742391432676,0.202884004032786,0.18412024624307854,0.21168243049005056,0.2042390800908174,0.0
0.19614704789528292,0.20082583210873303,0.1877906315532044,0.20741002978773343,0.20782645865504626,0.0
0.1997111845747225,0.20389326196462082,0.18748305698775067,0.20600366541139936,0.20290883106150662,0.0
0.20013038918626694,0.20436555870227327,0.1876640167093995,0.20393972944329636,0.20390030595876407,0.0
0.19688153679594167,0.2003360741108345,0.1867956434053361,0.20933835405974396,0.20664839162814355,0.0
0.20242148681899286,0.20036244219640512,0.1918789698320449,0.2054764401456252,0.19986066100693192,0.0
0.19880517813005277,0.20349492403137903,0.1892147148739299,0.20812612320524432,0.20035905975939397,0.0
0.19811183601048712,0.19674364808927267,0.1883242662981134,0.21236838682081938,0.20445186278130736,0.0
0.1997202675141872,0.20042387987122662,0.18595844052935148,0.21114537790022464,0.20275203418501014,0.0
0.20091593790365314,0.20237054035368662,0.18377148449503167,0.20571931465227408,0.20722272259535457,0.0
0.19810727157609637,0.19828268763305457,0.1862742952635411,0.2118739276451796,0.2054618178821284,0.0
0.20245327476952818,0.20293111570683522,0.1874761736149087,0.20955909187673788,0.19758034403199,0.0
0.20002126173802087,0.19457149435291005,0.1886716525299762,0.21126776092036495,0.20546783045872805,0.0
0.19875052133649027,0.20127871368592276,0.18719035866699738,0.2076798022449696,0.20510060406562014,0.0
0.19752462786165761,0.20400024298418754,0.1825512250259028,0.2080585620334923,0.20786534209475993,0.0
0.19986705302219793,0.20123860034734828,0.18960837836670855,0.20604366671382607,0.20324230154991915,0.0
0.19847017891220678,0.19764558704687654,0.19016171915904423,0.20760206776512033,0.20612044711675226,0.0
0.19845996559523096,0.20422818937905127,0.18864483929068318,0.20563127780148502,0.20303572793354951,0.0
0.19837300905919925,0.2048536949005311,0.18383671320003583,0.21229437861122363,0.20064220422901013,0.0
0.19717845633922124,0.20139956817898116,0.1857806101093349,0.2096195568216301,0.20602180855083257,0.0
0.19672681820205795,0.20671838102212908,0.18587827640282253,0.20641718955002417,0.20425933482296638,0.0
0.1973782476021619,0.20570347649835108,0.18708251740318288,0.20678426593500007,0.20305149256130406,0.0
0.19905610306128654,0.20151359039014877,0.18663127208344082,0.20800107518224104,0.20479795928288297,0.0
0.19849613355422718,0.2006157896142789,0.1891152100504552,0.20920967755032915,0.20256318923070946,0.0
0.19912338227257936,0.2032332574115881,0.18941062405836798,0.20495951921081543,0.20327321704664908,0.0
0.2012185196974682,0.20010133957030188,0.19425029761753593,0.20380728576834042,0.20062255734635362,0.0
0.19723192428823477,0.19497522688537433,0.1905967131674784,0.21221349208630785,0.20498264357260462,0.0
0.19729560896333992,0.19926451089990369,0.19218003431995032,0.2086098917167524,0.2026499541000536,0.0
0.20113861174411782,0.1979376014314062,0.1858831634476783,0.21346717933261153,0.2015734440441861,0.0
0.2004169280616352,0.20472684662043897,0.18609640491473511,0.20523360327770995,0.2035262171254807,0.0
0.19976910015368604,0.20328903875754947,0.1869362286670731,0.20794132104357022,0.20206431137812123,0.0
0.20036882555434002,0.19928503009084064,0.18933832230587747,0.21001626027566048,0.2009915617732814,0.0
0.20431255658795344,0.1983574088728917,0.19215889127795172,0.20584572664925022,0.19932541661195294,0.0
0.19878021367127205,0.19725913523526292,0.1901853258823635,0.21351872595332397,0.2002565992577775,0.0
0.19654916481053503,0.19829614995419464,0.18958373421243038,0.21304098321547546,0.2025299678073645,0.0
0.1962104537962036,0.20000226785015493,0.1895286424963013,0.20944628956216288,0.2048123462951773,0.0
0.19854150929716108,0.1976444906182517,0.19096781544267044,0.2103361726377856,0.2025100120041313,0.0
0.20058316617808652,0.19965667430197243,0.18584417889184135,0.20696547350549266,0.20695050712260715,0.0
0.1997942663601269,0.1887955575798546,0.2056092338832282,0.2049215115778898,0.20087943059890057,0.0
0.1980776867394208,0.1973348171904006,0.1904635048985957,0.20916040252299664,0.20496358864858633,0.0
0.20126914371598392,0.20153954088996756,0.18535604111535192,0.20858662050935028,0.20324865376934634,0.0
0.19746529062359958,0.197452949183785,0.19037106112218644,0.2108851004697721,0.20382559860065705,0.0
0.1978890607019044,0.1969520615605577,0.18893154098808987,0.21171530459651244,0.20451203215293548,0.0
0.19976571267259297,0.20380581232983716,0.18563124404430045,0.2068206888306963,0.20397654212257313,0.0
0.19816894569445853,0.19661659757906078,0.19171868807469536,0.21177763157910112,0.20171813707268424,0.0
0.1976335922997852,0.20258403702707603,0.18755459889640996,0.2060268063346533,0.20620096544207558,0.0
0.19858666450659979,0.20137703857030287,0.18614659222478389,0.2095200852782576,0.20436961942005577,0.0
0.19892283764785426,0.1960079857550588,0.1895240095290554,0.20887561456915962,0.20666955249887192,0.0
0.19918602989888204,0.1974631059083276,0.1859222021547171,0.20800863050244023,0.20942003153563296,0.0
0.2001316585574204,0.20136373478789024,0.18849298958946833,0.2068612374591413,0.20315037960607976,0.0
0.19959651646053203,0.2037430299810282,0.18657975673836638,0.2050647504028148,0.20501594641725857,0.0
0.2005305308297896,0.20260634715786058,0.18212474104510312,0.20607609782144543,0.20866228314580135,0.0
0.20038105006490592,0.19463697045169978,0.1902152431241115,0.21296280300812542,0.20180393335115734,0.0
0.19930385524522704,0.20001658769635194,0.18642598239283886,0.21121629952683812,0.20303727513874403,0.0
0.2035899838029876,0.20307881813742407,0.18625230263943787,0.20652974989722106,0.20054914552292954,0.0
0.1999148913497915,0.19906061279941986,0.1890866662274888,0.20540421224146022,0.20653361738183967,0.0
0.20001918095654692,0.19623783724479033,0.19673914466606943,0.20524422782545357,0.20175960930713988,0.0
0.2,0.2,0.2,0.2,0.2,0.0
0.20124166737245117,0.19847919594941527,0.1868023577888329,0.20999395708621904,0.20348282180308147,0.0
0.19907795671216588,0.20263339739328015,0.18594190946468178,0.20816733858061406,0.2041793978492582,0.0
0.19874552455313027,0.20416463176102906,0.1890951892531839,0.206161384179405,0.20183327025325165,0.0
0.19820064751910887,0.20403461509910262,0.18651886194180056,0.20541601841729393,0.2058298570226941,0.0
0.19484483334524308,0.20353106916475022,0.18742381795420157,0.20961539381821348,0.20458488571759165,0.0
0.19987130824523225,0.1974653391592281,0.19095965558439754,0.21066649543206192,0.20103720157908003,0.0
0.19910826509233684,0.20242639123983072,0.18698253603047144,0.20689067303377512,0.20459213460358588,0.0
0.198352498757302,0.1987837059242727,0.18503138397784089,0.21081572688858222,0.2070166844520022,0.0
0.19791070039179945,0.20428581026389003,0.18367548052693686,0.20866078050083012,0.20546722831654352,0.0
0.19819405673772936,0.20265880847704945,0.18598177266900665,0.20729150381123762,0.20587385830497693,0.0
0.19861521871752433,0.2036095103358044,0.18654316179422462,0.210232628961276,0.20099948019117056,0.0
0.19795192971871553,0.2047713872287699,0.18767410871430606,0.20485695516514182,0.20474561917306677,0.0
0.19689834152261979,0.19316109852552626,0.19335778126653538,0.21073785984348775,0.2058449188418308,0.0
0.19942016321333092,0.20062958782212587,0.18593549011510446,0.20825753740182254,0.20575722144761624,0.0
0.19710398721291839,0.19984226606555652,0.18769814284251493,0.2095657692186388,0.20578983466037148,0.0
0.20125051251039214,0.20187694886460567,0.18753922314206273,0.20903354242402777,0.2002997730589116,0.0
0.1966764138274778,0.2021508815015801,0.18478533570000305,0.2103175401441198,0.20606982882681937,0.0
0.20337368233808842,0.19562253267368182,0.20354822253792135,0.1984497826661607,0.19900577978414766,0.0
0.1996933712786419,0.2049834740663172,0.1853547122292051,0.20604561144546682,0.20392283098036906,0.0
0.19819586672688128,0.20096768437623952,0.18494484264649694,0.20973891798659067,0.20615268826379177,0.0
0.19960639924284468,0.19951663260341548,0.19188638047884213,0.20735181853616352,0.20163876913873413,0.0
0.20070825471423115,0.20296562417402794,0.18672700395029418,0.20539413397971287,0.20420498318173386,0.0
0.20090400257354493,0.19705159326503238,0.18852337750107093,0.21153337087450363,0.20198765578584815,0.0
0.20198192952760985,0.1984960405759033,0.18605377446484822,0.2123417770628014,0.20112647836883726,0.0
0.20054620807491674,0.201663329121192,0.18973049758351695,0.20588882254309274,0.20217114267728156,0.0
0.20116339132685523,0.2006324374725894,0.18556657737355536,0.2092540826703057,0.20338351115669426,0.0
0.19739290825081646,0.19542613344885576,0.20053167653156642,0.20715420600600573,0.19949507576275557,0.0
0.20082156391076209,0.2006876951517726,0.1895964288650859,0.20877586004819024,0.2001184520241892,0.0
0.1961839828669983,0.20044705537918137,0.18597830028097237,0.20852182189013388,0.20886883958271407,0.0
0.20161882453565586,0.20291897358257982,0.18541975367246874,0.20919772730538477,0.2008447209039107,0.0
0.19982588281423372,0.201398365286978,0.18741491855013248,0.207533692781718,0.2038271405669378,0.0
0.19688259103071507,0.1970255059283215,0.18961881776385375,0.2121977995775205,0.20427528569958928,0.0
0.20156405212037184,0.20084726566371727,0.1866200252220691,0.2100629733095263,0.20090568368431552,0.0
0.20477010430657866,0.20152177662056583,0.18853385237922013,0.20423689518889257,0.2009373715047428,0.0
0.19941002603372934,0.19645932274334524,0.18950245653663253,0.21264371839349838,0.20198447629279442,0.0
0.1984117696376819,0.20353413542659757,0.1867695225426554,0.20720766724118345,0.20407690515188162,0.0
0.1992763948186068,0.20396330751819242,0.18835477619803717,0.2060704733117693,0.2023350481533943,0.0
0.19940987384387635,0.20089847542873954,0.18907711591333065,0.20708543348495542,0.20352910132909807,0.0
0.19823089039191558,0.20059972247828037,0.1890946443711062,0.20833251198104005,0.20374223077765785,0.0
0.19950210063803353,0.1930235736807753,0.20238110373915127,0.20496915927618306,0.2001240626658568,0.0
0.19903664541026042,0.2051383030878123,0.1863386468006029,0.204949208644428,0.20453719605689635,0.0
0.19803523472079917,0.2042063266151811,0.18544459050207374,0.2081517873095486,0.20416206085239735,0.0
0.2014907958345477,0.19900372381298653,0.1873488536674791,0.20747587150903235,0.2046807551759543,0.0
0.19826828634442675,0.20387514772210708,0.18608957144299365,0.2073419121500052,0.2044250823404673,0.0
0.19935939982500497,0.20186433233936676,0.1852686602579197,0.20790479309049906,0.20560281448720963,0.0
0.19855277587934755,0.2013797968213485,0.18659945986611104,0.20641354461398886,0.207054422819204,0.0
0.19827805277544897,0.2055568124470352,0.18613872496195702,0.20758876108835794,0.20243764872720094,0.0
0.1997942663601269,0.1887955575798546,0.2056092338832282,0.2049215115778898,0.20087943059890057,0.0
0.1978350264481746,0.2059418778576429,0.1879772483444775,0.20578290999103244,0.20246293735867252,0.0
0.19924356748105987,0.20158621258167445,0.18509351857882164,0.21097781240309038,0.20309888895535363,0.0
0.19982287367234935,0.19811290648357927,0.1896526860257908,0.20904568531820622,0.2033658485000743,0.0
0.19918247968828282,0.20365910397401146,0.1859269499498858,0.20924615169683022,0.20198531469098968,0.0
0.20306837516569323,0.20507033727732016,0.18508895878484904,0.20715118582427874,0.19962114294785865,0.0
0.20177276979589565,0.2020986559622787,0.18719734850380715,0.2076426919447101,0.20128853379330847,0.0
0.19837625987873891,0.20127769909257281,0.18572345485540392,0.20808945872260795,0.20653312745067626,0.0
0.19874704152881092,0.20086411800438056,0.18943686956783368,0.20773880903612438,0.2032131618628505,0.0
0.2007808283664991,0.20101165240668611,0.18773729824284183,0.2077857955631033,0.2026844254208696,0.0
0.20070625757621266,0.20172583383280826,0.1866850896980771,0.2082490050444321,0.20263381384846993,0.0
0.19968475468527458,0.1973940422500956,0.18787474904915658,0.20904696139398035,0.20599949262149292,0.0
0.20014384588819717,0.20495794298564812,0.18629397339009088,0.20426499427610137,0.2043392434599625,0.0
0.19925556764303298,0.19630894788363396,0.2001963928253608,0.2025235525002129,0.20171553914775933,0.0
0.19851863089860122,0.20130727843772964,0.18730447065344405,0.2077924016708303,0.20507721833939466,0.0
0.2007460968632192,0.1989157434617459,0.18747547312896337,0.20798994616528263,0.20487274038078898,0.0
0.201001208960213,0.20494766780132975,0.1827057642646181,0.20589130964724628,0.20545404932659284,0.0
0.19780209711321783,0.20532271667535915,0.18672654230101876,0.20938950978568077,0.20075913412472354,0.0
0.19794063112617108,0.19521899054508476,0.19031279242411084,0.21095144351607428,0.20557614238855895,0.0
0.19979672445163124,0.19942909298329675,0.19188087320460717,0.20682372640680596,0.20206958295365895,0.0
0.19893287978139246,0.2007101788635592,0.1861633863319171,0.20965011680086681,0.20454343822226448,0.0
0.19774471054639106,0.20515059442351735,0.1870529566216751,0.20649422092431108,0.20355751748410544,0.0
0.1994258133219438,0.20441965537754753,0.18661132708893946,0.20661581866689774,0.2029273855446714,0.0
0.1987273377678325,0.20526214368606047,0.1827092050215684,0.21011749846330896,0.20318381506122976,0.0
0.20195415263389344,0.20100691140464128,0.18817665561202035,0.20783083738364097,0.20103144296580402,0.0
0.20151345691517866,0.1969449955668755,0.18752500943012507,0.20863222368798756,0.2053843143998333,0.0
0.19982477503955728,0.19523466163568443,0.19244577036606847,0.2101537976134959,0.20234099534519404,0.0
0.20054619312972033,0.20328403958009755,0.18470371214520062,0.20698807131819147,0.20447798382679014,0.0
0.19985915878763108,0.20443226865710368,0.18329702885373064,0.2091818922023383,0.20322965149919625,0.0
0.2022186151752828,0.20242134362971104,0.18688291569128118,0.20618215809710083,0.2022949674066241,0.0
0.19959608574039728,0.2037060591622931,0.18687390685797908,0.20632504010640243,0.20349890813292826,0.0
0.20043380229045463,0.20344494235890564,0.1857736379172053,0.20631888166671727,0.20402873576671707,0.0
0.20033234013891915,0.20207785537181538,0.18836883946324992,0.20795700533843398,0.20126395968758148,0.0
0.19956649994472492,0.20051953310880324,0.19154388211734635,0.2071614088290036,0.20120867600012193,0.0
0.1978851925047703,0.20490533060848037,0.18155952843084835,0.20790537194505254,0.2077445765108484,0.0
0.19854087155761155,0.20397415308111724,0.1887782936539974,0.20741404857111922,0.20129263313615453,0.0
0.19653430889916695,0.2025532000820183,0.1901726228703251,0.208100060033358,0.2026398081151318,0.0
0.19953076459679078,0.20230683862588103,0.18716817367896732,0.20741189633096738,0.2035823267673935,0.0
0.19770990610629044,0.20466362031300617,0.18923836884719428,0.20603045766563705,0.2023576470678722,0.0
0.19895341126862667,0.19847071424154564,0.20444001505000436,0.19898989422569852,0.19914596521412498,0.0
0.19819160476780592,0.20506954108126282,0.1871342039730948,0.20379864255240374,0.20580600762543272,0.0
0.19970156278757328,0.20042161761493663,0.18787542897059392,0.20495607804596022,0.20704531258093606,0.0
0.1987687747593745,0.1956800276787325,0.18792598904704558,0.21095082379161015,0.20667438472323732,0.0
0.19902418452054435,0.20276664327557326,0.18816209775626266,0.20585083215612082,0.20419624229149888,0.0
0.19819856880962813,0.20409965153820286,0.185800851750455,0.20771481513333578,0.2041861127683782,0.0
0.19970064341689844,0.2026951518665053,0.18468885347104297,0.20773990593642164,0.20517544530913157,0.0
0.19774422918100804,0.20241875249644964,0.18769036904170508,0.20938531860249107,0.20276133067834615,0.0
0.19721491742838845,0.19827808725135765,0.1872198510089813,0.2108492512157286,0.20643789309554397,0.0
0.20044217154938446,0.2029409603581075,0.18745408388456122,0.20676116926517807,0.20240161494276884,0.0
0.1982790007306667,0.20196238227875274,0.1897361015490191,0.2075643011919464,0.20245821424961513,0.0
0.1986519549884487,0.20174407846161801,0.19119128393344814,0.20623423141350536,0.2021784512029798,0.0
0.1995252049356409,0.2000127550673308,0.18581617343446427,0.20802437534635307,0.20662149121621093,0.0
0.19977568677569976,0.20078819834682932,0.1901374674299052,0.2053956704669762,0.20390297698058948,0.0
0.196623795121178,0.20367189167727276,0.18867782581166287,0.20946732001302587,0.2015591673768605,0.0
0.1976327502019245,0.20139267612362644,0.18542830270692193,0.21002081663410666,0.2055254543334205,0.0
0.20015678065670903,0.2021542592260892,0.18991655452777081,0.20536856679367627,0.2024038387957548,0.0
0.19732998320251383,0.2014822492932402,0.1858528822134344,0.2098353111362414,0.20549957415457024,0.0
0.19812910349388502,0.203421453634621,0.18681293114638503,0.20612961118253903,0.20550690054256987,0.0
0.1977686076260647,0.19728534976832832,0.1920915992147655,0.20948498249798558,0.20336946089285593,0.0
0.20267833519188688,0.20193416696158353,0.19351718791465294,0.20398833483609122,0.19788197509578545,0.0
0.19931631702974714,0.20125200232287793,0.1889556876529338,0.20812567399990686,0.20235031899453426,0.0
0.19965969926933078,0.2048043776418119,0.18645835429897128,0.20815883159026108,0.20091873719962494,0.0
0.197241655187658,0.20093960302442757,0.19233861524242032,0.2081650511235085,0.20131507542198565,0.0
0.19929988769943618,0.20384894791877833,0.1880932319645163,0.2045584898614971,0.20419944255577213,0.0
0.19915813646184072,0.20456592527234266,0.18249271516429147,0.2078417133860898,0.20594150971543526,0.0
0.20024678482182193,0.2003001228681182,0.18860273876687406,0.21082112487104504,0.20002922867214074,0.0
0.19496382735888307,0.1882189054172193,0.20704218506326433,0.20609703045931901,0.20367805170131426,0.0
0.19726413041443297,0.18926541322309787,0.2064942521874591,0.2053827360860585,0.20159346808895165,0.0
0.199536151819128,0.20239552493624247,0.18764243996202465,0.2061519490498786,0.20427393423272625,0.0
0.19750908070828732,0.20090500797618907,0.19138742777161083,0.20750083540157346,0.20269764814233932,0.0
0.19972382102930863,0.20291280452993238,0.18953423580324297,0.20539733435710028,0.20243180428041568,0.0
0.19959681726265194,0.20016023905090927,0.1927533387780696,0.2079571977276769,0.19953240718069226,0.0
0.1971946392036077,0.19966275109983633,0.18786855084729406,0.2111104457402599,0.2041636131090019,0.0
0.20004059116894815,0.1976486152112682,0.18811192204911742,0.21032521466272347,0.20387365690794282,0.0
0.20076597829619666,0.1996826461178156,0.18286498228641204,0.20831964107640208,0.20836675222317358,0.0
0.1959601231142885,0.19597378025046988,0.1908117221977683,0.2119250874399585,0.2053292869975148,0.0
0.19938552118321018,0.1999002608549276,0.18674159865252635,0.21003937042754028,0.2039332488817957,0.0
0.1992802954524469,0.204834561503816,0.18703749440628326,0.2055291229220049,0.203318525715449,0.0
0.2015046651142922,0.19796811162672198,0.1895230920744,0.2096613398048017,0.20134279137978417,0.0
0.20161398821524523,0.19669174274297394,0.1912393359728472,0.2103828020293861,0.20007213103954738,0.0
0.20184012855622718,0.20489626250893694,0.18365621820008948,0.2042551283006378,0.20535226243410853,0.0
0.197721700397444,0.19519806354466945,0.19247482075409247,0.21125231273283723,0.20335310257095687,0.0
0.2002726864478028,0.1960410173824636,0.19113056476205717,0.2125559031194802,0.19999982828819632,0.0
0.20120973917924034,0.19591675255447555,0.18822506305135314,0.212468502392535,0.2021799428223959,0.0
0.19633022693098173,0.1962606420937084,0.19374022484056677,0.21138931727074223,0.20227958886400096,0.0
0.20058168300312287,0.19884700921354803,0.19065685877819452,0.20556320746511525,0.2043512415400193,0.0
0.19713093127924794,0.19886182322502485,0.1923868762241917,0.20909886672543446,0.20252150254610102,0.0
0.1975026914775441,0.19528297821882273,0.19142916624063647,0.21259437087105065,0.203190793191946,0.0
0.201389876817416,0.19916373094115666,0.19394265097739743,0.20598095847808845,0.19952278278594146,0.0
0.19738501360594893,0.19865524731278872,0.18736396337083966,0.21029683496640497,0.20629894074401778,0.0
0.19823268173544545,0.20501225695402958,0.1872270863150195,0.2052306252818334,0.20429734971367206,0.0
0.20076102122939884,0.20491983279417414,0.18234997992802093,0.20792889511619536,0.2040402709322106,0.0
0.1991254799886516,0.20500266367407366,0.18112746234391697,0.20764670722287493,0.2070976867704829,0.0
0.1967668673184307,0.1993762651776572,0.18860029294880276,0.21312466455962903,0.20213190999548034,0.0
0.19875869582066233,0.1995364393421519,0.19054672592364413,0.2068751232735737,0.2042830156399679,0.0
0.19787912963138363,0.20147815833654184,0.18831257848082578,0.20981407031585514,0.20251606323539367,0.0
0.20078525143323842,0.20251676693104542,0.18713755915505265,0.20660223985875956,0.20295818262190396,0.0
0.20039949361918896,0.19583221801174827,0.18761586177808937,0.21025372653451077,0.20589870005646263,0.0
0.20087048917772196,0.20448435961489936,0.19062779599943805,0.20538703212921836,0.19863032307872225,0.0
0.19942145110021112,0.1939213467402132,0.19133060900819202,0.2116402646998302,0.20368632845155346,0.0
0.19818861131612522,0.19994993851666049,0.19004090367961995,0.20700735386932778,0.2048131926182665,0.0
0.2004932626009993,0.2033660139365255,0.18547447122168065,0.20698234226101214,0.20368390997978242,0.0
0.2037773361476322,0.2027402037008492,0.18905431407422282,0.20655098756652013,0.19787715851077575,0.0
0.20137456610449797,0.20330799762621887,0.18689692216400575,0.20611516609186983,0.20230534801340752,0.0
0.19923799442814696,0.20391623416472685,0.18306758989047167,0.20987158228036154,0.2039065992362929,0.0
0.19899814407984226,0.20431556390856934,0.18603284495372716,0.20814828337498084,0.20250516368288052,0.0
0.19899324206267655,0.20213779596253809,0.18446542844784355,0.2090984785481192,0.20530505497882262,0.0
0.1977846982157719,0.1977638647975114,0.18432500987416578,0.21046253145835273,0.20966389565419813,0.0
0.20165113771968377,0.20061667586648654,0.1904785849998674,0.20349917773116866,0.20375442368279353,0.0
0.20166020382044597,0.20185964021457406,0.19387504579831732,0.2027254776470517,0.19987963251961097,0.0
0.1975498848535387,0.2008386259052716,0.1893266829707907,0.20617888509062954,0.2061059211797694,0.0
0.19953356856836826,0.1987546732090291,0.18743616789436537,0.20805603586010812,0.20621955446812915,0.0
0.19807722039251285,0.20152362469563598,0.1853208094153071,0.2081396938719748,0.20693865162456923,0.0
0.19611900195759657,0.19415017579505545,0.19592524139465214,0.21213773769971422,0.2016678431529818,0.0
0.2031455692787563,0.19618985660311786,0.1902120130965639,0.20888768497289048,0.20156487604867146,0.0
0.196090415409441,0.20206649031073004,0.1859891205955596,0.2114648878968518,0.20438908578741755,0.0
0.19839691676088322,0.20355153160639744,0.1877937554463071,0.2105907822032014,0.19966701398321085,0.0
0.20030101054428712,0.2041512258284013,0.18188953827218224,0.20950737905240235,0.20415084630272703,0.0
0.19706691643874102,0.19935223819434564,0.18722410479079202,0.2108913695391956,0.20546537103692591,0.0
0.20378818748678257,0.20243607853505433,0.18684232535448717,0.20510103682670158,0.20183237179697444,0.0
0.19889917892508732,0.20085057725356126,0.1886072629830748,0.20827847719710552,0.20336450364117095,0.0
0.19522300489187408,0.20178955652588745,0.1885598216880426,0.20970202283222386,0.20472559406197205,0.0
0.20149540590528275,0.2010365520917013,0.1837918327145836,0.20916257331908925,0.2045136359693431,0.0
0.20262099585612217,0.2004816766262152,0.18524796138033586,0.2090256963954072,0.2026236697419196,0.0
0.19740245846678914,0.20257318483878156,0.18295120587864877,0.2080311830286798,0.20904196778710066,0.0
0.19810699751067676,0.1961217757530458,0.187605100121941,0.21102586564098705,0.20714026097334953,0.0
0.20046682229222434,0.20041851861083174,0.18944026944060569,0.20753470768791918,0.20213968196841886,0.0
0.20642203399429038,0.20385675266129832,0.1933136234787485,0.20044520500630164,0.1959623848593612,0.0
0.2015198678224266,0.20062807545001018,0.18681959410731125,0.20745908449008177,0.20357337813017023,0.0
0.20380715157119195,0.20059459360459847,0.19158980986862878,0.2050576981970111,0.19895074675856983,0.0
0.19918821788229815,0.20223677994085648,0.1841207457209343,0.21165108495485513,0.2028031715010559,0.0
0.20170146125484745,0.20274514381328365,0.1872316991308613,0.20561295764192394,0.2027087381590837,0.0
0.19949890609770532,0.19531644018342875,0.18936565227746238,0.21150095113091608,0.20431805031048744,0.0
0.1988706624094781,0.2056900711292629,0.18482044752213458,0.2064162663410991,0.2042025525980253,0.0
0.19823592469492926,0.19633943554141195,0.1880279241049235,0.21225234361114997,0.2051443720475854,0.0
0.19765524578363228,0.20636475619140765,0.18633045324375422,0.2065171314409118,0.20313241334029414,0.0
0.2018447722111729,0.20248318359171738,0.19210041653101323,0.2046597649075927,0.1989118627585038,0.0
0.20139798857978788,0.20680925135074296,0.18327516040097788,0.2056294045976658,0.20288819507082556,0.0
0.19908485539467383,0.20111476362260547,0.18417806366549797,0.20850382209464313,0.20711849522257952,0.0
0.19656230903373154,0.19904184283784096,0.19057412665538623,0.21001053049968677,0.20381119097335446,0.0
0.19845750732379447,0.1980207913615981,0.19214999152974616,0.2102483892125681,0.20112332057229312,0.0
0.20138657042523914,0.2051732245586987,0.19125487345452505,0.20179650529048326,0.20038882627105384,0.0
0.20087146329638622,0.20021664271185002,0.1850425793211375,0.21286093036113324,0.201008384309493,0.0
0.19848089144073328,0.19803115494685788,0.18952050777834645,0.21288221642719576,0.20108522940686663,0.0
0.19965120622180976,0.19771374291788807,0.1873734955444686,0.21087503926840417,0.20438651604742933,0.0
0.19757040906839332,0.19648408296581113,0.19102226104335415,0.209843515251023,0.20507973167141835,0.0
0.20024608573844066,0.20108019757979587,0.18700230886276398,0.20817178931410563,0.2034996185048939,0.0
0.1956353005599211,0.19907985108916132,0.18742809931619558,0.210672635837761,0.20718411319696095,0.0
0.19698362253319052,0.20497729957772437,0.18725043496008614,0.20656179762611268,0.2042268453028863,0.0
0.20041081936391358,0.19992412154059622,0.18730531448437351,0.21045541637789172,0.20190432823322493,0.0
0.20352724260341704,0.20071670206687947,0.19657417159537768,0.19948830800351633,0.1996935757308095,0.0
0.19818261550080257,0.20321278334213355,0.18796570263005238,0.20443080166025934,0.20620809686675212,0.0
0.20058859731559345,0.2009437545287938,0.1856210511074094,0.2075420263559019,0.20530457069230149,0.0
0.19731340633806782,0.1971728831216044,0.18998195790140926,0.21001370781613424,0.20551804482278424,0.0
0.20010174133075848,0.20199474355761254,0.18656471560215973,0.21006476225308524,0.20127403725638407,0.0
0.20060064967213623,0.199214648661945,0.1857889401327647,0.2117400116486988,0.20265574988445542,0.0
0.2033389925729082,0.20489220516570675,0.18502362581637818,0.20570039214374244,0.2010447843012644,0.0
0.1981428505856188,0.20515592163043408,0.18858812857014737,0.20608050062526437,0.20203259858853534,0.0
0.19991321895415134,0.20305763375784347,0.18674502408179824,0.20695091164880983,0.20333321155739703,0.0
0.20153019461937133,0.19921777821382222,0.18718271502811545,0.20862703156894627,0.20344228056974467,0.0
0.1984856419523238,0.20603634251717257,0.18341138510427932,0.20782507847067133,0.20424155195555307,0.0
0.1983364364969088,0.207684616667636,0.18371781636450965,0.20656395637520913,0.2036971740957365,0.0
0.1946279948521198,0.1964121908509732,0.19037439177249546,0.21117775676024164,0.20740766576416994,0.0
0.2002913456314438,0.2003489038013917,0.18420235490378598,0.20920382254249292,0.20595357312088555,0.0
0.20207065420792186,0.1995425667803694,0.19247586750076684,0.2048695915030871,0.20104132000785488,0.0
0.2007264106076533,0.204901408031864,0.1827982362127779,0.20558577564501337,0.20598816950269142,0.0
0.19672678385134182,0.19935179795764332,0.18756398941994884,0.2121102457783154,0.20424718299275066,0.0
0.19924048605768868,0.19899363804061823,0.18941344770001844,0.20725381154570857,0.20509861665596615,0.0
0.198880333511503,0.2050021494482801,0.18554989597855506,0.20694567474527814,0.20362194631638378,0.0
0.19627905979881724,0.1975021422498659,0.18753551880311015,0.2105038195460768,0.20817945960212983,0.0
0.19967454072543148,0.20550069372891897,0.1845957303089155,0.20572100287648878,0.20450803236024537,0.0
0.20239143948652227,0.19834926535957448,0.19311475878392054,0.20456433118452347,0.20158020518545922,0.0
0.19897888001878514,0.19970340077133908,0.18612891435937579,0.2106342102957592,0.20455459455474076,0.0
0.19975242717500583,0.20321783461486465,0.18850467992044498,0.204154952852043,0.20437010543764147,0.0
0.19847523000963976,0.20472105119315454,0.1891358264334278,0.20671234506897324,0.2009555472948047,0.0
0.19655392299804234,0.1964910352997488,0.19150729977518077,0.21129391588626398,0.20415382604076412,0.0
0.20142967893852354,0.19841545345821382,0.18751164350422878,0.2068481498708019,0.2057950742282319,0.0
0.19862596155542334,0.20329362115094735,0.18219225394903585,0.21032358827718503,0.20556457506740844,0.0
0.19809027033792448,0.2046080058121444,0.18577960172245522,0.2086035057346379,0.20291861639283812,0.0
0.19778611242354308,0.20316152785695937,0.1840769257805004,0.2106256071493465,0.2043498267896507,0.0
0.19838480635280906,0.19688799107613983,0.18756024502620097,0.20987313826169934,0.20729381928315088,0.0
0.19773957704324024,0.20520839991964906,0.18805198937696166,0.2092341367485847,0.19976589691156432,0.0
0.2,0.2,0.2,0.2,0.2,0.0
0.19862659396106933,0.20016210593452896,0.18894566602474816,0.20613212269572767,0.20613351138392588,0.0
0.19884513611928278,0.20548144464088366,0.18552570256045914,0.20558668266363175,0.20456103401574263,0.0
0.19735972510794086,0.18741832509167666,0.20767800324254912,0.20582412959414273,0.20171981696369073,0.0
0.19834263689573042,0.19972472558276871,0.18809901958636582,0.20869326194899115,0.20514035598614386,0.0
0.20065738858308227,0.19971727059632385,0.18594138795545997,0.20832618268501807,0.20535777018011583,0.0
0.2025633848754035,0.20137352222337476,0.1852122472249457,0.2106518982384393,0.2001989474378368,0.0
0.1983002838813805,0.20313613972266753,0.18832104184368656,0.20631238219412207,0.20393015235814343,0.0
0.19693812382903772,0.19808495985445274,0.19409023212143686,0.20806117581649813,0.20282550837857447,0.0
0.19916145446754824,0.20565005489880306,0.18565264592222092,0.20618823985440388,0.203347604857024,0.0
0.19688584148943988,0.19924685920388668,0.18489152391175182,0.2089958939590554,0.20997988143586638,0.0
0.1995548747168635,0.20223161763966652,0.18837671255288999,0.20735623700489145,0.2024805580856886,0.0
0.19863680813521714,0.20332467302554239,0.18622796523606872,0.20779678583487873,0.20401376776829305,0.0
0.2,0.2,0.2,0.2,0.2,0.0
0.20023586277824712,0.20227387623827242,0.19174985201850536,0.20380642455273454,0.2019339844122406,0.0
0.19954033311204628,0.2019116899964933,0.19028077659049475,0.1996369351441729,0.2086302651567927,0.0
0.20010429748812494,0.20269476472967798,0.1856770220627894,0.20660070516514303,0.20492321055426474,0.0
0.1961272163656758,0.19702538521372487,0.18838034729397826,0.20906703669849333,0.20940001442812775,0.0
0.19939737191850737,0.20420824446527477,0.1858952117305877,0.20636237645200378,0.20413679543362642,0.0
0.20100029075060138,0.1990908312693397,0.18889142589480876,0.20659588637788118,0.20442156570736894,0.0
0.19745082965675245,0.20441471166937925,0.19045934045155297,0.2056999735765199,0.20197514464579558,0.0
0.20260026143926074,0.19173324213227091,0.20432814736163593,0.20382151458357217,0.19751683448326018,0.0
0.19863910585587385,0.2029764724672055,0.1879786421686943,0.2085148462012779,0.2018909333069484,0.0
0.20113621179976493,0.20000446427709953,0.18984974442829652,0.20725452874648473,0.20175505074835434,0.0
0.19857735247348446,0.200381420043041,0.18341083696301796,0.21109990528740222,0.20653048523305437,0.0
0.19706283773329675,0.19897109233098545,0.19270909483907467,0.20903280258549872,0.2022241725111444,0.0
0.199020629686067,0.20188069492918373,0.1884180568041984,0.2100899706490045,0.2005906479315463,0.0
0.19959735204515652,0.19871642387143487,0.18937850045940238,0.20632434762510216,0.205983375998904,0.0
0.1981216479582248,0.2002317443774207,0.18935165285167763,0.20911754631283228,0.20317740849984461,0.0
0.19697487037445502,0.1980645865181794,0.1913623233637483,0.20958222666765358,0.2040159930759637,0.0
0.20130422961955222,0.20145775024931176,0.18657444811032042,0.20811217137851043,0.20255140064230517,0.0
0.19854193982528656,0.20602214175645664,0.18754665000279677,0.20450195104568997,0.20338731736977003,0.0
0.1971841823268439,0.2038586368967426,0.1881096951212233,0.20773095759049026,0.20311652806469999,0.0
0.19959810282938256,0.19967080324479958,0.1856543818060196,0.21100353002563033,0.20407318209416808,0.0
0.19582329105642232,0.2047725788674172,0.18244301318374612,0.20941566933295197,0.20754544755946233,0.0
0.2023667827204829,0.19890943802020414,0.18918216080661182,0.20616128817688642,0.20338033027581484,0.0
0.19834075308858104,0.19748113341188295,0.18791111529660168,0.2077235180372833,0.208543480165651,0.0
0.19950735755718504,0.20278331156491264,0.18823368723809686,0.21122379555179846,0.19825184808800705,0.0
0.198624053000418,0.20379566191326104,0.18585556336893322,0.20941062302746793,0.20231409868991987,0.0
0.19448027741620932,0.2021528765242657,0.18918686015935055,0.21029405144986116,0.2038859344503132,0.0
0.19852314813945665,0.20459563648959073,0.18721139296340483,0.2085009559155923,0.2011688664919555,0.0
0.19939126864631926,0.19967215572357788,0.187324121552169,0.2074918547668289,0.20612059931110502,0.0
0.199877121048649,0.19846661383032183,0.18646862737863287,0.21305444300620985,0.2021331947361864,0.0
0.1983123305599446,0.2020848446992923,0.18661450033757418,0.20634633386924287,0.20664199053394605,0.0
0.2,0.2,0.2,0.2,0.2,0.0
0.19828907685199287,0.1983501254397885,0.203655658514929,0.20135802034880304,0.19834711884448653,0.0
0.19915872432330117,0.19509664266508658,0.1919543483794771,0.21269685865160703,0.2010934259805281,0.0
0.19885741866599158,0.19774506205212267,0.19179375002144922,0.20716160369247402,0.20444216556796246,0.0
0.19814688090622926,0.2008198230302831,0.18864152710102974,0.20889394730958435,0.2034978216528735,0.0
0.20030159822464635,0.2031436305138237,0.18799455319579805,0.20405996628503986,0.204500251780692,0.0
0.1982842339747416,0.19971934726452023,0.18487989017626397,0.21294808347418454,0.20416844511028973,0.0
0.19503110258300432,0.19614117149410729,0.1927831701868933,0.21120218192186382,0.20484237381413123,0.0
0.20023676516813904,0.19810436185075908,0.19116917742181974,0.21014253518186574,0.20034716037741646,0.0
0.19850463579727654,0.2027025746033716,0.18858370007244518,0.20516971457367925,0.20503937495322744,0.0
0.19587172897358265,0.1987956066188618,0.18918001697012318,0.20941226367905563,0.20674038375837686,0.0
0.19861687541162398,0.19672821015181832,0.1897526454752577,0.21155490257934048,0.2033473663819596,0.0
0.2005991573498275,0.20421679426744233,0.18813029745925816,0.2042022252811479,0.20285152564232412,0.0
0.19929647970397169,0.20370210129968522,0.1853185090773612,0.2086203671869262,0.20306254273205573,0.0
0.19685679739468057,0.19734479487409387,0.189167077307992,0.21081765564063923,0.20581367478259419,0.0
0.20014316159352513,0.20565492382384784,0.18165392598628602,0.20953767315314467,0.20301031544319634,0.0
0.19577246879392324,0.20195604772675965,0.18938936416335628,0.2096449958232648,0.203237123492696,0.0
0.19893641435715903,0.19866325829959383,0.19030548315241885,0.20916167663906376,0.20293316755176447,0.0
0.20250938053948195,0.20205488641332864,0.18962881704330412,0.20483001073200693,0.20097690527187836,0.0
0.1989309857585762,0.1999193407829814,0.1919427280672205,0.2081164487732479,0.20109049661797407,0.0
0.20297832550435457,0.201854402731616,0.19266258621622012,0.20342108027118364,0.19908360527662555,0.0
0.19697770284674562,0.20615212607593233,0.18643300526124207,0.21003220740307257,0.20040495841300737,0.0
0.19818669961806376,0.2008353347456982,0.18428939586218215,0.21129368324714973,0.20539488652690607,0.0
0.201232262621508,0.20410368232100187,0.1906208627461455,0.20308302255337193,0.20096016975797273,0.0
0.19866276276633557,0.19874173749881743,0.19023510029635135,0.20861117351993316,0.20374922591856254,0.0
0.1970144028434495,0.20144079248432598,0.1829965239633037,0.21074721803705812,0.2078010626718627,0.0
0.20196826146990401,0.19818981403617442,0.1936219020059296,0.20597993298808454,0.20024008949990746,0.0
0.20430530114996465,0.20307356529169313,0.18919120631844705,0.2057570471618335,0.1976728800780616,0.0
0.20181177065770614,0.19904933821038076,0.18863539745977534,0.20977483647521644,0.20072865719692118,0.0
0.1979626512237264,0.20149453254248545,0.1856650708715822,0.20989138007029987,0.20498636529190595,0.0
0.20253683852971424,0.2012214350940314,0.19749729373698816,0.2003341294226964,0.19841030321656974,0.0
0.1977780557778558,0.20199510233544074,0.18912382556985088,0.2061930372286413,0.20490997908821135,0.0
0.1956243282163271,0.19600116470583426,0.19392491217441774,0.2096552621715077,0.20479433273191316,0.0
0.2056686442292905,0.19895068312963476,0.19283644914599699,0.19779951197969592,0.20474471151538184,0.0
0.2022350146077644,0.20091579630761178,0.1885768439386835,0.20765597520444792,0.20061636994149232,0.0
0.1996713623795459,0.20305010830874035,0.1869999688576593,0.2055241410433618,0.2047544194106927,0.0
0.2001171134461861,0.20324865291399483,0.18751991018367503,0.20542603261791403,0.20368829083823012,0.0
0.19518395219189477,0.2011520761283159,0.18822634399956925,0.21018984129004673,0.20524778639017344,0.0
0.19789724910816806,0.20406731178776283,0.18973691841676027,0.20463489865968396,0.2036636220276249,0.0
0.20093284179892829,0.20209684045417653,0.18596080357258987,0.20810128608506778,0.20290822808923767,0.0
0.19950388125205962,0.1984566336071849,0.18620174521370414,0.21032604731209145,0.2055116926149599,0.0
0.20565931447676344,0.2051215763407319,0.19203315693658257,0.2012607218672055,0.1959252303787166,0.0
0.19887055285262584,0.20305709913623438,0.1890152484169665,0.2052143801088985,0.20384271948527471,0.0
0.19419496339706513,0.20342565590297584,0.1878532182014798,0.21164598067291027,0.2028801818255689,0.0
0.19790241252005375,0.20778455445073932,0.18332401894959013,0.20847759178341968,0.20251142229619706,0.0
0.20385028240980357,0.20450121909051,0.18836837458643368,0.20535715580697322,0.19792296810627955,0.0
0.19937894764581132,0.20036451603861918,0.1875637121306406,0.2097594342079777,0.202933389976951,0.0
0.19955356154956683,0.19606528902182196,0.1861708629433247,0.21068428092977382,0.20752600555551276,0.0
0.19879963557180547,0.2050255645972303,0.18502142164631252,0.20706033960053252,0.20409303858411923,0.0
0.19747289367511006,0.1953468579955948,0.21670126725273373,0.19441282024661682,0.19606616082994466,0.0
0.19720528865764694,0.20301085900440463,0.18637277715146558,0.20815948730207004,0.20525158788441283,0.0
0.2002445637996662,0.2018166007192161,0.18551565526923702,0.20970536777784218,0.20271781243403844,0.0
0.19540854460522689,0.19391686485564222,0.1967406412603174,0.21185755983891857,0.2020763894398948,0.0
0.1989905813446573,0.19691815901331478,0.1839367651913914,0.21011021425779924,0.21004428019283733,0.0
0.19957248262227512,0.2045985104732703,0.18618556674995623,0.20636871864494777,0.2032747215095506,0.0
0.1986711101962289,0.20303976156533285,0.18543359338250887,0.2067857003307288,0.2060698345252006,0.0
0.19980258479215657,0.2022955114711433,0.18475210441047688,0.21185536446669756,0.20129443485952575,0.0
0.1974385303742178,0.1893121390411301,0.20662353515780246,0.20518667346354888,0.20143912196330072,0.0
0.20257439340476613,0.20212983071832835,0.18903321937329745,0.20579173199290604,0.200470824510702,0.0
0.19994143391122204,0.19692257449362027,0.19220534955828547,0.20988118127203567,0.20104946076483662,0.0
0.1991215933249462,0.20278222952378996,0.1883767500065355,0.20711012337247986,0.2026093037722485,0.0
0.19678928176117955,0.2007378822452724,0.19018642948073242,0.2108754161868791,0.2014109903259366,0.0
0.198441445620523,0.1956919699431734,0.19545135467473967,0.2075016553141015,0.2029135744474624,0.0
0.19902281225596194,0.19788818775759925,0.18840137116571024,0.20870156884143157,0.20598605997929692,0.0
0.19928816118939002,0.20281651156510633,0.1872596164767646,0.20518296904999944,0.20545274171873967,0.0
0.20066863510245928,0.1981782050728188,0.18912458201370713,0.20984739609426054,0.2021811817167544,0.0
0.20019680786869212,0.20095268801347524,0.19012687242618243,0.20642198067662143,0.20230165101502895,0.0
0.19901111282319708,0.20740082383143688,0.18116025742635278,0.20921040839304567,0.2032173975259677,0.0
0.20071405242462045,0.2042434291722981,0.18449564976496663,0.20575821200519212,0.20478865663292276,0.0
0.19793828923475607,0.204004222943544,0.18588420161750835,0.20769833472407864,0.204474951480113,0.0
0.2000679657359778,0.20052917854800012,0.19646562381086435,0.2030182075256988,0.19991902437945894,0.0
0.2044307464857414,0.20181715973617934,0.19118168274176292,0.20470319536513376,0.19786721567118254,0.0
0.19849663249002888,0.20483247061135856,0.18757053348232758,0.21063862538406242,0.19846173803222256,0.0
0.1966326056248726,0.20393261491988804,0.18630094867529487,0.2111542530223015,0.20197957775764308,0.0
0.19909324605600873,0.1965323094331112,0.18714285141316123,0.21129714825999732,0.20593444483772172,0.0
0.19921018341568608,0.20349100226300862,0.18853437814243787,0.20713277200668948,0.201631664172178,0.0
0.20025057108806535,0.2021255119533127,0.1838301570775428,0.2106967445445156,0.20309701533656357,0.0
0.20252167011966088,0.20170031772299052,0.18615963224293489,0.20770185731489962,0.20191652259951418,0.0
0.19691790892601332,0.197924850437685,0.1890913608789101,0.2120527215662827,0.20401315819110882,0.0
0.20275975358442908,0.20041024485528183,0.1943335768510952,0.2009627951443769,0.20153362956481707,0.0
0.20070781344898775,0.19873815678247284,0.1889529125995377,0.2109178338586253,0.20068328331037633,0.0
0.199420100967538,0.20223716524064939,0.18616015770145303,0.2059185997848349,0.20626397630552462,0.0
0.19735714850313807,0.202055559442084,0.1879376250717546,0.20787763761632172,0.20477202936670164,0.0
0.196316285621195,0.1964264735650968,0.19014733483278812,0.2124773985708269,0.20463250741009315,0.0
0.2,0.2,0.2,0.2,0.2,0.0
0.19673439133885867,0.20132583342664448,0.18428042853569296,0.21139167903619768,0.2062676676626062,0.0
0.20124701786057983,0.19577690805833012,0.19034283490224765,0.20761408912570678,0.2050191500531357,0.0
0.19661369100793302,0.1915016481587963,0.2009153387987636,0.20485019787066316,0.206119124163844,0.0
0.19828829876417825,0.1977226007913129,0.18637682240264977,0.21108076270034146,0.20653151534151767,0.0
0.19992374769979343,0.20381501762143986,0.18793250390292646,0.205340736426197,0.20298799434964324,0.0
0.19726812626668097,0.1952229642345558,0.19225214765396148,0.21234732740614745,0.2029094344386543,0.0
0.20125398437763872,0.1976536214495879,0.19210553464479949,0.205359028049597,0.20362783147837696,0.0
0.2018541839701108,0.2022373039634824,0.18739777619989598,0.20666279859790312,0.20184793726860767,0.0
0.19969539296288552,0.2025351583959658,0.18971443295634713,0.2060696162660127,0.20198539941878885,0.0
0.19807104400976666,0.2027618381268919,0.18688773528624322,0.20730964781916433,0.20496973475793379,0.0
0.198641244239931,0.1989849976560108,0.18774178163575175,0.20874281887392435,0.20588915759438212,0.0
0.19927163631321235,0.2043275796066412,0.18841982857038142,0.20376598270197022,0.20421497280779488,0.0
0.19556697573451212,0.2053651407634575,0.18308520068699066,0.20905793565965547,0.20692474715538434,0.0
0.20017061164341324,0.20335692184233392,0.18756014556490658,0.20699671086331062,0.2019156100860357,0.0
0.19880077738096774,0.20023489524058577,0.18714615977005708,0.20948203374602795,0.2043361338623614,0.0
0.19874192381964845,0.19881255925815153,0.1865082116122566,0.21100574560010096,0.20493155970984248,0.0
0.20098838815549477,0.2032771815889731,0.18280821915253898,0.20781111683275644,0.20511509427023666,0.0
0.20070350600320472,0.20361068438810523,0.1843143796658796,0.20678758349983503,0.20458384644297545,0.0
0.19616500262821263,0.19863480194382183,0.1856772739752379,0.2103449563589465,0.20917796509378123,0.0
0.19797837522411338,0.19968870288940813,0.19355984527189418,0.20373537265804786,0.2050377039565363,0.0
0.19665903268869456,0.20067792884593805,0.1856163165280706,0.21218017031428227,0.20486655162301468,0.0
0.20029996619337515,0.20410773943819455,0.1889876074277855,0.20760619236986172,0.19899849457078306,0.0
0.19776355583674043,0.19818314813378757,0.19081896737959872,0.21221472479519168,0.20101960385468165,0.0
0.19813423199739727,0.20225058781506106,0.1837306745483429,0.2141295282393461,0.20175497739985268,0.0
0.19956692081871494,0.2010748040419755,0.19022307470669267,0.20788757446605535,0.2012476259665614,0.0
0.19858067125023646,0.19908159147380175,0.18881604037251423,0.20824253525250905,0.20527916165093857,0.0
0.19672851712526673,0.1920628515759202,0.19415028120912028,0.21288531511036532,0.20417303497932732,0.0
0.2033973219485741,0.2039176114125571,0.1878564311958181,0.20695697602257396,0.19787165942047663,0.0
0.19910880797103797,0.20580910063535568,0.1863073383027195,0.20594142085187767,0.20283333223900915,0.0
0.20423554026349783,0.20074037378048015,0.1871799876528284,0.20845938171612566,0.19938471658706802,0.0
0.19799475122173343,0.19993997843430755,0.18373497587316653,0.21172935903333917,0.20660093543745323,0.0
0.19840084530075494,0.19841791941575998,0.18706908898113472,0.214298626121191,0.2018135201811594,0.0
0.19640876742010693,0.20206562764119174,0.1857156037778118,0.20719139272573642,0.20861860843515315,0.0
0.19983267136247784,0.2000856417029171,0.18496673447526085,0.21185990985132644,0.20325504260801774,0.0
0.1989121235585279,0.20351468685587729,0.1855130330233607,0.2074699293403172,0.2045902272219169,0.0
0.19688718223599044,0.2047368858317029,0.18730410595118568,0.20840444506419936,0.2026673809169216,0.0
0.20119281851417986,0.19835412948147654,0.1869947910533673,0.20995229448623579,0.2035059664647406,0.0
0.20012790598159722,0.19749227613704676,0.19164496297057407,0.2078275102273109,0.20290734468347088,0.0
0.2007608459727752,0.20088367489037948,0.1877586484705741,0.20919747260211238,0.20139935806415885,0.0
0.19842417703319343,0.19859917831032048,0.19271535368007553,0.20951261820274733,0.20074867277366337,0.0
0.1988747398746404,0.1963436592897552,0.19022838324711605,0.21459969785742594,0.19995351973106246,0.0
0.19824776784174492,0.20076846544509247,0.19032658766623095,0.2092612396241749,0.20139593942275663,0.0
0.19837494394012872,0.19784539079208022,0.18953888027738847,0.21031022680239883,0.20393055818800387,0.0
0.20323957391300515,0.20103714505794898,0.19370511335324253,0.20542216859538398,0.1965959990804194,0.0
0.20004976668748847,0.19698374088861403,0.19067391593547012,0.20689926826673855,0.20539330822168883,0.0
0.19850491528949596,0.19828609291483013,0.19169413120438442,0.2086695006679008,0.20284535992338867,0.0
0.19843437475112302,0.20455256253768614,0.1888345754951282,0.20934645319340606,0.19883203402265656,0.0
0.19548154778887436,0.19590246688711052,0.1922071569109127,0.21169709943484677,0.2047117289782557,0.0
0.19896710337310322,0.20347668085943407,0.18592966646783507,0.21042393519534494,0.20120261410428283,0.0
0.1998534762253414,0.20400606474160873,0.18707395581692432,0.20727225374084451,0.20179424947528116,0.0
0.2003985179023359,0.19831264625682676,0.18505235621294472,0.21079843663276734,0.2054380429951252,0.0
0.1997723499377067,0.20060756460427281,0.18744668824971747,0.20711795998311028,0.2050554372251928,0.0
0.2032812996983994,0.20241728508273182,0.18459936931134707,0.20652823178312796,0.20317381412439386,0.0
0.1986282778823239,0.20191381833423544,0.18372372470899703,0.2076945708613,0.20803960821314368,0.0
0.19600256731191168,0.20264344817344795,0.18758028313877723,0.21008253948532365,0.20369116189053948,0.0
0.19712922659828852,0.20555320231736832,0.1888444098477269,0.20645863646693235,0.20201452476968385,0.0
0.19758854962778916,0.19783087187991258,0.18797748135557038,0.2099336401812289,0.206669456955499,0.0
0.19995685889681789,0.20199337325960756,0.18787089958016207,0.20773173829032351,0.2024471299730889,0.0
0.19838234910285082,0.20157058859993968,0.18783533045052406,0.20912901724898847,0.20308271459769692,0.0
0.199145415411711,0.19999085793640117,0.1883244057563256,0.20845645952523323,0.20408286137032888,0.0
0.19715665376466732,0.19886420543826477,0.19029391682013688,0.2108405816474503,0.20284464232948093,0.0
0.19838186307904138,0.19583087039215868,0.19036554570600092,0.21138095306621613,0.20404076775658284,0.0
0.19923586469377605,0.20682055261774634,0.1825710238544404,0.20692456137625997,0.20444799745777725,0.0
0.1997907890943599,0.20543733364658984,0.1820356324620727,0.2109625365148081,0.2017737082821695,0.0
0.1983406778257108,0.19783788947675934,0.1874069262505436,0.2119180773473469,0.2044964290996395,0.0
0.19875985449886388,0.1992614287801983,0.18719292783756217,0.2122998042755133,0.20248598460786246,0.0
0.20291414205122754,0.20332417172215117,0.18726808142102339,0.20490003094225273,0.20159357386334528,0.0
0.19421399832589573,0.19769071514459535,0.1924060532896063,0.20993842770775575,0.2057508055321468,0.0
0.19945341720653498,0.20529630428142376,0.18676242630016238,0.2065106920810768,0.20197716013080208,0.0
0.195247453449092,0.2021905928761786,0.1848068326331453,0.21166997658318484,0.20608514445839934,0.0
0.20104803595286264,0.19883221468337653,0.1875246727932798,0.2081656063169243,0.20442947025355676,0.0
0.19701630902640402,0.1959100168166056,0.19443593487651653,0.21012573286756478,0.20251200641290903,0.0
0.19853180494275652,0.20693517048179993,0.1879178965250305,0.20386732516263073,0.2027478028877823,0.0
0.19916915279886496,0.19836707795104627,0.19082101282528172,0.20851992112393913,0.20312283530086797,0.0
0.2008509873584571,0.20385632433640924,0.186154956011854,0.20554318318355486,0.20359454910972472,0.0
0.1994415993265034,0.19666798971535193,0.19130689935429374,0.20792177137184806,0.20466174023200295,0.0
0.19978023577984008,0.2053814090507935,0.1867297494854083,0.20436203629617994,0.20374656938777827,0.0
0.19843862531117318,0.19972533696386238,0.1888268503834576,0.2082043451907788,0.20480484215072808,0.0
0.1995775640547937,0.19877140795500584,0.1915529763198576,0.2079289163092265,0.20216913536111641,0.0
0.1956508823236086,0.2015598301758591,0.1921621131987124,0.20560806450438837,0.20501910979743154,0.0
0.2009993322581499,0.20068307425789964,0.19300631364786444,0.207575690768674,0.197735589067412,0.0
0.19397190038541196,0.2022759025048635,0.18634071782705744,0.20756104024753222,0.20985043903513487,0.0
0.2026668924713172,0.2039288595335686,0.18243424253941737,0.20542670151125375,0.20554330394444312,0.0
0.19859686909956714,0.20022645702613667,0.18894831772285545,0.20748254108064734,0.20474581507079345,0.0
0.20598214238959534,0.2046360621580931,0.19359444900163586,0.19988025806989546,0.19590708838078025,0.0
0.20509786173602582,0.19990016929661908,0.18958774964646022,0.20608588477584427,0.19932833454505056,0.0
0.19917181447835167,0.20234866958470576,0.18736888931242568,0.20815725476342933,0.2029533718610875,0.0
0.1976275813430235,0.19582774232633526,0.194870149780097,0.20749756498074245,0.20417696156980175,0.0
0.19735972510794086,0.18741832509167666,0.20767800324254912,0.20582412959414273,0.20171981696369073,0.0
0.198861510643042,0.19666370069970632,0.1889837598596515,0.21104902478896573,0.20444200400863452,0.0
0.19955953073770766,0.2045023233948656,0.18782095255464018,0.20465957671608398,0.20345761659670258,0.0
0.19807844557432086,0.20155897261456546,0.18617043384144977,0.20886479446426418,0.2053273535053997,0.0
0.19856081688554472,0.19974145700695664,0.18811462607326299,0.20927987954551883,0.20430322048871674,0.0
0.2007738118858579,0.2019541403080219,0.1892107903453496,0.20723203707571936,0.20082922038505127,0.0
0.19937133444240554,0.19865954353599521,0.18546514264065453,0.20780258197116427,0.20870139740978055,0.0
0.1975011622662051,0.2024275892456428,0.18721797482485286,0.20713089172578228,0.20572238193751705,0.0
0.20122716890460204,0.20109577347208277,0.18622317987517878,0.20780842570531113,0.20364545204282514,0.0
0.19962895997425834,0.20208029397607152,0.19049768398075745,0.20551668365024142,0.2022763784186712,0.0
0.19729657670996983,0.20461861624977282,0.18565510843590582,0.2074984563252132,0.20493124227913842,0.0
0.19835137429566363,0.20600691623063122,0.18462885972491697,0.20953421457682384,0.20147863517196432,0.0
0.19868497664912743,0.19640266134153533,0.1883504666071945,0.21443115200344157,0.2021307433987011,0.0
0.2,0.2,0.2,0.2,0.2,0.0
0.2008846013302962,0.20135049512185438,0.1900253601851305,0.20822785573755312,0.19951168762516583,0.0
0.1977627118150822,0.20590263220222396,0.18365996216712982,0.20818407923501814,0.2044906145805459,0.0
0.1994825720441459,0.19857249250381898,0.19173052192283563,0.20171197364031707,0.20850243988888242,0.0
0.20321339531206503,0.1995117275642281,0.18717642227708756,0.20868834896809774,0.20141010587852157,0.0
0.19730124668712748,0.20426342184502408,0.1844065448444585,0.20956109019570426,0.20446769642768578,0.0
0.19571458200016226,0.19675791291148664,0.18738685841950045,0.21027744244523652,0.2098632042236141,0.0
0.1976359152431473,0.20428358517231648,0.19013968120986557,0.20565705109199525,0.20228376728267553,0.0
0.19849431212502505,0.2036882185666167,0.18951507089055122,0.2057860503013005,0.20251634811650646,0.0
0.1978063675064966,0.1904271127624557,0.20210335949964592,0.20715177912678948,0.20251138110461234,0.0
0.1976897225645472,0.2005399815209999,0.18672226373161066,0.2079795756031905,0.2070684565796518,0.0
0.1979090109663153,0.1999903196595792,0.18802963296843803,0.20788553293968354,0.206185503465984,0.0
0.19942479218723397,0.19801167177539927,0.18992436919933708,0.20925554695820722,0.20338361987982245,0.0
0.19892749698063542,0.20462937090687502,0.18614759873619086,0.20596095572693535,0.20433457764936333,0.0
0.19951235424270558,0.19951184757645726,0.1906268311796476,0.20807115791013645,0.20227780909105314,0.0
0.1994316307851821,0.20035735092207715,0.19087841031656022,0.2072904703421194,0.20204213763406112,0.0
0.19850490980899346,0.19971497895095397,0.1885549798535313,0.2091820906414783,0.2040430407450429,0.0
0.19762377186949273,0.19980744806922074,0.18388876666716716,0.21167983236682444,0.20700018102729506,0.0
0.20109237509926384,0.20325950380345398,0.1850356772759828,0.20723384756244184,0.2033785962588575,0.0
0.20056430066254868,0.20011089506030957,0.19076122898422931,0.2057116032977919,0.2028519719951204,0.0
0.1993741976525459,0.201748974758976,0.1869881181902615,0.2067149583071788,0.20517375109103772,0.0
0.19696958888707344,0.19602902870692523,0.19584593681189036,0.20824748944248658,0.20290795615162435,0.0
0.2004492406995915,0.19948027767700796,0.1877224516745279,0.20791318397109226,0.2044348459777804,0.0
0.2042170805035983,0.20404316498327235,0.18769656857173128,0.20611336664673371,0.19792981929466438,0.0
0.19731647295983215,0.19882197653895967,0.18855942186072297,0.20829821765487458,0.20700391098561063,0.0
0.2001507308735441,0.20406356027937614,0.18826188032555644,0.20544516708758867,0.2020786614339347,0.0
0.19882024382733704,0.2035282097812077,0.18817292550929732,0.2046040300497039,0.20487459083245402,0.0
0.19989103787566118,0.20260552372870463,0.18687062843662638,0.20649948304498864,0.20413332691401925,0.0
0.19877282070241306,0.20594781522316608,0.18496422964317252,0.20745284341670045,0.20286229101454778,0.0
0.19916526773339083,0.20375876000235552,0.18571387114702956,0.20721243204270567,0.2041496690745185,0.0
0.20187672244793112,0.20337582276134253,0.18787637205871993,0.20688068199167417,0.19999040074033222,0.0
0.19769792662712327,0.20256327981170152,0.187594057779332,0.20758378498721797,0.20456095079462533,0.0
0.20109721861118396,0.20421290223114313,0.1858952622140438,0.20672490227525894,0.2020697146683703,0.0
0.20029452788580807,0.20489607940469476,0.18578064880008138,0.20627369603323334,0.20275504787618243,0.0
0.19819671309778927,0.20467502603666665,0.1865855310443796,0.2097164015686423,0.2008263282525222,0.0
0.1987088792218454,0.20540016933368285,0.18523255029530827,0.20878507464151136,0.20187332650765202,0.0
0.19716355068445396,0.19589894732569843,0.19052814266892237,0.21274485698000078,0.20366450234092467,0.0
0.19696561277775726,0.2000592098666145,0.19242445518914694,0.2067751280816279,0.20377559408485346,0.0
0.19790773533205538,0.20122149424322747,0.19237211548722596,0.2055034049808599,0.20299524995663118,0.0
0.19913571972972904,0.19706767490917013,0.19152055609668941,0.2082280773357702,0.20404797192864121,0.0
0.19703552282449513,0.19976408661504808,0.18650181687604314,0.20862287982955077,0.2080756938548629,0.0
0.19938758295134187,0.20114045107809603,0.1884777507754152,0.20482433452555104,0.2061698806695958,0.0
0.19603236550522518,0.2058615001369362,0.17990720189788478,0.21108090518473502,0.20711802727521883,0.0
0.2,0.2,0.2,0.2,0.2,0.0
0.1974719528707991,0.2043497681128143,0.18961875529383498,0.20695308273365942,0.20160644098889213,0.0
0.19888156277571134,0.2033972728236726,0.18548266917924414,0.20664177074350054,0.20559672447787147,0.0
0.19865364443037337,0.1997706053737105,0.18361606960747595,0.20781291568302376,0.21014676490541642,0.0
0.19700729411437512,0.20247230747924916,0.19065784066754676,0.208878914877932,0.20098364286089693,0.0
0.20047892208112775,0.19784757184949436,0.18793332996219167,0.20964862792608235,0.20409154818110384,0.0
0.2,0.2,0.2,0.2,0.2,0.0
0.19861833848505012,0.19962861346203822,0.18820787079744422,0.20970445832840662,0.2038407189270608,0.0
0.19795462943764552,0.19904051948043602,0.188220228842087,0.21109085558991952,0.20369376664991193,0.0
0.2006214537816721,0.20332548320332605,0.18854872852338445,0.20505309776824157,0.20245123672337592,0.0
0.19553639935072226,0.19984950638933757,0.1881715798209443,0.21169583284038193,0.2047466815986139,0.0
0.19610514801023804,0.202203592667337,0.18548735425945748,0.2103509864473983,0.20585291861556917,0.0
0.20238759433685202,0.2011463235452668,0.18770991395397588,0.2104520690164889,0.1983040991474164,0.0
0.19765556009070306,0.19674910643525662,0.19037948091915957,0.20814446956341287,0.20707138299146793,0.0
0.1982762310622628,0.20408374581120536,0.18864067486660147,0.2059685876037666,0.20303076065616374,0.0
0.20118610243974616,0.20312733572208647,0.18846092238351772,0.2044827781391219,0.2027428613155277,0.0
0.20213797407560957,0.20267504723951166,0.1865929875299157,0.20726181977784222,0.20133217137712078,0.0
0.20237060793892506,0.20086055157356364,0.1882462942304787,0.20977463970322813,0.1987479065538044,0.0
0.20011719869824826,0.2008836605038961,0.18772697720325104,0.2080317409846918,0.20324042260991285,0.0
0.19601802421001444,0.20692521954706194,0.18151144481336412,0.21007116905517603,0.20547414237438347,0.0
0.19829860794801377,0.20321485630559227,0.1836335733130808,0.2099722034440188,0.20488075898929442,0.0
0.2002111170563748,0.2021640556628638,0.18744334622465444,0.2057608661892575,0.20442061486684948,0.0
0.19965976971536273,0.20266980906176907,0.18591489533218897,0.2063553512733386,0.2054001746173408,0.0
0.1964578346808177,0.20135501718656992,0.18740642868730126,0.2094404017862205,0.2053403176590907,0.0
0.1975513725335939,0.18743331955042844,0.20833011607489857,0.20657933940789808,0.20010585243318105,0.0
0.19800805764515045,0.19419045880931074,0.19255404903818688,0.2112650171890008,0.20398241731835115,0.0
0.2002041541698017,0.20181124315910268,0.18903523074970988,0.20627607289650612,0.2026732990248795,0.0
0.1991917189212897,0.19970172777143083,0.18741083439338496,0.20757847241809915,0.2061172464957953,0.0
0.200430060827873,0.20358180640279894,0.18587173333823478,0.20708778293452693,0.2030286164965664,0.0
0.19863262341865445,0.2044895858212432,0.18816234996878511,0.20635699428182927,0.202358446509488,0.0
0.19983279510798194,0.2036913392379691,0.18651012050703983,0.20643617861134553,0.2035295665356636,0.0
0.19838162276496052,0.19849790827947875,0.18699262393478444,0.2089662823249809,0.20716156269579547,0.0
0.19691881883011825,0.1964382437849591,0.19314616017780845,0.21008737254320278,0.2034094046639114,0.0
0.2,0.2,0.2,0.2,0.2,0.0
0.2006855390050591,0.20279335895794115,0.18580234824717587,0.20608250354977425,0.20463625024004964,0.0
0.19792599203205374,0.19794952407246663,0.1874489191880641,0.21027848662053464,0.20639707808688085,0.0
0.19739121135773652,0.20207579540791903,0.18860735446423094,0.21132621107706598,0.20059942769304764,0.0
0.19735593787424738,0.2027380212824564,0.18536874126560127,0.20730289520734677,0.20723440437034807,0.0
0.19816740064382746,0.20323207705275242,0.18500308059004883,0.20888328977748793,0.20471415193588324,0.0
0.2005787661958792,0.2053945735633129,0.18807661011973603,0.20433586897150186,0.20161418114956997,0.0
0.19798713586585492,0.19928504236666517,0.19134080447360752,0.2095678683702851,0.2018191489235872,0.0
0.19872725922559636,0.2049072533641861,0.18470101194804275,0.2083584095674861,0.20330606589468864,0.0
0.19861207813895634,0.19988447874279286,0.18730056343930193,0.21356267419297928,0.20064020548596953,0.0
0.19800877461524755,0.19953165644574788,0.19064682842405298,0.2071615211889263,0.20465121932602523,0.0
0.20049065124502272,0.20223876333374236,0.18899178014890355,0.2066525370089134,0.201626268263418,0.0
0.19992651205745554,0.1993336214016934,0.19013502367332696,0.21082621652065112,0.19977862634687307,0.0
0.19925389137020819,0.1992383343369912,0.1879897404731184,0.21056813259959883,0.2029499012200835,0.0
0.1963521192773818,0.19666233810590186,0.19335437818608187,0.2101132072109622,0.2035179572196723,0.0
0.19786416519815433,0.1975577211561219,0.18990414155886387,0.21028634022831189,0.20438763185854797,0.0
0.19949176213615094,0.20209713971834864,0.18737817792119793,0.20669840213733365,0.20433451808696876,0.0
0.19556482575703876,0.20082514935105886,0.18818684176022502,0.2098435103389607,0.20557967279271658,0.0
0.19808979379065791,0.2009683043959697,0.18716806109709527,0.20611571836793358,0.20765812234834358,0.0
0.19719932212315042,0.1999475279799289,0.18770146891762354,0.20927066177033227,0.20588101920896476,0.0
0.19921600630115738,0.203896896040013,0.18668368939461533,0.20869216022424483,0.2015112480399695,0.0
0.1997089152883724,0.20110751308501632,0.18799603698172185,0.2101401785472499,0.2010473560976396,0.0
0.1979004972739104,0.19625954754540537,0.19020426551714625,0.21180480288244777,0.20383088678109004,0.0
0.2001696135053079,0.19889922345057343,0.19749932095696118,0.2034640522093612,0.19996778987779631,0.0
0.1984913517397054,0.20506928109444994,0.18708320168898332,0.20541060330143687,0.2039455621754245,0.0
0.1993370282942788,0.20456631032276598,0.18778700579489557,0.2054007884974414,0.20290886709061817,0.0
0.1944841505063011,0.19219376742881802,0.2063084164405877,0.20563629299223127,0.20137737263206187,0.0
0.19740582473045024,0.20280817873702453,0.18786490943872172,0.20699179775135484,0.20492928934244867,0.0
0.19997584838355895,0.20336942099260377,0.18765674682512565,0.20521760901646657,0.20378037478224506,0.0
0.19920828199782173,0.20234514991559252,0.18703300069937714,0.20869429776340762,0.20271926962380096,0.0
0.20012960830000512,0.19665633718512637,0.19341678698225112,0.2113366169852592,0.1984606505473582,0.0
0.19703285343805824,0.19727570685239812,0.1909605831350745,0.2087134647906088,0.20601739178386042,0.0
0.19950796766168005,0.2052985409832163,0.18836315821957675,0.20392392249316862,0.20290641064235834,0.0
0.1988163889218944,0.19772825075662384,0.18948370759646976,0.20920558701102604,0.20476606571398595,0.0
0.20022547252235995,0.19795513251325206,0.1894996367541584,0.20786255588873606,0.2044572023214935,0.0
0.19906511874595695,0.20108465307538365,0.18898681716223475,0.2078564983120104,0.20300691270441418,0.0
0.20014592957641947,0.19557753696761368,0.19149636955469881,0.21238209490042143,0.20039806900084653,0.0
0.1990520546978914,0.20202248146497784,0.1825672544296757,0.20870193528739966,0.20765627412005538,0.0
0.19983986968000142,0.20325034049195406,0.1878318370563684,0.20694524705783235,0.20213270571384367,0.0
0.1990930435360392,0.20206118572072312,0.1874256953971217,0.2085274986404037,0.20289257670571217,0.0
0.19879536811700915,0.1976226396779154,0.18604791856388514,0.20971342745061008,0.20782064619058005,0.0
0.19749403930142934,0.19849025369822973,0.1900741569572948,0.2126522190424767,0.20128933100056942,0.0
0.19774036968544997,0.20332016792297805,0.1883429368849312,0.20543453965392755,0.20516198585271325,0.0
0.19853326705925198,0.1971366513346414,0.18879817575197436,0.21285352165004745,0.20267838420408482,0.0
0.19930596654968377,0.20220503150393346,0.19117324058309196,0.20579068696539202,0.20152507439789885,0.0
0.19745601536925603,0.20029984097134607,0.1886441117059889,0.20860212503146944,0.2049979069219395,0.0
0.19940903763014878,0.2037868675811213,0.1841892115422362,0.20694663204245117,0.2056682512040426,0.0
0.1994201231885517,0.1964002337481723,0.18737994468371003,0.211572850691964,0.20522684768760194,0.0
0.1983287898229182,0.20245511198140168,0.18438165727827294,0.20863590681720062,0.20619853410020658,0.0
0.19868712263995575,0.204056789414678,0.1856896612422402,0.20682336451314723,0.2047430621899789,0.0
0.19689585580261718,0.19914807459142655,0.18666433344562494,0.20928940920217184,0.20800232695815934,0.0
0.1978609065555354,0.20260165416736342,0.1880072217271816,0.2059818835890567,0.2055483339608629,0.0
0.19915051825395658,0.19831063885585942,0.1889430726452056,0.20920136597275757,0.20439440427222086,0.0
0.1979004972739104,0.19625954754540537,0.19020426551714625,0.21180480288244777,0.20383088678109004,0.0
0.19816614414275646,0.20293169517771506,0.18809269828680303,0.20952577212132328,0.20128369027140222,0.0
0.20360022095397623,0.20343860582946185,0.19073326907814891,0.20400900692933888,0.19821889720907415,0.0
0.1990735152051203,0.20388673008205707,0.1901893033311499,0.203252144935365,0.20359830644630786,0.0
0.19830772691171744,0.19289360987891166,0.2067932518362033,0.20268758109617432,0.1993178302769932,0.0
0.2,0.2,0.2,0.2,0.2,0.0
0.2006884371696049,0.19771228420934142,0.1905877439039277,0.2097308108930763,0.2012807238240498,0.0
0.19972069886627722,0.20561157913779549,0.18446570718964256,0.2069614401118325,0.20324057469445225,0.0
0.19769124049697512,0.1930146398511333,0.20560335457816203,0.20403526918210213,0.1996554958916275,0.0
0.19690575323645798,0.20256001872187232,0.18513781165080792,0.21016775468528273,0.20522866170557896,0.0
0.20051754295118618,0.20344136537745994,0.19168181196051218,0.20537656022924514,0.1989827194815965,0.0
0.19733236248476868,0.2005043538368594,0.19021663135566097,0.20797416326849297,0.20397248905421797,0.0
0.19611768765384344,0.20036206408826088,0.19060322001216803,0.2074068416209708,0.20551018662475692,0.0
0.19701381882867058,0.19262414442167908,0.19464202039826406,0.211206520553654,0.20451349579773231,0.0
0.20013821812567373,0.19723147593040263,0.1870430358821146,0.21289508011297523,0.2026921899488338,0.0
0.2,0.2,0.2,0.2,0.2,0.0
0.19844088430269788,0.20182439021550788,0.18806435466415117,0.20929619298071447,0.20237417783692868,0.0
0.19803902955526295,0.20627358330686388,0.18385178870171642,0.20875962120676983,0.20307597722938686,0.0
0.20222415501522029,0.19703767336939815,0.19245751403276362,0.20818783622547224,0.20009282135714562,0.0
0.19780274284434748,0.19930493055449172,0.19083958280701777,0.20919638220813758,0.2028563615860055,0.0
0.1979008273275146,0.20248164668596175,0.18370970966066558,0.21202738450776148,0.20388043181809673,0.0
0.19680968664857523,0.19771681275502406,0.18943338583418087,0.20756351238473608,0.20847660237748372,0.0
0.1977460610109452,0.20586206127428347,0.18687232255038183,0.20592492773400964,0.20359462743037982,0.0
0.20269988662393007,0.20195189951289283,0.18978586957362148,0.20699215799965529,0.1985701862899003,0.0
0.1981278987587442,0.20334598790223457,0.18334569372343612,0.21009902018790985,0.2050813994276752,0.0
0.20033871523926575,0.2009729470503934,0.1858602493454127,0.2106055976343418,0.20222249073058626,0.0
0.19743325055414204,0.20387001170232183,0.1824328394796846,0.20752518387999172,0.20873871438385985,0.0
0.20143233188729984,0.19926555007389357,0.19454770481001832,0.20455330124696158,0.20020111198182672,0.0
0.19832121563654193,0.19894891317486652,0.18842010982099186,0.21122884570948428,0.20308091565811554,0.0
0.19968733427204752,0.20487784758216346,0.1879742703746885,0.2064989152428868,0.20096163252821375,0.0
0.2003624556804848,0.2028316509431928,0.18403711405650416,0.21020100461797853,0.2025677747018398,0.0
0.20003547794429533,0.2013406065472548,0.18320087636877871,0.2088580875462285,0.20656495159344265,0.0
0.19808148982425133,0.20531782831546308,0.18968797668729573,0.2044615162945768,0.20245118887841304,0.0
0.2038121723844298,0.20431675676036876,0.18748504906581281,0.20537875895420793,0.1990072628351808,0.0
0.19907136507726242,0.1992886377398965,0.18431041618009128,0.2108209612861653,0.20650861971658446,0.0
0.19702889786264197,0.19954650329817986,0.1876482059215376,0.21092802886372333,0.20484836405391724,0.0
0.20248698847401161,0.20307072186977643,0.18698870407646623,0.2044654672245898,0.20298811835515584,0.0
0.2001606746197968,0.19896107662219298,0.18450797971136293,0.20892024607000756,0.20745002297663975,0.0
0.19914883010506468,0.2013983988742903,0.1896630810499951,0.2077113028443054,0.20207838712634454,0.0
0.19589518494087862,0.20104567766659623,0.18901685159288092,0.21196503442136777,0.20207725137827637,0.0
0.19861286056567487,0.2053100049140457,0.18720631382034802,0.20542393210864912,0.2034468885912822,0.0
0.1979752193867841,0.20129200432817446,0.18732228568556777,0.20820344631746024,0.20520704428201347,0.0
0.19811220321782824,0.20585265029080949,0.18743503325373156,0.20524369038369375,0.20335642285393696,0.0
0.20063858371233673,0.19626839069027127,0.18776190007066734,0.21093654807722778,0.20439457744949685,0.0
0.19942520812845313,0.20325125225760884,0.1842577337720711,0.20775614455323482,0.20530966128863212,0.0
0.19895627768881646,0.20044946333207006,0.1883165755300163,0.20653189732561003,0.2057457861234871,0.0
0.19761210448719285,0.19475970047574545,0.19505449204153502,0.20780713390665875,0.20476656908886787,0.0
0.19986113709634173,0.20218916944254828,0.18436826496944353,0.20924776326336786,0.20433366522829868,0.0
0.19709152546299524,0.19802076937537064,0.19323378415720832,0.21016283163669813,0.2014910893677277,0.0
0.19943321420311105,0.20476230318163344,0.1860322916137866,0.20663011389424285,0.20314207710722607,0.0
0.19929876856665818,0.200183799472571,0.19513257809941714,0.2049859018902001,0.20039895197115357,0.0
0.19699064726296905,0.19993230102288465,0.19294334968727414,0.2085737526231874,0.2015599494036847,0.0
0.19955302646317402,0.2036238908817531,0.18558876464179758,0.2060903561745805,0.20514396183869493,0.0
0.20221555917399806,0.20176880305474418,0.19131177149890335,0.20451857836354423,0.20018528790881016,0.0
0.19539604508754665,0.19859338200481677,0.18896340414178603,0.20832588371591837,0.20872128504993215,0.0
0.1982691567000839,0.19695255506733209,0.18890348618144967,0.2112604209627446,0.2046143810883897,0.0
0.19606580363672077,0.19355247346319082,0.19346366065349965,0.21129129337821342,0.20562676886837516,0.0
0.20055860095643657,0.20208548401751406,0.18920033403121533,0.2061285102929681,0.2020270707018659,0.0
0.200891314119095,0.19794259436093048,0.19031189508125787,0.2084163296232838,0.20243786681543297,0.0
0.2007718085032706,0.19816599442183397,0.18621625951393989,0.20910292728311447,0.20574301027784114,0.0
0.19874520760006656,0.19835027008526887,0.18619245241950344,0.2082139445377691,0.208498125357392,0.0
0.19741733014845889,0.19468413540469914,0.19221262075931683,0.21017706329059174,0.20550885039693345,0.0
0.19784119947940618,0.20523648850859358,0.18748381945685172,0.20596089849781657,0.2034775940573319,0.0
0.1981497822079728,0.19677447036053508,0.19183389218420283,0.2103611492283817,0.20288070601890754,0.0
0.19610026784221388,0.20328788729341402,0.1865814946358924,0.2125423283939894,0.20148802183449022,0.0
0.20052681621863463,0.20374015909754215,0.18700473379358454,0.20604673861540546,0.20268155227483323,0.0
0.19753606008049746,0.20502511307219656,0.1852989089415103,0.20603524853869704,0.20610466936709862,0.0
0.19808306350889882,0.20434358337296102,0.18424096086149827,0.20789607777377847,0.2054363144828634,0.0
0.19763061383647496,0.20265303554260392,0.184941715165932,0.2122502054940661,0.20252442996092299,0.0
0.1999763525327067,0.20197739970427123,0.18964556349885273,0.20604943476588447,0.20235124949828492,0.0
0.19590517613142058,0.2018044529770503,0.19048684570881352,0.21130573102241387,0.20049779416030175,0.0
0.19960545508761307,0.2012781689320208,0.18942714733925467,0.20862110214255625,0.2010681264985552,0.0
0.1981836368919224,0.2011594610361907,0.18389888855113792,0.21072206400996865,0.2060359495107803,0.0
0.19911007601221573,0.2010493807667196,0.1886808106236246,0.20837142265920555,0.20278830993823446,0.0
0.1979029760338147,0.2023582098608753,0.18971068963737697,0.20456263524516363,0.2054654892227694,0.0
0.19797922613982077,0.19588877864806156,0.1926131513674133,0.20997371099489676,0.2035451328498076,0.0
0.19898150862824612,0.19674895653855135,0.18850460376200048,0.2081882141971313,0.20757671687407075,0.0
0.1992223630155754,0.19939385642166474,0.18648854680224625,0.20870401921007634,0.20619121455043732,0.0
0.1970506827686379,0.20126931377267715,0.18642807102294348,0.21081440931333917,0.2044375231224025,0.0
0.19899880393266825,0.1974980666907924,0.18937939329123615,0.2089850139018197,0.2051387221834835,0.0
0.20140289552222515,0.19885847435613258,0.18841381198750748,0.20569248799556744,0.20563233013856738,0.0
0.1980398161896626,0.19707089594746746,0.19226040116714488,0.21025092393784087,0.20237796275788422,0.0
0.19807661773057478,0.2043975966189943,0.1894617213164279,0.20739065174438215,0.2006734125896208,0.0
0.20422361913369153,0.20402838372954787,0.18819830223490083,0.19950452807752703,0.20404516682433277,0.0
0.1996639520218807,0.20334576356207062,0.18756320018410447,0.20412236035302633,0.20530472387891782,0.0
0.20167785391427842,0.2037106258669756,0.18762209870231888,0.20466275233897266,0.20232666917745434,0.0
0.1975467156024862,0.2013850250695253,0.1851703537692515,0.20880272539703026,0.20709518016170664,0.0
0.1985299663446221,0.20201660961962262,0.18736748724795435,0.20733889856392937,0.20474703822387152,0.0
0.19962328600120346,0.20454582359188428,0.18619393360750022,0.205786778291438,0.20385017850797404,0.0
0.19969971158733288,0.20284102653382644,0.18604423175729887,0.20839282470091317,0.20302220542062874,0.0
0.19964557015325535,0.20005125128209683,0.1878397792166612,0.21080359027794668,0.20165980907004,0.0
0.19540953111266557,0.20011214910669275,0.18651256257412563,0.20942994350821736,0.2085358136982987,0.0
0.19916974935711845,0.20333218771683573,0.1858639862778755,0.2072120448324282,0.20442203181574214,0.0
0.19807695015556165,0.20169971032324394,0.18385397265361286,0.2105320159416526,0.205837350925929,0.0
0.19772436000685867,0.20260216129477687,0.19048004133890484,0.20593284185270483,0.20326059550675477,0.0
0.1999084749378618,0.20143674497735403,0.18207165161459646,0.2116511928262923,0.20493193564389547,0.0
0.19666678127389858,0.2038016598002028,0.18780134295828058,0.20839753852334755,0.20333267744427058,0.0
0.2010675813165822,0.19944751183784004,0.1880748937974793,0.2068983808910026,0.2045116321570958,0.0
0.19951823176123198,0.20170783784470794,0.19224578361540207,0.2058163836699181,0.2007117631087399,0.0
0.20034495320924478,0.20332839150619667,0.1868877193231505,0.2074472362842994,0.20199169967710875,0.0
0.200561697685987,0.20101538855721457,0.18839193006740246,0.2071862786697181,0.20284470501967777,0.0
0.19594844779597967,0.20576570441876194,0.18220966000874844,0.20997093296805863,0.2061052548084513,0.0
0.19817573709466763,0.2066148496516743,0.18343184961359402,0.20821726116248693,0.20356030247757698,0.0
0.1997558140345191,0.20320183409294837,0.18452486236007384,0.20725377043523283,0.20526371907722588,0.0
0.19861676712402457,0.20568447797569644,0.18406406437682082,0.20749001282175833,0.20414467770169983,0.0
0.2012777367316251,0.20263416124635614,0.1871072448976129,0.20770090026815388,0.20127995685625202,0.0
0.20123077339899406,0.2019000586269296,0.19109100683166902,0.19870102395304032,0.207077137189367,0.0
0.19720953226340726,0.1958361413335557,0.1931984776742974,0.21286335574697138,0.2008924929817682,0.0
0.2,0.2,0.2,0.2,0.2,0.0
0.19923700821076162,0.20213207190610769,0.18763888109351343,0.20629513202156122,0.2046969067680561,0.0
0.1986350332964849,0.2047500724167735,0.18800591873592004,0.20529329423878642,0.20331568131203512,0.0
0.2001161633311137,0.1933047231293591,0.200101100281378,0.204550611091251,0.20192740216689817,0.0
0.19903744328327674,0.20121064258633228,0.18678916610905377,0.21057647707943244,0.20238627094190476,0.0
0.19989462282127454,0.19747039885502543,0.19709499465813152,0.20426852143538413,0.20127146223018433,0.0
0.19878613481511234,0.20270418650078859,0.18621755006194174,0.2073031027839325,0.20498902583822481,0.0
0.19759857493454372,0.19217469464075917,0.20583255247704046,0.2050706046312278,0.19932357331642875,0.0
0.1971630758484186,0.18642857974522636,0.20822813621722333,0.20650723675327795,0.20167297143585378,0.0
0.19573758622560608,0.20360132078709853,0.1880034285768308,0.20764597975943,0.20501168465103475,0.0
0.19882687864131574,0.19900862406876016,0.1876238314458134,0.2106606934641671,0.20387997237994374,0.0
0.1962392225515824,0.193626336941556,0.19411104662458242,0.21086940415077868,0.20515398973150056,0.0
0.19810876038982247,0.20433369080572017,0.18225207864313092,0.20916837120878007,0.2061370989525463,0.0
0.197198193059548,0.20498105160799474,0.18437465152247728,0.20979551183047815,0.2036505919795019,0.0
0.19725630681744355,0.19891963774931062,0.1976061759589042,0.2068563707449999,0.19936150872934172,0.0
0.19832062469108566,0.2020264219926257,0.18998412044190827,0.2048408353365004,0.20482799753787997,0.0
0.19845011397181384,0.19637805599750657,0.18995730527873014,0.21173037735550734,0.2034841473964422,0.0
0.19805254696235675,0.2013494946078498,0.18964155281234324,0.20997554824371392,0.20098085737373633,0.0
0.19798374437869745,0.20387212540190225,0.1833767539174745,0.20938964191746573,0.2053777343844601,0.0
0.19756420632666483,0.19730708114721385,0.19076569704313148,0.21114712587606183,0.20321588960692807,0.0
0.19734591886916944,0.1987163690740667,0.18747918490336857,0.20661577065390638,0.20984275649948902,0.0
0.20001941818531144,0.19963527254069605,0.1873172674096849,0.21136110132146177,0.20166694054284584,0.0
0.19718420837759537,0.19735963095709577,0.18988764394257457,0.21105367037228712,0.20451484635044723,0.0
0.19972492541498002,0.20428935710182594,0.18860051650297913,0.20456385666923776,0.20282134431097723,0.0
0.1980561022509757,0.20517822951177847,0.18547659638709205,0.20565175350982962,0.2056373183403241,0.0
0.20082460548093511,0.19672796302339718,0.18906063339034518,0.21306111881748016,0.2003256792878424,0.0
0.19736677806677938,0.20435255923598997,0.18285099288577633,0.2107833630765459,0.2046463067349084,0.0
0.1964103316617094,0.19345003691132698,0.19182921616747883,0.2105483387326415,0.20776207652684323,0.0
0.20140076366114643,0.1974402016217286,0.201891760201439,0.19983781141998094,0.19942946309570517,0.0
0.20055670286599153,0.20467442088304408,0.18659141059706438,0.2060471905316385,0.20213027512226145,0.0
0.20114273576603367,0.2012920007549742,0.18533042059371144,0.2079389009083078,0.20429594197697284,0.0
0.19689366796785512,0.1951372263899745,0.19251214806819142,0.20972948454901594,0.20572747302496291,0.0
0.19920081463487802,0.1987718397873213,0.1883508472791932,0.20965984740300006,0.20401665089560742,0.0
0.2000521060158863,0.1967943175756946,0.1875165526586346,0.21191437356915277,0.20372265018063168,0.0
0.19838397628111146,0.20357403513104033,0.18416496425959916,0.20829415419915429,0.20558287012909474,0.0
0.20090517303051647,0.20098477393387726,0.19220106829550027,0.2071567377801489,0.19875224695995702,0.0
0.19747201837284245,0.200693573553772,0.19229827948185574,0.20736577962467947,0.20217034896685035,0.0
0.2001650675007849,0.20035887120785115,0.18633442776668693,0.2085446546449485,0.20459697887972858,0.0
0.19557084346845754,0.2066709293963449,0.1824371842124495,0.20878820821684776,0.20653283470590034,0.0
0.20011850083818136,0.20002831579915475,0.1875286442598222,0.20621541011801453,0.20610912898482706,0.0
0.1995353451669038,0.2007628091888351,0.1866246468400091,0.2099271058704129,0.2031500929338391,0.0
0.19893252829300656,0.2022482692156796,0.18971906400283786,0.2074598042636051,0.2016403342248709,0.0
0.1984766720979296,0.20689827601234298,0.18501306178483043,0.20486021298968846,0.20475177711520856,0.0
0.2021970824071017,0.20183656340849906,0.19070409366937727,0.2051001896825899,0.20016207083243212,0.0
0.1980041833167001,0.19566600371006332,0.18996109523843754,0.21203828269802108,0.2043304350367778,0.0
0.1991584499775997,0.20249758607280693,0.18383335413902005,0.21027542021597273,0.20423518959460055,0.0
0.1984965545602655,0.20054242203870423,0.18875967483400552,0.20793947541623523,0.20426187315078956,0.0
0.2018386067040422,0.20245396345832303,0.18352209988778542,0.2072079800138815,0.2049773499359679,0.0
0.1979921852565247,0.2026446427162654,0.18819719366467857,0.2055589665551689,0.2056070118073624,0.0
0.1962130132079599,0.20248627842215525,0.1866124034614137,0.21113678490648918,0.20355152000198198,0.0
0.19778376210858492,0.19833398784005973,0.1888508719158229,0.21095541595282905,0.20407596218270357,0.0
0.1973830249757016,0.20371592919678658,0.18615125206433125,0.20792089702257097,0.20482889674060964,0.0
0.2005308326045291,0.20093469966796468,0.1866981963419201,0.2086890998934304,0.20314717149215564,0.0
0.19936800270723895,0.19897477470138253,0.18754054346919846,0.2106908423159426,0.20342583680623746,0.0
0.1984807020404955,0.20041443974128237,0.18663794261760722,0.20853028237050694,0.20593663323010786,0.0
0.1995781569735252,0.20048784519114485,0.1888141805413073,0.20660537971530088,0.20451443757872187,0.0
0.198350623459883,0.20291446238931324,0.18707389167871158,0.20604404738821433,0.20561697508387786,0.0
0.19820586467621426,0.20291441070488309,0.18745196661740043,0.2058453739595658,0.20558238404193635,0.0
0.1980578168984612,0.1980578518006535,0.18784447977079477,0.20803607469039578,0.20800377683969476,0.0
0.19818091075819919,0.20338373788139258,0.18807880070155358,0.20699512446632204,0.20336142619253259,0.0
0.19630883784287856,0.1968463628499517,0.19356184950155644,0.21111386146434438,0.2021690883412689,0.0
0.19861065656929672,0.19635164050390624,0.19391708936958588,0.21035538944282142,0.20076522411438988,0.0
0.20062991880642628,0.20109371100568296,0.18652699043971177,0.2097586273651408,0.20199075238303818,0.0
0.19517001798571154,0.19992407689983366,0.18959197338084421,0.21141876746848198,0.20389516426512855,0.0
0.19950141600681023,0.20323593665156756,0.18733348836017558,0.20654953735491516,0.2033796216265315,0.0
0.1979216355785326,0.203828464791342,0.18895376105971323,0.20699155080576614,0.2023045877646459,0.0
0.20000806107239466,0.20445983717199714,0.18851643347495525,0.20508070083803434,0.20193496744261852,0.0
0.20006176572616438,0.20006650705436893,0.1882524549899185,0.20897799792713018,0.20264127430241807,0.0
0.19960135810173057,0.1954028918834369,0.19072028240274772,0.21000585876659653,0.20426960884548823,0.0
0.20062075066692253,0.20228701431319485,0.18616117643182678,0.2065138965737375,0.2044171620143184,0.0
0.19710329199608728,0.19771412661783916,0.1909203687889646,0.20811138600718868,0.20615082658992037,0.0
0.198649767844094,0.20287035597367759,0.19092253645557636,0.20704086292389975,0.20051647680275234,0.0
0.19800358354877923,0.19901741917914648,0.18925295472035955,0.2079677741044567,0.2057582684472579,0.0
0.19829834853348943,0.20294444772571707,0.18849087222242208,0.20652150692657445,0.20374482459179694,0.0
0.20040235524549974,0.20341285656771171,0.18570610713665345,0.20612976501408603,0.20434891603604904,0.0
0.19819632276092394,0.19613840400530855,0.1883563303366901,0.209160584871148,0.2081483580259294,0.0
0.1991761995106055,0.19607810408242635,0.1893615339371988,0.20821882944762302,0.20716533302214635,0.0
0.19755722410399912,0.2009857170131658,0.1851426426063532,0.21027151417564574,0.20604290210083614,0.0
0.19965091771147844,0.19867308304298692,0.19152406672756586,0.2096157805940219,0.20053615192394691,0.0
0.20221901108224488,0.20078158599029206,0.18736485928328916,0.20808744885662067,0.20154709478755317,0.0
0.20074406335939307,0.20224863892715525,0.18490877169939524,0.20801241703590448,0.20408610897815183,0.0
0.19964197771521544,0.20072139921762838,0.18581635256896878,0.20992823365741162,0.20389203684077578,0.0
0.19935074470090428,0.20081574004066866,0.19010050912554838,0.20691407875129705,0.20281892738158164,0.0
0.20029031249705573,0.19908464783589744,0.1903016849947238,0.20845195445732634,0.20187140021499667,0.0
0.19862511635813543,0.2006774064620767,0.18278801612602893,0.20746518529903402,0.2104442757547249,0.0
0.20210940041287198,0.20583714162362793,0.18484611429918862,0.21034818015534176,0.19685916350896973,0.0
0.20137081230587925,0.19714610481446868,0.19024616296889174,0.21064462277860926,0.2005922971321511,0.0
0.19833089372023738,0.20456184015466938,0.1879692972965835,0.20748431760186267,0.2016536512266469,0.0
0.19564359046050717,0.1980614097755336,0.18825936176169708,0.20923459555662902,0.2088010424456331,0.0
0.19975001971402667,0.20342286035809587,0.1860678943973398,0.2087417387320721,0.2020174867984656,0.0
0.1987361524876573,0.2014554601507855,0.1874495560670897,0.20570595175227402,0.20665287954219352,0.0
0.19832513365439042,0.19594150720758735,0.1885577594912303,0.2136517435424488,0.2035238561043431,0.0
0.19766345370627572,0.19164181590730145,0.20777146546205735,0.20459801628867466,0.1983252486356909,0.0
0.19913043186559987,0.202931118012481,0.18900916999386216,0.20532815002274352,0.20360113010531336,0.0
0.199667690378647,0.20199211999242223,0.18736692831737697,0.2077205717808722,0.20325268953068157,0.0
0.2007468655206669,0.2050862155594505,0.1858694128919667,0.2038681129986885,0.20442939302922736,0.0
0.19854443790249504,0.19691756714394348,0.19033475917775788,0.2104428863437815,0.20376034943202206,0.0
0.19793483178378324,0.20178192939691578,0.1898194932907446,0.20737574577588247,0.20308799975267403,0.0
0.1985610080294386,0.2053728658340693,0.1868779310468831,0.20564408073005963,0.20354411435954942,0.0
0.19837269807908192,0.19991249765635855,0.19023966195170378,0.21033108333571443,0.2011440589771413,0.0
0.19837146280231768,0.20397378127877938,0.18611697766520569,0.20853868077595525,0.20299909747774197,0.0
0.20077221901865186,0.19856905806672492,0.19213989629092154,0.20472643925060086,0.20379238737310082,0.0
0.20009925055695593,0.20009741486143015,0.18670329794074914,0.2075805866177621,0.20551945002310268,0.0
0.19701424038973755,0.19866083309071297,0.19111958382053135,0.20724866274100323,0.2059566799580149,0.0
0.19722368845214944,0.19699844616474577,0.19010492405708881,0.21105616305134448,0.20461677827467145,0.0
0.19954642647559864,0.19286778360127232,0.20688156225230628,0.20190024731781228,0.19880398035301053,0.0
0.1994838636202435,0.205429033697228,0.1856058267866668,0.2057915123042183,0.20368976359164337,0.0
0.1976066946974322,0.1998925420374338,0.18590058475151408,0.21096576718996168,0.2056344113236583,0.0
0.19856440137195802,0.20641861503163295,0.18736991774696776,0.20445058589397538,0.20319647995546591,0.0
0.20174465480933412,0.19754798391875564,0.19064643745894608,0.20891943812424488,0.20114148568871926,0.0
0.1992166535590758,0.20432885476272192,0.1869466450980437,0.20557161770212815,0.2039362288780304,0.0
0.19826565257124426,0.20633417139661014,0.18310036695500112,0.20686505396483776,0.20543475511230677,0.0
0.19779537749709278,0.19967336203055647,0.19121756073916144,0.20790445416175507,0.2034092455714342,0.0
0.19853430144678894,0.19618228462137205,0.19302473793157005,0.21193241761569728,0.20032625838457166,0.0
0.20004789653629815,0.20269482003032502,0.1869850367668984,0.20682131246104782,0.20345093420543067,0.0
0.19988408633751248,0.20045606949471123,0.1833208730142215,0.208840846150334,0.2074981250032209,0.0
0.19950707312889684,0.2027148911514527,0.18834737462203868,0.20674460109956608,0.20268605999804565,0.0
0.19775045324684187,0.19997993962410712,0.18668642846655903,0.20861330353908664,0.20696987512340526,0.0
0.20033432996665573,0.20281016221367892,0.18875492242682268,0.20612959943515965,0.20197098595768298,0.0
0.2025762040585525,0.20083889905249752,0.18755117036255275,0.20717341215703575,0.20186031436936147,0.0
0.1971392491947572,0.19693145172180943,0.1907960004678032,0.21290882907024425,0.2022244695453859,0.0
0.20890866697042856,0.20087994507038567,0.17681487345543365,0.20210739912007147,0.21128911538368056,0.0
0.1973766464894119,0.1966505954440672,0.1928025520803073,0.21085746859443583,0.2023127373917777,0.0
0.20082169913292014,0.20234209475472203,0.18874717900101745,0.2051879490772955,0.20290107803404486,0.0
0.19862350550478772,0.20102868451619352,0.19636386971065092,0.20673013568965173,0.19725380457871614,0.0
0.19975445620474744,0.2017916646755677,0.18186736122760142,0.2094332876702518,0.2071532302218316,0.0
0.19909489101410624,0.20241277407579214,0.18789136707093987,0.20681227889048423,0.20378868894867752,0.0
0.19955495574971296,0.20228931857572918,0.18672976208656414,0.2059975186273876,0.20542844496060614,0.0
0.19926049877337762,0.2015612538459643,0.1886637798976734,0.20990784251917857,0.20060662496380605,0.0
0.20274817822475888,0.20269846194164287,0.19043457182150975,0.20617852804530523,0.19794025996678324,0.0
0.2041488957835182,0.20222389440607788,0.18506306733299402,0.20839767451430707,0.2001664679631029,0.0
0.19979693293460116,0.2051665889685506,0.18250882020864667,0.20819824152790875,0.20432941636029286,0.0
0.19961125757078188,0.2062225929607598,0.18632090917330824,0.2045217840778757,0.20332345621727446,0.0
0.20021744608759304,0.19786596622663463,0.18956118505444156,0.20874776310086174,0.20360763953046898,0.0
0.19912363675931555,0.20576427419239537,0.18529224397609473,0.2063802485644842,0.20343959650771024,0.0
0.19916495583345453,0.19491215538682777,0.1868429520726342,0.21259974188329506,0.20648019482378838,0.0
0.19984677612512824,0.20179225303584816,0.189018985218439,0.20747196879389374,0.2018700168266909,0.0
0.19735422057870197,0.201545556425585,0.18687553044518385,0.20655936203927247,0.20766533051125674,0.0
0.1965179556802513,0.202656842746109,0.18756454290012825,0.21120855776974606,0.20205210090376538,0.0
0.19846580335069972,0.2013506222644319,0.1842519670857784,0.21007752870364577,0.20585407859544416,0.0
0.19990860712490016,0.2022235033704856,0.18421555698018957,0.2094352653420049,0.20421706718241978,0.0
0.2,0.2,0.2,0.2,0.2,0.0
0.19863109258427483,0.20122160933930364,0.18641205541237554,0.20870696043134715,0.20502828223269887,0.0
0.1974147256184547,0.204313512717691,0.1847584804751082,0.20849154492299063,0.2050217362657555,0.0
0.19845607007750618,0.2023325929892629,0.18713470224152062,0.20692455712031474,0.20515207757139564,0.0
0.1970909182417059,0.20321853759958422,0.1843967770985846,0.20838394151094172,0.2069098255491836,0.0
0.19916721705500634,0.19410698855429934,0.19537285019234593,0.21056994039005933,0.20078300380828906,0.0
0.19915835361026304,0.20271846772374846,0.18452376018259903,0.2090503197346595,0.20454909874873003,0.0
0.20166246371123342,0.2020572774488238,0.192189537463658,0.1996936717142973,0.20439704966198752,0.0
0.19897719334964195,0.19748977621590724,0.1861765144101019,0.2106923567884322,0.20666415923591677,0.0
0.20309273526979663,0.20287254798303375,0.1893677432277559,0.20330521590491415,0.20136175761449954,0.0
0.20736294623078502,0.2034258117297858,0.19343304219881793,0.20187951156238185,0.19389868827822945,0.0
0.19937887390651035,0.19780283532243462,0.18641861037855015,0.2087680186814796,0.20763166171102534,0.0
0.20461888259982405,0.20488657979309385,0.18843388530394606,0.20215680738456482,0.19990384491857127,0.0
0.1986482456455231,0.20059329673746015,0.18998017030755346,0.20998186607938937,0.2007964212300739,0.0
0.19966108413400827,0.2038521406288292,0.1839625762505814,0.2075870441861685,0.20493715480041255,0.0
0.19741336867934461,0.20448275232927768,0.18587102266418737,0.21014993835978674,0.2020829179674035,0.0
0.19991749376688706,0.19866460114222953,0.18825688809872934,0.2095099632952979,0.20365105369685618,0.0
0.19643794174539086,0.20475922558263857,0.18258406745082634,0.20926676323229282,0.20695200198885136,0.0
0.19804916617487633,0.19669762906518096,0.18869505570872716,0.2103967344310431,0.20616141462017243,0.0
0.20019426163553697,0.19974755541863934,0.19003590201417314,0.20749701012356228,0.20252527080808824,0.0
0.20238505203233725,0.20167371602025458,0.18484448563582492,0.20603652577330908,0.2050602205382743,0.0
0.19732631648004617,0.20140710476488244,0.18735419428688094,0.21112335196256504,0.20278903250562527,0.0
0.20017382576026424,0.1975616972349215,0.18830519158438647,0.20968303152113127,0.20427625389929646,0.0
0.19776801347820233,0.20060471372006342,0.18791138438413282,0.20857156825971318,0.20514432015788828,0.0
0.19662500648394685,0.2050590220909813,0.18469241028186142,0.20722094895351323,0.20640261218969724,0.0
0.19614038017327762,0.20117730710946918,0.18848751486998744,0.21315485176560814,0.2010399460816575,0.0
0.20587918926252463,0.20164180926027922,0.1930152868010674,0.20085910351379604,0.19860461116233274,0.0
0.19875486602259346,0.2055207852497238,0.18862258089555267,0.20427040214610787,0.20283136568602225,0.0
0.19948284071356762,0.20524753541092655,0.18778543070952408,0.2052126320831354,0.20227156108284625,0.0
0.19765971147642356,0.2022290062287822,0.18866537389962312,0.2074096607017765,0.20403624769339454,0.0
0.19634172764341393,0.19964059727181285,0.18835172314880275,0.21141773679742382,0.20424821513854663,0.0
0.19875066287505885,0.20205665178891846,0.18696423928141373,0.2076525686788334,0.2045758773757756,0.0
0.19990413553933992,0.20326615965583905,0.18581015886449662,0.20739750482824992,0.2036220411120746,0.0
0.20023243940661298,0.20221631026510667,0.18415514783622303,0.20754982277398898,0.2058462797180683,0.0
0.1993269454058172,0.2010073649473726,0.18480430534683476,0.20956874847547236,0.20529263582450305,0.0
0.2002526688031648,0.19810540997931314,0.1845705952585874,0.20900245050439512,0.2080688754545396,0.0
0.20025233900901376,0.2031346247477621,0.18111016177660702,0.20474579185481215,0.2107570826118049,0.0
0.2002658193053548,0.20093634850398862,0.19060890849714116,0.20572652332850186,0.20246240036501356,0.0
0.20026065854971895,0.20115717383925832,0.18580533945374259,0.21042204342975612,0.20235478472752388,0.0
0.20120477324503402,0.20011682176350337,0.1881658592448853,0.20943583768162635,0.20107670806495104,0.0
0.1991991981595852,0.1945643022572604,0.18987077176796993,0.2125097574448023,0.20385597037038228,0.0
0.20005273541908541,0.20150041242254718,0.18422609582892155,0.21183402215861902,0.2023867341708268,0.0
0.2007009736312453,0.20086820747889925,0.1858429336573116,0.2075926649555498,0.20499522027699413,0.0
0.1989253997859322,0.1977487230959042,0.19038125365319591,0.20928117914539265,0.20366344431957506,0.0
0.20086063125035322,0.20648573200140918,0.18582177578206074,0.2093253357320062,0.1975065252341707,0.0
0.2018286369052742,0.20014475563872547,0.1852007394779889,0.2088144986598219,0.20401136931818956,0.0
0.1981681618114318,0.19938408582736417,0.19178138911158618,0.20772796584353306,0.20293839740608488,0.0
0.1992127434272965,0.20589337688753545,0.18732129199065367,0.20575935714064408,0.20181323055387032,0.0
0.1985930025206785,0.19651749694646312,0.18849010731295276,0.2101798398530259,0.20621955336687992,0.0
0.19882944438901967,0.2033058434550743,0.18839531959130795,0.20766415090329324,0.2018052416613048,0.0
0.19811443839714446,0.18955829496862878,0.20387614296087742,0.20793731530817874,0.20051380836517052,0.0
0.19821714416144673,0.205793442615177,0.18600462072585514,0.20675987305400687,0.20322491944351423,0.0
0.1994303166092934,0.20244513445140264,0.18329039394061766,0.20951362867387607,0.2053205263248104,0.0
0.19787140865433664,0.19802383371623133,0.18966310411653522,0.20958909187037528,0.2048525616425216,0.0
0.19854415933212058,0.20230776489107807,0.18738050360513656,0.2068155544017846,0.20495201776988023,0.0
0.2004074797569262,0.1987562633943548,0.18786501941687372,0.20976315473728993,0.20320808269455523,0.0
0.1977353802214024,0.20406279363491558,0.1855237456940121,0.20913536473994926,0.20354271570972063,0.0
0.20120660172618784,0.19737566020216593,0.1890726357573382,0.21084884637113072,0.2014962559431772,0.0
0.19854392512190022,0.20468453554872945,0.18278847025782574,0.20845263164101374,0.20553043743053082,0.0
0.20200384517175116,0.20056589917219794,0.1925829396616755,0.20367496838944407,0.20117234760493144,0.0
0.1994172606934091,0.20021727243055526,0.202126895508255,0.19965913713345185,0.19857943423432892,0.0
0.20006190258438347,0.2038878720845353,0.18316210671490962,0.20847724213639676,0.20441087647977482,0.0
0.19865515941786047,0.20185997582525073,0.1855068444795418,0.20911394493280894,0.204864075344538,0.0
0.19868592018399805,0.20362276099510185,0.1857944836036136,0.20636590200595212,0.20553093321133437,0.0
0.19941295719302585,0.20446725196981935,0.1896665486198899,0.20525982476763777,0.20119341744962715,0.0
0.2003496368006544,0.20333119517557502,0.19003021135675077,0.20209483266578207,0.2041941240012377,0.0
0.1982282988812807,0.1979635278027506,0.18641661682239244,0.2085723559898009,0.20881920050377537,0.0
0.19840975817303802,0.20390823181036213,0.18403028649294462,0.21141069680449545,0.20224102671915975,0.0
0.19893487829149337,0.20326981802918295,0.18840741751402812,0.20558703296244238,0.20380085320285324,0.0
0.20131435407511555,0.20260543572640874,0.18719494586782207,0.2076494855493195,0.20123577878133417,0.0
0.19930544867904945,0.2047720707780213,0.18652210416067969,0.20661431060940083,0.20278606577284866,0.0
0.19843145601487247,0.20095888205051174,0.18482112934852543,0.2103624975173231,0.2054260350687672,0.0
0.2014935162949983,0.2012066954399971,0.1912667741193807,0.20276290784501153,0.20327010630061218,0.0
0.1994112017693649,0.2013967026564633,0.18563756391750824,0.20929537220477876,0.20425915945188478,0.0
0.19742222690259498,0.2016302320780881,0.18874120134098915,0.20953262616105753,0.2026737135172702,0.0
0.19974528206042982,0.20530450784835733,0.18424392992271996,0.2082188070967591,0.20248747307173381,0.0
0.1983552091441754,0.20243532435392692,0.18949560967387827,0.20654747355621492,0.20316638327180445,0.0
0.20168106586976622,0.20227506195885495,0.18974524026783765,0.20678122711413627,0.19951740478940488,0.0
0.19952970143353937,0.20279973201913595,0.1877070912814149,0.20667478609473822,0.20328868917117146,0.0
0.1994732125999847,0.19873176306323406,0.19201955500431914,0.20925419254160801,0.20052127679085416,0.0
0.2042810383504531,0.1996674179952617,0.19269699908330934,0.2047894004395776,0.19856514413139825,0.0
0.19863692906892227,0.2032731412713249,0.18583957694877432,0.21205680164580587,0.2001935510651726,0.0
0.1981628078900814,0.20517907164172997,0.18883532571894504,0.20550609710934453,0.2023166976398992,0.0
0.19921488028471523,0.2015351672947716,0.18939651500477248,0.20863438277109317,0.20121905464464743,0.0
0.19887495153301638,0.2032179146415253,0.18855221282187323,0.20581631840608103,0.20353860259750395,0.0
0.1979688506288148,0.2006318587773383,0.18946630357736086,0.2102356363079566,0.20169735070852945,0.0
0.19810361465575077,0.201781387720952,0.18844534100998842,0.20979208857967463,0.20187756803363407,0.0
0.19984120507389447,0.20360667062870047,0.18798077635811966,0.2062321299238653,0.20233921801542007,0.0
0.20108635133987346,0.20346872221664197,0.18348189735293918,0.2089809517759963,0.20298207731454898,0.0
0.20109713767850967,0.19879937464415393,0.18681922499489417,0.21039872166180637,0.2028855410206359,0.0
0.19974045613267868,0.19638597426291865,0.1881268403628628,0.20936533323079348,0.20638139601074637,0.0
0.19887267799644723,0.20345954892938065,0.18767269577288448,0.20635718194089334,0.20363789536039426,0.0
0.2003071709323307,0.20232566157437376,0.18549746303310474,0.20787887929176177,0.2039908251684289,0.0
0.1987451486481453,0.20420343980249545,0.18173593652967912,0.20948578173735063,0.20582969328232958,0.0
0.20023478794685848,0.20132798147769831,0.18600143929185858,0.20844572222940214,0.20399006905418252,0.0
0.19916068456630948,0.20305264241734064,0.18897256061004183,0.2044546609788899,0.20435945142741804,0.0
0.1956560663896108,0.19899833100206663,0.1881975077978614,0.2105478285801777,0.20660026623028355,0.0
0.1966558821967253,0.20607853928401743,0.18234345251142145,0.21072318920191965,0.20419893680591608,0.0
0.19979523014140593,0.20129988346866076,0.1902789653795487,0.20873531110644727,0.19989060990393742,0.0
0.1992971605341712,0.2005305039856098,0.18812835574741352,0.21192909929352902,0.20011488043927642,0.0
0.1986215112125094,0.20112242279783657,0.1846293530851597,0.2113784367079797,0.20424827619651473,0.0
0.19982807516920384,0.2032618441033037,0.18541622555617585,0.20708771274362817,0.20440614242768848,0.0
0.19672902529354583,0.20375008857875967,0.18324317781940397,0.20851570292528673,0.20776200538300374,0.0
0.19655205610101606,0.20266686135662276,0.18540153850107066,0.20639283718547102,0.20898670685581935,0.0
0.19635562220454747,0.20084121314850206,0.1857547384747562,0.21166737424006665,0.20538105193212752,0.0
0.20142483439692951,0.204537425937948,0.18924530491261946,0.20723169919505421,0.19756073555744885,0.0
0.19945574044471362,0.2009145295488362,0.1858028763277136,0.20756046563093505,0.20626638804780156,0.0
0.20506669514157264,0.199006410920004,0.18902502857356399,0.20778866167350543,0.199113203691354,0.0
0.19773705644426887,0.20359796884522674,0.1856863776423294,0.20713425955853448,0.20584433750964057,0.0
0.1985868359597596,0.2020900310145928,0.18718612241847726,0.2092650585339085,0.20287195207326178,0.0
0.2001357582042662,0.19908631211042602,0.18902714555923036,0.21028599923561375,0.2014647848904637,0.0
0.1987994524603335,0.19666821417736105,0.1896805289631796,0.21027165238214662,0.20458015201697924,0.0
0.1986281974558643,0.20385172598762255,0.18555161653414265,0.20576928047327614,0.20619917954909436,0.0
0.20220882698206896,0.20065973985728783,0.18970474039695273,0.20427076527764348,0.20315592748604705,0.0
0.19735832094481698,0.20120337484484416,0.18947636014577274,0.20819217861376718,0.20376976545079895,0.0
0.19827468387288555,0.20366631525360449,0.18649223817893743,0.20605963331117164,0.20550712938340088,0.0
0.20220706652254639,0.2013352945691446,0.1850033355959894,0.2083503400087456,0.20310396330357405,0.0
0.20000717558237685,0.20053806751299605,0.19823718678345623,0.19926926985325394,0.20194830026791702,0.0
0.19953089087611223,0.20458965676352586,0.18309583204299487,0.20553513213872696,0.20724848817864008,0.0
0.19791619668665367,0.20417670435584284,0.18456615302436297,0.20973512041308406,0.2036058255200564,0.0
0.19947092201550046,0.2044876629454465,0.1886977230822805,0.2055145552449083,0.2018291367118642,0.0
0.200769254032681,0.20135937951726432,0.18655608880667468,0.20653811877788572,0.20477715886549433,0.0
0.20167698790805913,0.1984516328139033,0.1879158996844806,0.20776217712233871,0.20419330247121817,0.0
0.19834990580817796,0.19648837826702162,0.19067128586391552,0.2123292608712815,0.20216116918960333,0.0
0.1959322144769684,0.20232955265551983,0.18788073989888893,0.2098919963563382,0.2039654966122847,0.0
0.19932232550596776,0.2062442313917527,0.18182575762888434,0.20872255456888636,0.20388513090450888,0.0
0.2008102587605097,0.19771833064734182,0.19610052163149988,0.20031075544791685,0.2050601335127318,0.0
0.20094274184728322,0.20308518860449337,0.18778783585798142,0.20831995352937474,0.19986428016086735,0.0
0.1992234256302129,0.20126906896176233,0.18876591452433414,0.2081821948834919,0.20255939600019873,0.0
0.19697714660779211,0.20672634307345922,0.18592971301285321,0.20736251327298516,0.20300428403291046,0.0
0.19698207121878386,0.19496251084879784,0.19459365160037592,0.2076549909258151,0.20580677540622722,0.0
0.19816906967922016,0.18702174178912223,0.2078580174062454,0.20610368261080603,0.2008474885146062,0.0
0.19766345370627572,0.19164181590730145,0.20777146546205735,0.20459801628867466,0.1983252486356909,0.0
0.19891140210131508,0.19887863382364873,0.18932108527859878,0.20869515639107772,0.20419372240535963,0.0
0.19956588985425636,0.20203772645907567,0.18797981770547836,0.20567560318574532,0.2047409627954443,0.0
0.19749981300404276,0.2006009845806565,0.18849880684829043,0.21217674607935322,0.20122364948765709,0.0
0.1983402500828899,0.19988522489206964,0.18958164169159533,0.2084154032342957,0.20377748009914937,0.0
0.2000627234051413,0.2002530405812481,0.18800824835757157,0.20684660616343487,0.20482938149260416,0.0
0.20024578032329443,0.19922428695630234,0.19012698543327064,0.20725682033010362,0.203146126957029,0.0
0.19853205358728096,0.2064343556483117,0.18692997810236678,0.20486592668102535,0.2032376859810152,0.0
0.20125692600666287,0.20033860282266766,0.18558267556096672,0.2069749873502222,0.20584680825948068,0.0
0.1958816842457147,0.1990912672428512,0.18452264496711082,0.20965724508106914,0.21084715846325422,0.0
0.19824444186462867,0.19808518039675924,0.18912213225049876,0.20868740874639674,0.20586083674171668,0.0
0.1958327684748446,0.19635001011984032,0.19273564839390311,0.21106924940278235,0.2040123236086298,0.0
0.19698184217251066,0.2007942221986953,0.19279198612707482,0.20653987145498512,0.202892078046734,0.0
0.19646276487625922,0.2015638461793868,0.18970532417907954,0.2073918202842614,0.20487624448101305,0.0
0.20019085198275752,0.20223662565684003,0.1884180235025637,0.20696271222877596,0.20219178662906281,0.0
0.20054152598362446,0.1995057191121935,0.18857153490989426,0.206854048898534,0.2045271710957536,0.0
0.19791833180239277,0.20579993445409925,0.18642421402131593,0.20656866041462854,0.20328885930756357,0.0
0.19892303212511842,0.19906923905757767,0.18358779443035536,0.2107808005247724,0.20763913386217608,0.0
0.19949486292583513,0.19948506749682685,0.1889680949059233,0.2086392510090017,0.20341272366241298,0.0
0.19836164550834384,0.1975324664276045,0.19138131574927833,0.20880163148352243,0.2039229408312509,0.0
0.20079765553797405,0.20266079843258908,0.18652095640535205,0.21018155480979692,0.19983903481428786,0.0
0.1987965111497561,0.1990200425814063,0.18929505972786093,0.2071183756022295,0.20577001093874725,0.0
0.20014464922734126,0.19694242390249178,0.18718992973477563,0.20995283150737307,0.20577016562801825,0.0
0.19891978826602114,0.19747875971446358,0.18527452441220696,0.21065528262272792,0.20767164498458052,0.0
0.19673740295695363,0.20410770955328758,0.1843219307508716,0.21050715136273718,0.20432580537615,0.0
0.1952674833160831,0.1968065974480573,0.18949446699087164,0.20861528983166935,0.20981616241331852,0.0
0.20111719215521626,0.20154635767593965,0.18320600079590252,0.2116324860203589,0.20249796335258266,0.0
0.20321129012781602,0.2047556264696001,0.1845674950477775,0.20714627040104325,0.200319317953763,0.0
0.19926528461578424,0.2027131327139902,0.19044389762620256,0.20494368735048923,0.20263399769353369,0.0
0.19666810259705458,0.1997753472373079,0.18721102552718522,0.2123798294993963,0.203965695139056,0.0
0.19737097021990868,0.19600209303413915,0.19224913323867013,0.2101624095145057,0.20421539399277638,0.0
0.1972790764267002,0.19828160823776506,0.18968380648223115,0.20819780742597785,0.20655770142732574,0.0
0.19798537939178015,0.19890540389254563,0.19171688184808455,0.20677298597502808,0.20461934889256178,0.0
0.19839406735431542,0.1996545864043862,0.18860146465318292,0.20721285903001027,0.20613702255810523,0.0
0.2025782507192494,0.20709570740362607,0.18386452221281802,0.20622784369947686,0.2002336759648297,0.0
0.1991073554638257,0.1982876200231461,0.18710051446328987,0.20879038671856803,0.2067141233311702,0.0
0.1997152732301696,0.20364064791980796,0.1878610796022686,0.2047991523951533,0.2039838468526006,0.0
0.1989601356222214,0.19687280321973702,0.1923774567305315,0.2096573190578261,0.20213228536968394,0.0
0.19898238755375947,0.20690191823597404,0.1829295973549095,0.20850873761846125,0.2026773592368957,0.0
0.19974493351216058,0.20252904999674776,0.18825844346734555,0.20588504211252354,0.20358253091122266,0.0
0.19910281482924744,0.20408171734557856,0.18773699643685315,0.2044780666072342,0.20460040478108668,0.0
0.19840141299313857,0.2029874504676262,0.18794938999660446,0.20809602468274074,0.20256572185989005,0.0
0.19933957891179677,0.20730650241313242,0.182646958824691,0.20739201332987153,0.20331494652050827,0.0
0.19623082355809113,0.19864197750028117,0.19014322246238421,0.21257440502546418,0.2024095714537793,0.0
0.20039090883260366,0.2027704285636153,0.18613083370981315,0.20664262705103228,0.20406520184293558,0.0
0.1969751811718461,0.2030384369004005,0.18407123233325326,0.20801163239589066,0.20790351719860953,0.0
0.19763246439428467,0.19771916586797114,0.19389351814144548,0.20840682997507678,0.20234802162122192,0.0
0.2015503585038447,0.20122042543721644,0.18766432396134286,0.20429273058851646,0.20527216150907968,0.0
0.1996348303134724,0.20182004145873855,0.18745409946766792,0.20779241793670128,0.2032986108234199,0.0
0.2021539391819418,0.20185431121014497,0.18892478609516203,0.20583040836713107,0.2012365551456201,0.0
0.19924488356598274,0.2036365480153973,0.18483334024709963,0.20802546110986384,0.20425976706165647,0.0
0.2025688731790358,0.20031168015107015,0.1915453422473232,0.2043246863976657,0.2012494180249051,0.0
0.19874769506558856,0.20419537749389452,0.18568155763738894,0.20810637626759423,0.20326899353553368,0.0
0.20125056877554082,0.20195011553402595,0.18551034294957636,0.2065927836353996,0.20469618910545737,0.0
0.2002285773305852,0.20258868287308215,0.18815523733864714,0.20512876101851496,0.20389874143917056,0.0
0.19720309470727887,0.18954481527041064,0.205591210175599,0.205144415633013,0.20251646421369845,0.0
0.20010077985852767,0.19970779901861682,0.18621671583697688,0.2075686818077382,0.20640602347814047,0.0
0.20443323618046397,0.20337687944443195,0.18923032811592422,0.2052661548427549,0.19769340141642494,0.0
0.19852224180640893,0.20197574214542924,0.18762422355793149,0.21266386432142512,0.19921392816880532,0.0
0.2006945256544181,0.20518083661460942,0.18656648497058295,0.20536381689260325,0.20219433586778626,0.0
0.20147387237727482,0.20225307326768688,0.19054180158902462,0.20560191633293873,0.20012933643307504,0.0
0.1967009860177601,0.2000723015470017,0.18916715911146645,0.20790359685533583,0.20615595646843593,0.0
0.19925702301268824,0.20838189287664355,0.183081351714157,0.2050898429989409,0.2041898893975704,0.0
0.20062477172969084,0.20215570731959706,0.1857658992360247,0.2057442898709285,0.20570933184375884,0.0
0.2004960874638812,0.20034853561098723,0.18904996895524098,0.20806978712641133,0.20203562084347923,0.0
0.19938287346442035,0.20496709130992036,0.18354882111152185,0.20785782939938363,0.20424338471475395,0.0
0.1981607192960834,0.20383008019767954,0.18444086571205365,0.20858202667785397,0.20498630811632948,0.0
0.19774769722094565,0.19878272810544614,0.18702268499204142,0.21240551602558425,0.20404137365598263,0.0
0.19998105999097487,0.20201743578562043,0.1848028610765215,0.20794406976021804,0.20525457338666517,0.0
0.20430530114996465,0.20307356529169313,0.18919120631844705,0.2057570471618335,0.1976728800780616,0.0
0.19907141509076856,0.20244349738217424,0.18711135831418557,0.20730524245426654,0.20406848675860517,0.0
0.19963501065282924,0.1989394620325477,0.18792322692503677,0.21003979656672753,0.2034625038228587,0.0
0.19940032470784189,0.19775872940341246,0.19494375313614903,0.20636064905871077,0.2015365436938859,0.0
0.19772207024918187,0.20181536849863085,0.18656037784563126,0.2085283310305377,0.20537385237601838,0.0
0.1994838577345894,0.2027472227834053,0.18729637915535421,0.20480331391832185,0.2056692264083292,0.0
0.19857120599871916,0.20356413598884537,0.18808444958899173,0.20571797790864532,0.20406223051479835,0.0
0.19989694922679635,0.19663077319247804,0.18809156964388474,0.20900052242834713,0.20638018550849382,0.0
0.2013143302871833,0.20042824901345027,0.19165229472304215,0.20596359177843201,0.2006415341978923,0.0
0.19750353703702206,0.19381492638985565,0.18988494214170246,0.20997253239424962,0.20882406203717016,0.0
0.19858115984985922,0.20030141117883787,0.19061649413098836,0.20753917908320935,0.20296175575710515,0.0
0.19854573780164608,0.2017661745279209,0.1872155895619718,0.21242452320549657,0.20004797490296478,0.0
0.20042785534066104,0.20370169119781475,0.1842401484992897,0.20694666092183744,0.204683644040397,0.0
0.1988165313195506,0.20411631671983335,0.1882088920109009,0.20591287724890264,0.20294538270081253,0.0
0.1989024859074089,0.20073662507696616,0.18953024755478234,0.21106309509779209,0.1997675463630504,0.0
0.2036313783809805,0.20436459915270835,0.18858595694121652,0.20366879586708578,0.19974926965800885,0.0
0.19821066513396876,0.1972979038665993,0.19230086158023696,0.2079188410497438,0.20427172836945118,0.0
0.19780730787187784,0.20053897430261716,0.18797497715955686,0.20917402737151114,0.20450471329443698,0.0
0.19802211716601714,0.2012226288211675,0.1831543251442005,0.20958930193724212,0.2080116269313727,0.0
0.19916360662645066,0.19870675691898254,0.19803482108475048,0.20062791942485658,0.2034668959449597,0.0
0.1999689385307311,0.2027299483074866,0.18717890691942682,0.20598414313578806,0.20413806310656735,0.0
0.19684939550552932,0.2041599929366851,0.18377147479077366,0.2082559832356248,0.20696315353138708,0.0
0.19667184860975206,0.2016495478617736,0.18823171589754556,0.20667846710988685,0.2067684205210418,0.0
0.2013347233785321,0.20623383623779087,0.18567278786746233,0.20574385694559943,0.20101479557061527,0.0
0.19698305068798702,0.20327710733033655,0.18347766678408425,0.2107879248920875,0.20547425030550465,0.0
0.1982368548072301,0.2028856745468602,0.18446665560706954,0.2099004722622238,0.20451034277661642,0.0
0.1989788602738815,0.1992738717495138,0.18698913001746895,0.21064961580507605,0.20410852215405975,0.0
0.2010242587105668,0.19983588588840792,0.18868662221710453,0.20584321855706966,0.20461001462685116,0.0
0.19890466508561427,0.19855158070098847,0.19002489522574711,0.20631337645862868,0.20620548252902143,0.0
0.20083264014460764,0.20157124894500536,0.18806891321416172,0.20510492952632764,0.20442226816989764,0.0
0.20108025215421854,0.20475385973448723,0.18907130915734385,0.20617935165887602,0.19891522729507435,0.0
0.20170763554927756,0.1986394693523997,0.1914230366170995,0.20769129227068073,0.20053856621054242,0.0
0.20119012127085162,0.20235133490857968,0.18592264956173404,0.20962937064256917,0.20090652361626538,0.0
0.20136526830589604,0.19982407269321975,0.18908185861812074,0.20838808190290742,0.201340718479856,0.0
0.19942979157939628,0.1995529021449359,0.19344005532395206,0.20505583193417296,0.20252141901754275,0.0
0.19853535093946703,0.2016904051701386,0.1831969406873651,0.20944729082302074,0.20713001238000855,0.0
0.19784808518094174,0.2025174140207554,0.18704200926760448,0.20877812092056458,0.20381437061013385,0.0
0.2,0.2,0.2,0.2,0.2,0.0
0.19729908265450563,0.20745800829724423,0.1858243687024996,0.21008801831632293,0.19933052202942755,0.0
0.19748064332268775,0.2026516238850784,0.19270489467858387,0.20860611313922187,0.1985567249744281,0.0
0.1958094973512688,0.203980169227815,0.18333894608700696,0.21208362972038503,0.20478775761352405,0.0
0.20298726024725464,0.20055839570338665,0.1846581905939894,0.20575375134154214,0.20604240211382716,0.0
0.19829321714212403,0.20522483848927717,0.18788109997410446,0.2045958894399611,0.2040049549545333,0.0
0.19718251636057216,0.19975963205945915,0.18740576679302534,0.2097388905379327,0.20591319424901064,0.0
0.19686660507797796,0.2069500120819577,0.18373072750675334,0.20856178992402324,0.20389086540928775,0.0
0.19634768996773788,0.20139753385878054,0.18838768249857624,0.20972959649842235,0.20413749717648297,0.0
0.1997883120388628,0.20159397881301,0.1871744907157108,0.208860321637558,0.20258289679485844,0.0
0.1995482618959492,0.19962383977958575,0.19135212781030186,0.20671150442651015,0.20276426608765302,0.0
0.20316578114657025,0.19854530864620776,0.19091355151386447,0.20687009639375106,0.2005052622996066,0.0
0.19923322241825567,0.2035942280109927,0.1868085363991456,0.2083837283918558,0.20198028477975025,0.0
0.19883385093739497,0.20193895900101586,0.18886336680456237,0.20611682776923246,0.2042469954877944,0.0
0.20212796916894363,0.20402219392568177,0.18488992742977142,0.2063291720036026,0.2026307374720007,0.0
0.2009007301035309,0.202221901760034,0.18814059596410412,0.20691072568422658,0.20182604648810434,0.0
0.20278848721785317,0.2038111430112872,0.18905746127966894,0.20526871109132974,0.19907419739986093,0.0
0.1995436413495811,0.20214590726952633,0.18882981565506685,0.21020042025023652,0.19928021547558916,0.0
0.19948863265568872,0.19556599617600826,0.2008457659852613,0.20489025515929524,0.19920935002374635,0.0
0.20419920736602426,0.20279312163650842,0.1898134115649119,0.20655342132820695,0.19664083810434854,0.0
0.19608614413227593,0.19877461622926307,0.19026697483992816,0.20809425740863363,0.20677800738989924,0.0
0.20466800087928622,0.20109827769733735,0.19108293191398434,0.20510439932317362,0.19804639018621853,0.0
0.2007173908469943,0.19813616222904473,0.1890444657274997,0.21167742115942156,0.2004245600370397,0.0
0.19934565165395002,0.19969939232407583,0.20284167605700654,0.19840995423268404,0.19970332573228353,0.0
0.1997742094593916,0.20221993650870004,0.1860439382900968,0.20894731470941152,0.20301460103240004,0.0
0.19938995927099373,0.20320955768255775,0.1850524295582716,0.20847645956623984,0.20387159392193704,0.0
0.1962939813898912,0.19166355964578827,0.19354191661378548,0.2129361788513947,0.20556436349914034,0.0
0.19375527302929563,0.20383029641799116,0.18644169500857136,0.2090433718558527,0.20692936368828904,0.0
0.1993900236824215,0.1972471795001006,0.18847419895708367,0.21136122992366943,0.20352736793672477,0.0
0.19889372108255216,0.1970780502167812,0.18888228511436111,0.21147947643502354,0.20366646715128198,0.0
0.19807859065165384,0.20062145151927768,0.1851821563522461,0.2113575196115891,0.20476028186523337,0.0
0.20055955978894438,0.20145491094278148,0.19104801529148582,0.2064792846956334,0.20045822928115492,0.0
0.19840471356987124,0.19649488539528454,0.18456971030239863,0.20974643713008806,0.21078425360235756,0.0
0.19871406488695112,0.20447571092689037,0.18737798062967687,0.20774372019117632,0.20168852336530518,0.0
0.196683760062734,0.200262518056485,0.1850436943256324,0.2117018605182904,0.20630816703685817,0.0
0.19576682942970988,0.19920501899060497,0.20384970680992098,0.20118094899418895,0.19999749577557524,0.0
0.1991469755678828,0.20317186021516837,0.18497462069085374,0.2074740814725976,0.20523246205349746,0.0
0.19692190332445025,0.20281511021614618,0.18582838558277456,0.2082981075751764,0.20613649330145273,0.0
0.19930046178078578,0.19837600117986146,0.1898331109407521,0.21118869926283246,0.20130172683576822,0.0
0.1997382306277925,0.20219123586146942,0.18773535716816417,0.20830810340455133,0.20202707293802247,0.0
0.1976384135240804,0.19894294455395495,0.19201882633368797,0.2067796470272221,0.20462016856105458,0.0
0.19803449453462216,0.19588182468679055,0.18808638610336598,0.2118278894294694,0.20616940524575195,0.0
0.19769044173009706,0.19829445179831834,0.19138172922673674,0.21174317215898328,0.2008902050858647,0.0
0.20130627475814222,0.19482309759700883,0.19024369880556952,0.21128718073769265,0.20233974810158692,0.0
0.2009334679118281,0.20117408386688232,0.18724274774330762,0.2112254012035724,0.19942429927440958,0.0
0.2,0.2,0.2,0.2,0.2,0.0
0.20050954787196432,0.2020016047846478,0.18551016584484203,0.20942871435500449,0.2025499671435414,0.0
0.19681146157046073,0.19457357626010469,0.1960299122431657,0.21009551502711526,0.20248953489915358,0.0
0.2008887344715926,0.2031671381052188,0.18647651684382174,0.20553104393547883,0.20393656664388785,0.0
0.20051625236680226,0.1993369699563479,0.18578433263074864,0.20895722197708563,0.20540522306901565,0.0
0.20079371058002612,0.1997873341962349,0.1841133363028822,0.20790273423565667,0.20740288468520013,0.0
0.19947461149115758,0.20551588938272464,0.18751594844338168,0.20513825272264513,0.20235529796009089,0.0
0.20214907636820567,0.19998778281125926,0.1855395372202378,0.2087163106185504,0.20360729298174696,0.0
0.1970182160182477,0.20544018280816295,0.1887926701569063,0.2054669056215178,0.20328202539516527,0.0
0.20031240476299428,0.2010522039938529,0.18971991194988608,0.2072772953758473,0.20163818391741944,0.0
0.19991284723552308,0.2038134387744781,0.19014841057861914,0.2036807005700779,0.20244460284130186,0.0
0.1996489421358634,0.20067844672353172,0.1887461826311079,0.20733126535770718,0.20359516315178988,0.0
0.1974860093983086,0.19900824677553644,0.18929354748684157,0.2106896375528468,0.2035225587864664,0.0
0.19819435517356462,0.19997675964622733,0.18699847293685576,0.2083382989119245,0.20649211333142778,0.0
0.19951485671321983,0.19846358396956998,0.1875352186975415,0.2107793249292595,0.20370701569040917,0.0
0.20049167080327068,0.202511597187539,0.18417387659087084,0.20700732579162964,0.20581552962668978,0.0
0.20128378497615537,0.2001606483124568,0.18545389104041168,0.20704855259114727,0.2060531230798289,0.0
0.198136852095781,0.2005083453705777,0.1877091583727836,0.20818594023049825,0.20545970393035953,0.0
0.1981504381728156,0.20303600891656665,0.19081425339026117,0.20658040196353578,0.2014188975568208,0.0
0.1963612574266265,0.20038133033834027,0.18541230674815087,0.20684534393359008,0.2109997615532922,0.0
0.20109878356292665,0.1993079408682638,0.1858604633805693,0.2123781772606312,0.2013546349276088,0.0
0.20041124675288208,0.19952035527184378,0.1863248439064049,0.20755725682209403,0.2061862972467752,0.0
0.1946837433361673,0.2010888414358668,0.18469756312523067,0.21025586326340562,0.2092739888393296,0.0
0.20283841667816646,0.19831291751294444,0.18976589269840677,0.20888159566314665,0.2002011774473358,0.0
0.19977993695778523,0.20214001021390787,0.18312448517167756,0.20817730824253747,0.20677825941409186,0.0
0.20161052907527308,0.2005445602148498,0.19241190289169124,0.20579626645186522,0.1996367413663207,0.0
0.19344486842160707,0.19649796745423573,0.19464356523148918,0.21328233246242045,0.2021312664302476,0.0
0.19879642213008192,0.19800130988956685,0.1868633843690993,0.21030115781813383,0.20603772579311805,0.0
0.19967152542749997,0.20603638323850504,0.1854365902733414,0.20807848312174193,0.20077701793891164,0.0
0.19804678886468563,0.200597539950516,0.1893301637158818,0.208969706783602,0.20305580068531454,0.0
0.19935347828773875,0.20193362346785745,0.18990308400242556,0.20989060186930486,0.19891921237267335,0.0
0.19923355638749088,0.2004436908478234,0.19024369055238227,0.2076244624174283,0.2024545997948751,0.0
0.19994246220529371,0.20054976638131725,0.18995431989743228,0.20763567407257613,0.20191777744338057,0.0
0.198914075100222,0.2052214554855249,0.18399185524882555,0.20770785581290482,0.2041647583525227,0.0
0.19755489570743626,0.20260826946387983,0.18572901302597905,0.20699903293186225,0.20710878887084258,0.0
0.20247398620967025,0.20398403392489875,0.18761049763883053,0.20433157325039644,0.2015999089762041,0.0
0.2012585801817937,0.20275023220054117,0.18537821535278823,0.2085626506663362,0.20205032159854075,0.0
0.19671293612008245,0.20414825444153173,0.18990188191384022,0.20493150480993974,0.2043054227146058,0.0
0.19790680149783785,0.2018565360617236,0.18654579216222447,0.2063752706270112,0.20731559965120283,0.0
0.1991858300479679,0.2042891840398972,0.18747146556747785,0.20646323606822492,0.20259028427643216,0.0
0.19878756970601946,0.2047366462110275,0.18599862873893178,0.20791790038138278,0.2025592549626385,0.0
0.19773015545240594,0.1948490457671038,0.1893695400512766,0.2091589741655784,0.20889228456363518,0.0
0.1996222860200223,0.20039509056164567,0.18797006146752876,0.20552945560032104,0.20648310635048217,0.0
0.19831922755134276,0.19996307057709337,0.18894588478281713,0.20655912236093027,0.2062126947278166,0.0
0.19860918847876852,0.199295666711002,0.18558958413922055,0.20798715612683644,0.20851840454417242,0.0
0.1949945478921503,0.20345691307623634,0.18705779381072726,0.21243741314223102,0.20205333207865508,0.0
0.19934350560733402,0.20293459632779856,0.19120755286070018,0.20535721575833132,0.20115712944583594,0.0
0.20068133420649217,0.2029170726915376,0.18312147516226623,0.20631365276790822,0.2069664651717957,0.0
0.19901397966786885,0.2010626335347432,0.18782913433164686,0.20617393115832025,0.20592032130742086,0.0
0.19855747609947863,0.20280919055457897,0.1902271539312276,0.20547297588525476,0.20293320352945993,0.0
0.2005248918661214,0.20092504441078063,0.18941601286240378,0.20815656226960463,0.20097748859108963,0.0
0.19747068807155205,0.20360126197813644,0.1850845615858121,0.21208279689764375,0.20176069146685574,0.0
0.20034422727621048,0.2043975218354895,0.18557626133782273,0.2071973524135807,0.2024846371368967,0.0
0.20053060809254614,0.1998911852653906,0.18763286872545695,0.2070748384625634,0.20487049945404293,0.0
0.19888056614969984,0.19960961237146582,0.18914087007588307,0.207984705307329,0.20438424609562228,0.0
0.1975527508784454,0.19219478551657404,0.20317262074540485,0.20401672505893864,0.20306311780063696,0.0
0.197203757089989,0.1967688920020997,0.19046999616273216,0.2118566684116623,0.20370068633351676,0.0
0.20106222478495603,0.1988971569359842,0.19150280628059166,0.2087018059035764,0.19983600609489177,0.0
0.2001605400299127,0.20276624974764831,0.18569157887682258,0.20602230013397974,0.20535933121163663,0.0
0.2025857064036815,0.20247644274024204,0.18976804593040394,0.20393585854745172,0.20123394637822076,0.0
0.1991055972622408,0.1951822902435527,0.19072996202014644,0.20920750152379775,0.2057746489502623,0.0
0.2008411204652224,0.19756173978824773,0.18675415950100768,0.21111615767585515,0.20372682256966715,0.0
0.1992704711430101,0.20176166434612533,0.18590401132659762,0.2085139602783945,0.20454989290587242,0.0
0.19714835995848196,0.20315882714396952,0.18493069288625075,0.2113383346109593,0.2034237854003384,0.0
0.1985254011015037,0.20097331785417966,0.1867756336614576,0.20927356098382102,0.20445208639903809,0.0
0.1989228759442067,0.2045411531806995,0.18449432598183357,0.20665225287088,0.20538939202238027,0.0
0.20058655741100123,0.2016665120043299,0.18797705542680698,0.20695658723090485,0.20281328792695713,0.0
0.19972003487515197,0.20349709629168794,0.18741990389269442,0.20910112213646828,0.20026184280399748,0.0
0.1975242565842227,0.19906704090571878,0.18712325858814616,0.20945434913928332,0.20683109478262915,0.0
0.19882018697583417,0.20229311328751226,0.1851952372729405,0.20845950220459822,0.20523196025911492,0.0
0.195552236601441,0.19940716449779863,0.18956123100879552,0.2085134928193215,0.20696587507264325,0.0
0.19446889334057002,0.20172832281081882,0.19483594542249635,0.2055657773175726,0.20340106110854217,0.0
0.19788670104640085,0.20348230021387223,0.18811278581108434,0.2055287761270516,0.20498943680159093,0.0
0.20132157276507556,0.20319722305904803,0.18485072028083174,0.2094522115578829,0.2011782723371617,0.0
0.20021478827915792,0.20078601021316111,0.1876140431146178,0.2066431125932616,0.20474204579980146,0.0
0.19975418309553944,0.20238453941369672,0.18218442362159945,0.20989886731938232,0.20577798654978197,0.0
0.2009351224100476,0.1992416335897625,0.18832914422367222,0.2070073220811703,0.20448677769534745,0.0
0.19787887704523133,0.19410777217200254,0.19186036466013495,0.21254720401235438,0.20360578211027688,0.0
0.2003792839021777,0.19146212550917244,0.20579056796200546,0.20258843234312393,0.19977959028352038,0.0
0.19822949629736997,0.19614452219223097,0.1909398374554497,0.2096951308859168,0.20499101316903254,0.0
0.20253666530064568,0.20211867345789375,0.1860110394152514,0.20385977673350283,0.20547384509270628,0.0
0.20195408724079075,0.20180480682869573,0.1867215608227214,0.20938664681192087,0.20013289829587116,0.0
0.1985915553626083,0.2013967433997105,0.18599148882480157,0.20940522527936414,0.2046149871335153,0.0
0.19843093315282934,0.20314036578105357,0.18243354914298332,0.2100997281271351,0.2058954237959986,0.0
0.19644867482739703,0.1997563815006168,0.19191872103795368,0.20578727704516062,0.20608894558887197,0.0
0.20030683387489612,0.20187777761182757,0.1871759432658127,0.20812809765732956,0.2025113475901341,0.0
0.19772483250644776,0.20553010703930824,0.18632054605782408,0.2061115357919431,0.20431297860447686,0.0
0.19805354139640086,0.20521751409158379,0.18713183972538655,0.2055930033648012,0.2040041014218276,0.0
0.19968767980457208,0.20343490453877824,0.18471515897530408,0.20778441829460784,0.20437783838673773,0.0
0.2004035315519392,0.20356579133923552,0.18804064733578024,0.2048889247131821,0.20310110505986295,0.0
0.199500101776429,0.20036311653997013,0.18663321959264095,0.21221562447654585,0.20128793761441413,0.0
0.19737408547826144,0.19506138775946621,0.1904123216814701,0.21173101912609446,0.20542118595470785,0.0
0.19708691041917448,0.19968596967462185,0.18503300024063699,0.209001801027689,0.20919231863787766,0.0
0.1991346829807551,0.19883404723235817,0.18885807393634127,0.20783027824035252,0.20534291761019283,0.0
0.20009644156806455,0.204927715302346,0.1856033873414029,0.2099604727715779,0.1994119830166087,0.0
0.1999988194634732,0.2018976372289742,0.18705370114667544,0.20771878973580135,0.20333105242507582,0.0
0.19850691721580557,0.1952615578107913,0.1900404951535869,0.21010158648348623,0.20608944333633006,0.0
0.20001664044129713,0.20188069863927907,0.18873005465456036,0.20648459608915612,0.2028880101757073,0.0
0.20055565980885995,0.20102361299633958,0.18450458469451245,0.21013145580295203,0.20378468669733601,0.0
0.19960040577165694,0.20535337137503198,0.18352566910011886,0.21110876427070593,0.20041178948248625,0.0
0.20080182347308756,0.2020231431690345,0.18672350462745366,0.20849062414399527,0.20196090458642907,0.0
0.19935869963015387,0.20272026155045147,0.18701802166571402,0.2064139478938565,0.20448906925982419,0.0
0.20053454814866084,0.196142956155216,0.1876543639676365,0.20940010167827325,0.20626803005021324,0.0
0.19980279695962896,0.20168383448791485,0.19222913107693648,0.2067926749811692,0.19949156249435043,0.0
0.1957225521013158,0.20079155075830504,0.18701193950585013,0.21123595176667256,0.20523800586785637,0.0
0.19835614310667485,0.20277339392259675,0.18575431018485566,0.2111312776853153,0.20198487510055746,0.0
0.20032775246546725,0.20071118125439288,0.18614996359649194,0.2106401852028643,0.20217091748078367,0.0
0.20135580957472948,0.19955065893703017,0.19335486829517998,0.20449909510467895,0.2012395680883815,0.0
0.19773902415700523,0.2022881818550117,0.18477241263453786,0.21056323026886964,0.20463715108457559,0.0
0.1976672405063919,0.19764278929096366,0.18876998542543713,0.21275857877810264,0.20316140599910484,0.0
0.1983251319594019,0.20129167495318936,0.18807857688942686,0.21150263278908352,0.20080198340889827,0.0
0.19754652667015848,0.1943540007645171,0.19115737521957293,0.2085324789270018,0.20840961841874964,0.0
0.19974330418742342,0.20083437697261622,0.18614822951335525,0.20763058834737158,0.2056435009792335,0.0
0.1999753307070439,0.19755094718902785,0.18730107860342687,0.2123909993505525,0.20278164414994881,0.0
0.1983393887462882,0.20417397656810402,0.18887714133726263,0.2043545626498637,0.2042549306984815,0.0
0.20082704148530098,0.2029041172183094,0.1880257304871355,0.2082231162256236,0.20001999458363035,0.0
0.19905731054453224,0.20410822191916536,0.1875420281190716,0.20490464030640196,0.20438779911082877,0.0
0.19917516234519872,0.2022216629631176,0.18644624037006402,0.20675708374298632,0.20539985057863336,0.0
0.1943851359387849,0.20191036957480282,0.18766515693074073,0.2083091216400541,0.20773021591561733,0.0
0.1970288238777005,0.1969436041447274,0.19112670435714413,0.2098549089770184,0.2050459586434097,0.0
0.19864902269613624,0.2050008131304121,0.18753119158599857,0.20483724781464174,0.2039817247728113,0.0
0.19765926956252614,0.20183832918030603,0.1883302676716147,0.20689886130786686,0.20527327227768624,0.0
0.19796940814867053,0.18610801604331756,0.20840936879488636,0.20677135549642792,0.20074185151669763,0.0
0.20032635238750549,0.19856437353918072,0.19109686418435307,0.2100209190508624,0.19999149083809836,0.0
0.2011605706047887,0.2046485148036771,0.1833654383334932,0.20612063297124025,0.20470484328680075,0.0
0.19864459846327795,0.20525499155629984,0.18691599856010369,0.2050386013164748,0.2041458101038437,0.0
0.20321518098350191,0.20440564434245648,0.19262699747989084,0.20170568030013747,0.1980464968940133,0.0
0.19968120573533657,0.20434957117781746,0.1859522077585566,0.20823264303044256,0.20178437229784688,0.0
0.1985630223541361,0.1997599634650095,0.18538892229179274,0.20841513431011022,0.20787295757895133,0.0
0.2005838815566279,0.19469307624045448,0.1952181025683973,0.20839598616175123,0.20110895347276903,0.0
0.20094569486215397,0.20327048254996985,0.1831200148031505,0.20819249464718542,0.20447131313754036,0.0
0.2,0.2,0.2,0.2,0.2,0.0
0.2036884998620961,0.19687332358034837,0.18831396330204783,0.20963415723904139,0.20149005601646622,0.0
0.20241138299801656,0.19687625159383787,0.18556302789177198,0.21112809070133615,0.20402124681503742,0.0
0.20065635922672112,0.2046118398410305,0.18752173608646777,0.20430921832503926,0.20290084652074147,0.0
0.19862703310271715,0.19833197749792278,0.1885029379199603,0.21034227787271473,0.20419577360668503,0.0
0.19897282338620623,0.20462246362155478,0.1880991364363509,0.20469210500109933,0.20361347155478876,0.0
0.19806876940027546,0.2020928069236391,0.1837797418903966,0.21023878871892726,0.20581989306676157,0.0
0.19928779010936687,0.198019103288396,0.1909582432586549,0.20706562604382853,0.2046692372997538,0.0
0.19900541373748848,0.1945999571356361,0.18984275969673045,0.2124608200520023,0.20409104937814254,0.0
0.2002011781733656,0.19922838930556863,0.18809090654397945,0.20931389305611928,0.2031656329209672,0.0
0.20069673723887718,0.20126290592181031,0.1851150228516617,0.20865683760510942,0.2042684963825415,0.0
0.19840285557105017,0.20069106007866722,0.18652286330987156,0.20948872459554904,0.20489449644486193,0.0
0.19672137404379395,0.2051438231602128,0.18347258153990761,0.20905553734457588,0.20560668391150974,0.0
0.20050290841048776,0.2017085268347649,0.18500523277201777,0.2054219954548541,0.20736133652787542,0.0
0.20060803530917445,0.20515253711562145,0.18615851556010413,0.20554774455449681,0.20253316746060313,0.0
0.19699615686215705,0.2005571829621367,0.18616705069675382,0.20780216652623143,0.20847744295272091,0.0
0.1999063373173082,0.1993512043297144,0.1873744317443834,0.21233267325613475,0.20103535335245928,0.0
0.19865382753376712,0.20328355469148798,0.18589887743532274,0.2084812487121287,0.20368249162729346,0.0
0.197352359658452,0.19689891995116163,0.19469574350706095,0.2076067994288156,0.2034461774545098,0.0
0.19728780997094686,0.20082781619947832,0.18595741663307772,0.20911870226080773,0.20680825493568947,0.0
0.20016760779042228,0.20061120847868993,0.19141851344340072,0.20505094049121209,0.20275172979627487,0.0
0.19684788924030583,0.19928360801636588,0.18622619223722764,0.2119337343034599,0.20570857620264074,0.0
0.1984696057967218,0.19688109427193426,0.18901237935773843,0.21129285695291075,0.20434406362069488,0.0
0.1971520879432953,0.2016485555304914,0.1850777246064647,0.21177265467368325,0.20434897724606546,0.0
0.20066002679859005,0.20222240465029365,0.1825224590479593,0.2115578522446049,0.20303725725855218,0.0
0.2,0.2,0.2,0.2,0.2,0.0
0.19884694405463252,0.19690329143778748,0.19327128890382103,0.2104433472647951,0.20053512833896384,0.0
0.20009524032358977,0.20141849975145476,0.18419879169517403,0.20850864624174653,0.20577882198803496,0.0
0.2039575425256911,0.20453294885120746,0.18626096812606058,0.2074851139063442,0.19776342659069662,0.0
0.19782985444957255,0.20209793152933275,0.1982859883647386,0.2037581478228935,0.19802807783346268,0.0
0.198501941580647,0.2040075709986814,0.184325766049792,0.2102919384150667,0.20287278295581296,0.0
0.19832236026638875,0.1988567011822386,0.18700704172068378,0.21169125130359684,0.20412264552709192,0.0
0.19726812626668097,0.1952229642345558,0.19225214765396148,0.21234732740614745,0.2029094344386543,0.0
0.19973733178752523,0.20222512905688983,0.18229118889188164,0.2092597704274584,0.20648657983624477,0.0
0.19877290195459704,0.20193873800732037,0.18954114644068318,0.20782662074279565,0.20192059285460368,0.0
0.19964049230623399,0.20022488174887051,0.1896215891557402,0.2079582220016042,0.20255481478755105,0.0
0.19881350362471165,0.1987078182779432,0.19086250228526735,0.21127043667997744,0.2003457391321003,0.0
0.19755438157930333,0.19519385057086938,0.19008740959381695,0.21384349404037803,0.20332086421563214,0.0
0.20164446049741433,0.20498087880462768,0.18992796967855438,0.20312354951732872,0.20032314150207503,0.0
0.1943964699364484,0.20047003018906856,0.18720397063183308,0.21075306323246265,0.20717646601018722,0.0
0.19970097251692226,0.20261621504579444,0.18685988187941238,0.20679562209956942,0.2040273084583015,0.0
0.19955473940049115,0.20238393827089302,0.18221207707865553,0.20811401692160725,0.20773522832835314,0.0
0.1962770519384923,0.1983472444158756,0.19184338512101023,0.2107831781834004,0.20274914034122143,0.0
0.2,0.2,0.2,0.2,0.2,0.0
0.20013021931197603,0.19955822315934652,0.1839565286315311,0.2113004923968721,0.20505453650027428,0.0
0.1970759926654418,0.2030086588383647,0.18411993465018542,0.21029634256902138,0.20549907127698674,0.0
0.19845371080511692,0.1971627525125127,0.19077753877423415,0.20969864277442082,0.20390735513371538,0.0
0.19687467948580512,0.1977725320108833,0.18885451656021524,0.21341928800149051,0.2030789839416058,0.0
0.20055786056699296,0.20082604443559351,0.1843241361252958,0.20616564664650416,0.2081263122256135,0.0
0.1971630758484186,0.18642857974522636,0.20822813621722333,0.20650723675327795,0.20167297143585378,0.0
0.20055777037133782,0.2033165129123175,0.18398952532977145,0.20744400169280058,0.2046921896937727,0.0
0.2,0.2,0.2,0.2,0.2,0.0
0.19743141349661764,0.20484984449758994,0.1865862560419888,0.20873826600331624,0.20239421996048737,0.0
0.1977184926496821,0.19934481541828858,0.1861316674706377,0.20862407200682986,0.20818095245456172,0.0
0.19960234385075043,0.20429184088441407,0.18615788509326683,0.21007832442461405,0.19986960574695453,0.0
0.2002785237863565,0.20238636114287567,0.18489844276398706,0.20664069846641842,0.2057959738403624,0.0
0.20040097149357272,0.20025025269618332,0.1826618489806832,0.21215305895290185,0.2045338678766589,0.0
0.1971908994433253,0.20128423128301332,0.19258618071636377,0.20735365954377996,0.20158502901351757,0.0
0.19921975796451602,0.20259096322929937,0.18310856815400792,0.20989308457523076,0.20518762607694588,0.0
0.19857229194680845,0.19814377018531049,0.18902731888787255,0.2106012044358782,0.20365541454413022,0.0
0.20065464551249093,0.20370387065515025,0.1861934416395095,0.20665239464930657,0.20279564754354282,0.0
0.2000083582330845,0.20393082797556955,0.18664285554854385,0.2064158551762401,0.20300210306656202,0.0
0.2028567755870888,0.2006296105107429,0.18805787119870357,0.20851125217507105,0.19994449052839372,0.0
0.19661948513909824,0.20580613669956885,0.18378194746355458,0.20871187691536675,0.20508055378241163,0.0
0.2000023963100178,0.20394206176858135,0.1893089979372212,0.20468122158350846,0.2020653224006713,0.0
0.20056426352949014,0.20246600996475328,0.18577428577112415,0.20822118217393026,0.20297425856070203,0.0
0.20456766007848612,0.20235637709458237,0.18827778829852523,0.2075647914958709,0.19723338303253546,0.0
0.19889948372204524,0.19580274396103706,0.1894700339020906,0.21281450960143095,0.2030132288133962,0.0
0.2007771576572563,0.20124778486180767,0.19399299677473725,0.20769721102824432,0.1962848496779545,0.0
0.19839886348683533,0.2012845431055882,0.18575048303647992,0.20976939124375524,0.2047967191273414,0.0
0.20023771481547634,0.200862666478903,0.19049865201078198,0.20737735653926576,0.20102361015557302,0.0
0.19918563415757534,0.19613737704569728,0.18663913559103656,0.2133993155631941,0.20463853764249662,0.0
0.1991940143116473,0.20094796009686616,0.19013255245916896,0.2078607714387779,0.20186470169353973,0.0
0.19973880837497565,0.20389036255176535,0.18782890906342622,0.20522701727069584,0.20331490273913688,0.0
0.20113087448341102,0.20126653839389638,0.19129989447980816,0.20621037434871325,0.20009231829417112,0.0
0.20027453293888706,0.20143189614808688,0.19048767610292083,0.2076652665406506,0.20014062826945464,0.0
0.1967284255980613,0.20066652199996496,0.19141563134048376,0.20919728650379676,0.20199213455769316,0.0
0.19837483125159588,0.20257826288024045,0.18795123255425605,0.20755890201983926,0.20353677129406844,0.0
0.19578159122669855,0.1970594681265586,0.19136459450156337,0.21170140248748062,0.2040929436576987,0.0
0.1961262793510805,0.20166237123189565,0.18681568594381884,0.20965897437882824,0.20573668909437667,0.0
0.19771380905323047,0.20447618177082622,0.1883262783169262,0.20821944526506403,0.20126428559395312,0.0
0.2013283732375501,0.19557491416764947,0.19231783286719706,0.20760415270585011,0.20317472702175313,0.0
0.2,0.2,0.2,0.2,0.2,0.0
0.199896380119441,0.2025669392666085,0.18609237929231365,0.2095363691773829,0.201907932144254,0.0
0.19796987981476355,0.20218096439359076,0.1898672940903193,0.20478486635731138,0.20519699534401503,0.0
0.1991908507069891,0.1974051989887096,0.18628631340080667,0.21039306498996657,0.20672457191352805,0.0
0.19813270807377462,0.20421097209220956,0.1863334508932059,0.21073069662833288,0.20059217231247695,0.0
0.20011768509647765,0.201898920670566,0.18723281600811667,0.20693972772046723,0.2038108505043724,0.0
0.19939120380431716,0.20508178199424015,0.18717780414889337,0.20484151322185382,0.20350769683069547,0.0
0.198728407912825,0.20259860830874524,0.1839094855923428,0.20553408020721728,0.20922941797886968,0.0
0.19788032232058508,0.20436098435745226,0.18967228402527303,0.20616890109524313,0.20191750820144655,0.0
0.19900541373748848,0.1945999571356361,0.18984275969673045,0.2124608200520023,0.20409104937814254,0.0
0.20171774283837468,0.20153109645142595,0.18786467301769977,0.20716207098395387,0.20172441670854574,0.0
0.19843778005762386,0.20076683988167424,0.18538712971580787,0.20959050580924146,0.20581774453565257,0.0
0.20109951845284246,0.20173820046005284,0.1864225299626908,0.20510082561384096,0.20563892551057283,0.0
0.19963598275242087,0.19860691252609783,0.18808635738229162,0.20827357881729244,0.20539716852189718,0.0
0.1992739207916499,0.20001155706713428,0.18543215432835647,0.20738151532720767,0.20790085248565163,0.0
0.19846896708159686,0.20224066965114498,0.19009879350254766,0.20827518209892085,0.20091638766578954,0.0
0.19999105022519129,0.20336774668868124,0.18844294739297549,0.20460391041018705,0.20359434528296502,0.0
0.19595038069618517,0.20671738713829552,0.183552188890735,0.20757674689850972,0.20620329637627455,0.0
0.2000476984308444,0.19907807850816445,0.187677201893761,0.2090940647008865,0.2041029564663436,0.0
0.2005449224214792,0.19890618043313307,0.18951533529307774,0.20803787904509952,0.20299568280721061,0.0
0.20127704991243642,0.20075543131750764,0.18568482204968895,0.2099023274821481,0.2023803692382189,0.0
0.19704990883226686,0.19289154691947719,0.2048342055959239,0.20269166280330833,0.20253267584902368,0.0
0.19908766917239892,0.19990092067236104,0.18522418121960954,0.20762512139069672,0.20816210754493372,0.0
0.1974089627855365,0.19819828323118394,0.19204377955015842,0.20974162999974658,0.20260734443337447,0.0
0.19656407246636518,0.19552496399990205,0.19113305567094793,0.21295556463702534,0.20382234322575943,0.0
0.19780451345891847,0.20246225702098267,0.1852973243063101,0.20752167577221145,0.20691422944157734,0.0
0.20062512768551602,0.2009899782528296,0.19321602112612357,0.20490389572770965,0.20026497720782127,0.0
0.20002985939458726,0.2047168806826757,0.1895308822323434,0.2057076183982281,0.20001475929216553,0.0
0.1984898416876782,0.205858791062416,0.18275108266943835,0.20676240885144803,0.20613787572901945,0.0
0.20144424918984188,0.2008222608410224,0.18742681902102085,0.2073651590064108,0.20294151194170415,0.0
0.19754089090781507,0.2045948974673598,0.1845713944420879,0.21069330350027382,0.2025995136824635,0.0
0.19850247887346353,0.1996567251048981,0.18736999342903674,0.21138505907039246,0.20308574352220912,0.0
0.19885038127052435,0.19948181729550196,0.19128993519904,0.20925896842189348,0.20111889781304032,0.0
0.197973677858022,0.19943081801007698,0.19031363402019155,0.2098562490472149,0.20242562106449458,0.0
0.19828669116563108,0.1965335692441878,0.1841404818754135,0.20929131038266677,0.21174794733210073,0.0
0.20191075928080413,0.2046439586597734,0.18324888928144775,0.20604051804369336,0.20415587473428132,0.0
0.19713765972478095,0.20329961033681776,0.18844994989112154,0.20725976902836693,0.20385301101891284,0.0
0.19701962683469995,0.2010689271756529,0.19155773941865684,0.2110417675502158,0.19931193902077446,0.0
0.19832554216541437,0.19970068122632104,0.18903535011087932,0.21133339210558547,0.2016050343917999,0.0
0.19958669688069217,0.2029529479978557,0.18937233276358995,0.20498532902316763,0.20310269333469463,0.0
0.19824317348221804,0.20142263015823342,0.19596598671783144,0.20554085298035765,0.19882735666135948,0.0
0.19679185609124739,0.19988486927917967,0.18958805989189265,0.2094698000154751,0.20426541472220525,0.0
0.1982598405659921,0.19932969848079404,0.19110085726384102,0.2079299661983324,0.2033796374910405,0.0
0.19290967216958105,0.20179291237247288,0.18752146734991115,0.21039660233513047,0.20737934577290443,0.0
0.19819587847499556,0.20204371281658123,0.18830812552716175,0.20635093104090074,0.2051013521403607,0.0
0.203759320188186,0.20158859570791055,0.18813825967025513,0.2091933717385782,0.19732045269507023,0.0
0.19982352450718965,0.2044082244214282,0.18787877324702504,0.20449602725079066,0.20339345057356648,0.0
0.19856273064223992,0.20097849067848556,0.19176211986087377,0.2087270298822705,0.1999696289361304,0.0
0.19869377292617474,0.20261350506633302,0.18220527407300566,0.20930352647875025,0.20718392145573622,0.0
0.1977986211878811,0.1984563170879722,0.18946549406087396,0.2072777973056865,0.20700177035758627,0.0
0.2019070455914193,0.20033965942929247,0.18584921704800253,0.21011069917498712,0.20179337875629857,0.0
0.19990512955927697,0.20366244289524812,0.18376795760105769,0.2094539406067705,0.20321052933764677,0.0
0.19834670106696686,0.2036655267932025,0.1891063265641793,0.20679348492865118,0.2020879606470002,0.0
0.1976430947172645,0.20496797250979037,0.18608070710871297,0.20597013988548266,0.2053380857787494,0.0
0.1993365285627632,0.20362242133439523,0.1855257897660379,0.20540698602179816,0.20610827431500547,0.0
0.19974984216509326,0.1996319564554539,0.19042999680595823,0.20869896588260103,0.2014892386908935,0.0
0.20138292186668375,0.20261941332174682,0.18912733380166935,0.20516066938125468,0.20170966162864537,0.0
0.20017134378144505,0.20428685294359206,0.1872633031719519,0.206207735357041,0.20207076474597005,0.0
0.2011619281868338,0.20664913046172745,0.18575805137312118,0.20488460975325612,0.2015462802250614,0.0
0.20430530114996465,0.20307356529169313,0.18919120631844705,0.2057570471618335,0.1976728800780616,0.0
0.19873903166028134,0.20113024537019597,0.18735706985850625,0.2056916489007897,0.20708200421022677,0.0
0.20122406167524745,0.1981645668772876,0.18965595018721956,0.20971150605659789,0.2012439152036474,0.0
0.19828467185400153,0.20024716804047876,0.18949375945866112,0.21096107390293142,0.20101332674392713,0.0
0.1954381950299477,0.19648323351837282,0.19123617336403775,0.2117236771859824,0.2051187209016594,0.0
0.1977698459273011,0.19579712739203572,0.1919575309272218,0.21075019907375356,0.20372529667968775,0.0
0.20237545080523267,0.199382352021799,0.1884595745638956,0.20394405036226165,0.20583857224681112,0.0
0.1975829503049973,0.19907644125751514,0.18777141401466924,0.20871882142157538,0.2068503730012429,0.0
0.19940603282494296,0.2007924998329854,0.1912493827992043,0.20633626722062595,0.20221581732224134,0.0
0.19813169085758714,0.20252179651008295,0.19057664479592304,0.2050081866690309,0.20376168116737597,0.0
0.2007731778361689,0.1956812983500526,0.19325171880154504,0.21091110274341202,0.1993827022688215,0.0
0.1971216211555634,0.20078889218931745,0.18474668225554436,0.2104139568851213,0.20692884751445345,0.0
0.1987440160479527,0.19535015891428376,0.1884052135755407,0.2112209052604877,0.20627970620173516,0.0
0.19723568669406377,0.2639277554214844,0.17577801804896345,0.18261455837113205,0.18044398146435633,0.0
0.19893615414694144,0.20389669171195166,0.1844070094726623,0.2106009901320708,0.20215915453637381,0.0
0.19883173098673082,0.20309204022127186,0.1889067820119338,0.20636760962887774,0.20280183715118572,0.0
0.19639173795107875,0.2038523439793651,0.18646597038184576,0.21104887454000504,0.20224107314770534,0.0
0.19890759955308043,0.19511511373061965,0.19024109417998605,0.21110074633421438,0.20463544620209953,0.0
0.19918250873667862,0.19887283617653495,0.19210387921054614,0.20890117138056447,0.20093960449567588,0.0
0.19927913509730732,0.20297644429300676,0.18690243314751143,0.2075099756958794,0.20333201176629512,0.0
0.19830179680006838,0.19651062193428573,0.1898882279067921,0.21336964648640572,0.20192970687244813,0.0
0.1987641426460809,0.20491074304671247,0.1883289287293257,0.20509819735193693,0.2028979882259441,0.0
0.20215708782975192,0.19676372071892373,0.18851302725363764,0.20977726271057623,0.20278890148711046,0.0
0.1981195223244842,0.20214976887887925,0.18998525538260974,0.2079482375950085,0.20179721581901827,0.0
0.19850511542980656,0.20428086193893055,0.18637804747222703,0.20726618909233652,0.20356978606669945,0.0
0.19562266851645396,0.1975133075701569,0.1875341848387867,0.21039083780444576,0.20893900127015677,0.0
0.19999190058548058,0.20136154511030066,0.18917654031006245,0.20703599112748772,0.20243402286666864,0.0
0.19792138496998765,0.19930863619026537,0.1879377949808694,0.2085248824215808,0.2063073014372967,0.0
0.2027307839251107,0.20566717372903287,0.18132087025674923,0.20584063007325068,0.2044405420158566,0.0
0.20183006141836565,0.2014256852394255,0.1888120436951523,0.20770197930412732,0.20023023034292922,0.0
0.19766697572576042,0.19029734760030667,0.205951728364212,0.204510785193856,0.2015731631158649,0.0
0.20064594900951196,0.20495628992202009,0.1829823401156482,0.20546213684516776,0.20595328410765204,0.0
0.20281239266244833,0.2030736958976411,0.187827645481946,0.20521631324799466,0.20106995270996988,0.0
0.20048838120433882,0.20008025255833686,0.18454459478047952,0.2107953237224079,0.20409144773443702,0.0
0.19727194080065838,0.20653547588544804,0.1849475475914285,0.20643931881886235,0.20480571690360255,0.0
0.19666979607865992,0.2038928967132735,0.18860715447140364,0.20668321432679915,0.20414693840986373,0.0
0.2002159187007623,0.20049636899446213,0.18524114395224786,0.20608796509881297,0.20795860325371468,0.0
0.19854178098936312,0.20611111030714116,0.188018363988397,0.20400976550263442,0.20331897921246433,0.0
0.19730675284498936,0.20390997642543784,0.18715390079096936,0.20792147849841044,0.2037078914401931,0.0
0.19967543012181357,0.19667928347685795,0.1886263259461435,0.21243172142531255,0.2025872390298724,0.0
0.19892621035550972,0.20302619992424545,0.1869982658673471,0.20716839671656445,0.20388092713633324,0.0
0.2005151058861483,0.200675744177151,0.18991236223156394,0.20598081990262918,0.20291596780250765,0.0
0.19975160337811107,0.19842481470239515,0.20280501559143904,0.20072670467442535,0.19829186165362941,0.0
0.19956628579169206,0.19636384300701623,0.18688772223419514,0.2092174128060812,0.20796473616101538,0.0
0.19910506442774506,0.2058948192688054,0.18571890078830733,0.20679020526428923,0.202491010250853,0.0
0.1942716918752651,0.19143437003474364,0.20525781041858393,0.20445765249247122,0.20457847517893615,0.0
0.19896689146200763,0.20265682960931788,0.18580919744948277,0.20614505298608155,0.2064220284931103,0.0
0.19730434641919184,0.19495453800502735,0.2124396936569338,0.19864662897262753,0.19665479294621954,0.0
0.19522719102100006,0.20496186358076687,0.1882277751386748,0.21085050767252322,0.20073266258703504,0.0
0.1979004972739104,0.19625954754540537,0.19020426551714625,0.21180480288244777,0.20383088678109004,0.0
0.1961904712521585,0.1971647400075882,0.19379258972037125,0.2079383247967754,0.2049138742231067,0.0
0.19776072290552943,0.20478171696012548,0.18553561955942016,0.20695106358886808,0.20497087698605687,0.0
0.19943930772419444,0.20158150204261735,0.18557001930325318,0.21042637029919795,0.20298280063073718,0.0
0.1984219236374892,0.2045124538385523,0.18708663718359717,0.20620552324091843,0.20377346209944291,0.0
0.19562867989457247,0.1977098079957023,0.19191522376864495,0.21233428670415933,0.2024120016369209,0.0
0.1966682906009144,0.197166229376569,0.18601561795311763,0.2112941087917098,0.20885575327768907,0.0
0.19889829239381412,0.19822163593615771,0.18524302276835675,0.21025934811098354,0.2073777007906879,0.0
0.20066079373442783,0.20318165084268333,0.18732084742476757,0.2065169362659395,0.20231977173218174,0.0
0.19940486915680972,0.20646008943516483,0.18391769962116963,0.2065172328142067,0.20370010897264923,0.0
0.20010319425891027,0.20063926561116352,0.1904757304883722,0.20836487855228325,0.2004169310892708,0.0
0.1985742827178381,0.1980680505253628,0.19093300420277468,0.21057368713189054,0.20185097542213395,0.0
0.19992122974891174,0.19757638564096827,0.19000937871877008,0.2107320429095581,0.20176096298179175,0.0
0.197038999705843,0.1992181118725995,0.19164801566729928,0.2092165749904609,0.20287829776379734,0.0
0.19948487813682406,0.20205806059455925,0.1825617179328273,0.21075662108978196,0.20513872224600743,0.0
0.19898865969066035,0.1992875835526232,0.19163504581026236,0.20751985283159805,0.202568858114856,0.0
0.19915972302434284,0.20212501684120948,0.18484493731673982,0.20785727264749307,0.20601305017021485,0.0
0.19814452615096073,0.20374237822135938,0.18912574124595993,0.20552537821029973,0.20346197617142034,0.0
0.19672256547869543,0.20549360447178144,0.1815188209950414,0.21117662213187557,0.20508838692260617,0.0
0.20268866834213473,0.20053202234845968,0.1891102852124545,0.20411472793541371,0.20355429616153742,0.0
0.20062424884075278,0.1983156250556306,0.1899061407488838,0.20678300425124077,0.204370981103492,0.0
0.19992846452146792,0.20067908403711993,0.18448852931778983,0.20963283211985845,0.2052710900037638,0.0
0.2007844251705259,0.1996828518828162,0.1911405997810903,0.20855752501223918,0.1998345981533285,0.0
0.19950920354378382,0.2050014251857323,0.18955255683693192,0.20577745744072085,0.20015935699283116,0.0
0.20011688137391612,0.20230883477505499,0.1833561533043143,0.20952126456002326,0.2046968659866913,0.0
0.20053656498049616,0.20323816481531914,0.1848342752826134,0.2066564443404669,0.20473455058110432,0.0
0.19860398449920438,0.195140211700472,0.19192946810337372,0.2100787220723077,0.20424761362464208,0.0
0.19969128387504612,0.20164455513069565,0.1863657181109348,0.20696945346441242,0.20532898941891106,0.0
0.19805999060484125,0.19948964928446014,0.18950588848303895,0.20945612508659853,0.20348834654106104,0.0
0.19541215268970982,0.2030690156010354,0.18616017864829476,0.20934800178766536,0.20601065127329451,0.0
0.19992363991982146,0.19967963914826023,0.18358242981533923,0.20818454331110317,0.20862974780547594,0.0
0.19656512107648955,0.2035637382652159,0.1847479738818198,0.2079283077166171,0.20719485905985768,0.0
0.19641490161486025,0.19308867781853484,0.1902555937232445,0.21139749485382436,0.20884333198953597,0.0
0.20041248416284216,0.20299847388001052,0.19122626240340446,0.2044793944188146,0.2008833851349283,0.0
0.19819112063195254,0.19665201463336154,0.19144492012463515,0.2120788413166109,0.20163310329343997,0.0
0.19934126298806393,0.2008883072613134,0.18430187497503675,0.2110615116510105,0.20440704312457542,0.0
0.1984531755973367,0.20267740938564333,0.1861193602846272,0.20812038841192843,0.20462966632046453,0.0
0.1975044652172199,0.20632417454906873,0.18449899995450214,0.20756072483586294,0.20411163544334618,0.0
0.19843567179674504,0.20278902371445456,0.1856225479604515,0.20821679317578384,0.204935963352565,0.0
0.19520367408545117,0.1957202888114961,0.1990850461957591,0.20654363013225463,0.20344736077503903,0.0
0.19830322371652767,0.20492559339873098,0.17931750324268217,0.21121684121781506,0.2062368384242441,0.0
0.19668212499143398,0.20077970167646642,0.19132293278250956,0.20498935805351676,0.2062258824960733,0.0
0.1988829099026624,0.2039151010895175,0.1859516769923718,0.2058209188386202,0.20542939317682812,0.0
0.19948469230691251,0.20328721039746595,0.18935192332733156,0.20531014355484517,0.2025660304134448,0.0
0.2,0.2,0.2,0.2,0.2,0.0
0.19985138553520645,0.20262592638000573,0.18634348951288773,0.20699090983712123,0.20418828873477873,0.0
0.19687278752436696,0.2035684582207283,0.1864057573892076,0.2076177222531514,0.20553527461254578,0.0
0.20079377175396204,0.19921748833532774,0.1897187026012872,0.20622518419484934,0.20404485311457377,0.0
0.19745959948632152,0.20009499478745718,0.1873290234282635,0.2135276932022437,0.20158868909571415,0.0
0.19761698792632812,0.2018989716680686,0.19121708706845114,0.20639875724858978,0.20286819608856244,0.0
0.19917104598090105,0.2021400533328259,0.18857613832631628,0.20703746134716336,0.2030753010127936,0.0
0.21022398345403295,0.19751028322369027,0.2053361351612922,0.18839580412866397,0.19853379403232055,0.0
0.20266524074138614,0.2007571649978218,0.18308980919362722,0.20938796953054223,0.20409981553662254,0.0
0.1992953467974398,0.20304486843327418,0.1834827116812037,0.20954581614893467,0.20463125693914774,0.0
0.19744135835772986,0.20364104820385612,0.18904687450204666,0.20806520999464376,0.2018055089417236,0.0
0.19947803495321062,0.2022997914162105,0.18434511738818612,0.2042277877455786,0.20964926849681428,0.0
0.19788593768211177,0.20274810267857446,0.18520385714618087,0.2102992758346331,0.20386282665849995,0.0
0.19973278533353006,0.20345867444174537,0.18797967847882455,0.20839200275692946,0.20043685898897065,0.0
0.1986735948115166,0.20387412754698336,0.18212909004794053,0.20945506870119138,0.2058681188923681,0.0
0.19838897385247709,0.1982139965564432,0.18724122206773483,0.2061557104768594,0.21000009704648562,0.0
0.19879142957101004,0.1994329442211078,0.1870143924459473,0.2143356552848382,0.2004255784770968,0.0
0.19778346318884615,0.2041226055908867,0.18603173291639766,0.2075884517360698,0.20447374656779962,0.0
0.19815909745176527,0.20256703717479468,0.18798432621269962,0.2087271853697963,0.20256235379094414,0.0
0.19911281367580758,0.20214771337428933,0.18564373892597555,0.20926499972616064,0.20383073429776677,0.0
0.20473947786313207,0.20226498627806547,0.18720667115867703,0.20421550412385361,0.20157336057627176,0.0
0.19857201050663023,0.20031283198532482,0.19207577010832877,0.20771372450594205,0.20132566289377404,0.0
0.19875086536612224,0.20105270892814017,0.18981360156099525,0.20932807075982635,0.20105475338491607,0.0
0.1989829104147079,0.1972262138145319,0.18593749634554935,0.21077811703630997,0.20707526238890087,0.0
0.19902759777037998,0.19860933524331434,0.18707925770435802,0.20874685878128252,0.20653695050066517,0.0
0.19914841522003568,0.20052950026211666,0.1862667486316146,0.20919480767370843,0.2048605282125245,0.0
0.19920088836956445,0.19853122485175606,0.19189053341614623,0.2068761347034758,0.2035012186590575,0.0
0.19898009783921972,0.20178195317988676,0.18703488467167753,0.20848599745110682,0.20371706685810917,0.0
0.20049966279779988,0.19791564606796322,0.1878937719567035,0.2123083765080962,0.2013825426694372,0.0
0.20025210215374362,0.2028456364982025,0.18917155700422258,0.2062137664936975,0.20151693785013378,0.0
0.19809472784394028,0.20540123852720896,0.18589932230563774,0.20526717677356474,0.20533753454964818,0.0
0.19856036476233574,0.20130355791721283,0.1828543890829466,0.21174923737347487,0.20553245086403002,0.0
0.19783654580362756,0.2049586612279417,0.18539973713562022,0.2073097839997673,0.20449527183304322,0.0
0.1973625977634176,0.2011569502750041,0.18797301489082388,0.20983422417110925,0.20367321289964507,0.0
0.19812245181947347,0.20444852824063722,0.18620135378947061,0.20663724850067058,0.2045904176497482,0.0
0.19789824281725027,0.20509831514651916,0.18541696448855413,0.2053980697941271,0.2061884077535494,0.0
0.19643382530067943,0.1893396447039233,0.2062748646571627,0.2052228287773225,0.20272883656091198,0.0
0.19733890582177793,0.20488806647591332,0.18432314468225608,0.2083895533531182,0.2050603296669344,0.0
0.19767243371759202,0.20124074405532155,0.1885036897144741,0.21132255549093862,0.20126057702167371,0.0
0.1986916023295861,0.19748546228068337,0.1866401362244613,0.20710689365111626,0.2100759055141531,0.0
0.20269358911816204,0.1995841890767304,0.19057391280645197,0.2059409503222684,0.20120735867638725,0.0
0.19904024532124948,0.19894191694254668,0.19168582098532486,0.20755103871596864,0.2027809780349104,0.0
0.19973303377258753,0.20369078942161992,0.18273461249738027,0.2077256289447465,0.2061159353636658,0.0
0.19991123957934256,0.19739231957511097,0.1870541872660664,0.2085126969216704,0.20712955665780977,0.0
0.19839497242380733,0.20265543265626473,0.1838863772302648,0.21197189543683104,0.20309132225283216,0.0
0.20019845027064234,0.20346100605275536,0.1893475196636118,0.20562587983296315,0.2013671441800275,0.0
0.2,0.2,0.2,0.2,0.2,0.0
0.19885082268361978,0.18972841975834667,0.20884702530929325,0.2030827074371388,0.1994910248116015,0.0
0.20132727960886768,0.19903852375843673,0.18933692396548277,0.20646946557758933,0.20382780708962353,0.0
0.19922854593541384,0.2035781268067257,0.18749990921974405,0.2048501825197048,0.20484323551841177,0.0
0.19774854397077385,0.19828815274608724,0.1860496948591193,0.20598883680969007,0.21192477161432954,0.0
0.20091176711597358,0.2015979395779442,0.18807344145441135,0.20886826545400106,0.2005485863976698,0.0
0.20170471754145358,0.20518895012579114,0.1842375690006647,0.20663240848871536,0.20223635484337532,0.0
0.2033107282216117,0.19976803720347974,0.18598570539492115,0.20683719537338327,0.20409833380660408,0.0
0.20028645020137217,0.20120183111496123,0.1833952769562473,0.20854624818783793,0.20657019353958148,0.0
0.19764909362724079,0.20058426607507093,0.1851803777131052,0.2089359078228214,0.20765035476176186,0.0
0.1974169017025678,0.20168495901661138,0.19264475539297765,0.2059724608230721,0.202280923064771,0.0
0.19924315346567537,0.20073915909301604,0.18610855697691273,0.20772022418022326,0.2061889062841727,0.0
0.19976556263473902,0.20049108399984894,0.18892646605165545,0.2093674107497153,0.20144947656404136,0.0
0.19699801333129666,0.20098156508442694,0.1890596735482827,0.21203596689932083,0.20092478113667286,0.0
0.20093355791013684,0.20401896265146272,0.19124146275175916,0.2030897267766204,0.20071628991002086,0.0
0.19967823374621724,0.20398847910617962,0.187607137276539,0.2058228234080884,0.2029033264629758,0.0
0.2003740215841765,0.200063444432518,0.18806962104094768,0.20803160686942596,0.20346130607293184,0.0
0.19905266493302531,0.2061219466153496,0.18606463039101395,0.2057001379374708,0.2030606201231403,0.0
0.1984333876684236,0.19662069026175114,0.19049950932147397,0.21151342453018018,0.2029329882181712,0.0
0.1982567195365611,0.20624533007573392,0.1862135927139069,0.20539747827984647,0.20388687939395178,0.0
0.19757627794350327,0.20519601191698922,0.1880345160619846,0.2048044443018542,0.20438874977566862,0.0
0.19522883017127782,0.20101075859072576,0.19285012866488677,0.20595588379471283,0.20495439877839683,0.0
0.20000807585681954,0.20251893946679658,0.18482749951326083,0.2088102793044251,0.20383520585869794,0.0
0.19714125287001302,0.19676422978911837,0.1894990864878807,0.208817424706236,0.20777800614675182,0.0
0.1954829859028141,0.19471670153492548,0.1932503307816897,0.2120179260448821,0.20453205573568856,0.0
0.20109095030466803,0.1991562124015939,0.1874684484014724,0.2075735227267025,0.20471086616556322,0.0
0.19789337304820445,0.1988125566732969,0.18593467279808115,0.2111143347994458,0.20624506268097184,0.0
0.1977542043311942,0.20028906755388445,0.19027777261737433,0.20948235201020787,0.2021966034873392,0.0
0.19571230918845983,0.2008891298767052,0.19273754104425875,0.2092019318513203,0.20145908803925588,0.0
0.1982140626328332,0.19909466976733356,0.19326125689188758,0.2056385757284129,0.20379143497953284,0.0
0.19970390828184084,0.19606208117148358,0.18963224725225547,0.21055089653929632,0.2040508667551238,0.0
0.19739697922625593,0.2006697866726409,0.19097702217637372,0.20931142763909188,0.2016447842856376,0.0
0.20102674520575037,0.20435412146200438,0.18764763983568,0.20523183689735688,0.2017396565992083,0.0
0.2000224198658431,0.201471439304819,0.19245141185771447,0.20638476773547057,0.199669961236153,0.0
0.19806555392784198,0.19960340485130387,0.1923356729165477,0.20836413430616474,0.20163123399814167,0.0
0.20403947141607576,0.20560858122129114,0.18363054891243602,0.20674317291246241,0.19997822553773467,0.0
0.2002463085617787,0.19960081287624146,0.18867949921842012,0.20980409581694776,0.2016692835266119,0.0
0.19985801867925734,0.20056728778011637,0.1885540596170254,0.20751991279655402,0.20350072112704687,0.0
0.19507731185862714,0.20113052803191508,0.18624384698332977,0.20791976129395004,0.20962855183217807,0.0
0.19965593472312615,0.19992851097425393,0.1872021156091365,0.2103038555762402,0.20290958311724316,0.0
0.1991331987258392,0.19587684110085588,0.18923412353816269,0.20960753237627763,0.20614830425886457,0.0
0.19658871224559915,0.20273475153684553,0.18707889703950425,0.21217264200060412,0.20142499717744708,0.0
0.19928503695441668,0.20003231050578577,0.18692269916334056,0.20823657500890244,0.20552337836755452,0.0
0.19865453210827794,0.20291684626576534,0.18364635941047924,0.20730446678414532,0.20747779543133216,0.0
0.2006293444402537,0.19894197595991922,0.1891248594266414,0.20883506890531267,0.20246875126787295,0.0
0.2,0.2,0.2,0.2,0.2,0.0
0.19720943068592744,0.202794140903103,0.18848978433901548,0.20644113920705676,0.20506550486489727,0.0
0.1950296702938022,0.20395018764549502,0.18731965349460566,0.2118409734092097,0.20185951515688744,0.0
0.19924523983171785,0.20473499134255094,0.18470055778771632,0.2074278896957092,0.20389132134230561,0.0
0.19588471287988862,0.19249488294656023,0.195521936450551,0.21227755610160182,0.20382091162139826,0.0
0.20024115335933582,0.20189251203956848,0.18825024511091154,0.20786056061733837,0.20175552887284565,0.0
0.19576993622820088,0.203375721620618,0.18542611886942437,0.20858523187656178,0.20684299140519496,0.0
0.19845806084491505,0.20100538859510703,0.18609226065399656,0.20963553662138057,0.2048087532846008,0.0
0.19933003765010018,0.2039532613505291,0.18640079583562894,0.20576676620412554,0.20454913895961624,0.0
0.19678507934120187,0.2033197235767822,0.18831763364106813,0.20775138773843038,0.2038261757025174,0.0
0.1993996309510136,0.201625112818421,0.18578361550215294,0.20804111288116914,0.2051505278472433,0.0
0.20190136282212146,0.20104057470673425,0.19307925312841798,0.2054820816354025,0.1984967277073238,0.0
0.19836416408500773,0.2063305449795438,0.1849662506859154,0.20654418926414506,0.20379485098538794,0.0
0.19776756826639652,0.20360353770111136,0.1869178433526826,0.2075585304091236,0.20415252027068603,0.0
0.19834060616484978,0.1977062784248058,0.18723106226687972,0.21292273169171538,0.20379932145174923,0.0
0.2,0.2,0.2,0.2,0.2,0.0
0.20007834854374493,0.20350101020722966,0.18947651535205745,0.20704439264643945,0.19989973325052848,0.0
0.1968602191260473,0.20018992860620818,0.18444340143421406,0.2094764428384515,0.20903000799507898,0.0
0.19775981709895762,0.1969531401172842,0.1873218065178359,0.2100581910508522,0.20790704521507,0.0
0.19899226063969888,0.20370564634592808,0.18918052060931337,0.2050386420752351,0.2030829303298247,0.0
0.1969563897631102,0.20426605929044636,0.18353511608980735,0.20947626704137673,0.20576616781525944,0.0
0.1989847341231705,0.20257447262384867,0.18646423497847664,0.20768993944669947,0.2042866188278047,0.0
0.20012291911368046,0.20195302522697814,0.18501750549794121,0.206812369048075,0.20609418111332511,0.0
0.19895948821296908,0.20069068747799398,0.18926214955098608,0.21044455072868692,0.20064312402936402,0.0
0.1984849468708241,0.20066086274351716,0.18679346350530118,0.208679848269898,0.20538087861045945,0.0
0.20033078776589555,0.20181803615019434,0.1866280326790455,0.2091812832552503,0.2020418601496143,0.0
0.19953629118031782,0.20372791044832944,0.18748604007391265,0.2062290807055123,0.2030206775919278,0.0
0.19812998270135468,0.20167495957768816,0.1854807386337173,0.20778470427729506,0.20692961480994476,0.0
0.19851404598194355,0.1961396005363056,0.1868147150337383,0.21181437392507912,0.20671726452293349,0.0
0.2021098553807504,0.20344245002579203,0.18711150073417246,0.20379254352702272,0.20354365033226224,0.0
0.20101016439690825,0.19704601323326812,0.1869204124448246,0.2109526887154333,0.20407072120956563,0.0
0.20273511011994946,0.19897945240301224,0.18769473512707724,0.2097694945278706,0.20082120782209048,0.0
0.19735137025651264,0.20549687099824868,0.18845225300480914,0.20679637866263942,0.20190312707779015,0.0
0.19752884955257732,0.19907995526199232,0.1873466922487894,0.20946647364954052,0.20657802928710042,0.0
0.19600372625891735,0.19924276591026485,0.19062473775078007,0.2126924607052699,0.2014363093747677,0.0
0.20171640336451524,0.20215145252734282,0.19492657892733659,0.20206170783626992,0.1991438573445355,0.0
0.19701785705742253,0.20139701450682468,0.18909097284254764,0.20993550068088115,0.20255865491232392,0.0
0.19968328746399447,0.2046578743121832,0.1867068901403692,0.20813693834905803,0.20081500973439517,0.0
0.19932763975124257,0.20083995925416592,0.18999724354115413,0.20637832439704598,0.20345683305639134,0.0
0.19985460616246434,0.2072220816850408,0.1831794421928204,0.20836788370384227,0.20137598625583214,0.0
0.19899152849644433,0.20547608984234686,0.18355778844177426,0.20945264677367795,0.20252194644575666,0.0
0.2,0.2,0.2,0.2,0.2,0.0
0.19919045583646477,0.2016504962366132,0.18841359422840806,0.2050403539559484,0.20570509974256554,0.0
0.20062439515733071,0.20508114243849868,0.18129547053038086,0.20771937271875368,0.20527961915503604,0.0
0.1997246439397879,0.20214836332862296,0.18528834026051974,0.20713869602800852,0.20569995644306083,0.0
0.19774129299417695,0.20072223521418928,0.18716596112532133,0.21060413736117237,0.20376637330514,0.0
0.20088051121881298,0.19813362228699782,0.18899932361979133,0.20799232493604958,0.2039942179383483,0.0
0.19883691097540632,0.2019211053352414,0.18874944032865226,0.20922943182782197,0.20126311153287804,0.0
0.1996638201140494,0.19686621515058397,0.20470785496426191,0.19870979141886314,0.2000523183522415,0.0
0.19753814491917,0.20347928457321615,0.18739551395817391,0.2074616173268769,0.204125439222563,0.0
0.19757568074246923,0.20285737493089234,0.18707708726435515,0.2098413414070432,0.20264851565524003,0.0
0.19739653565848714,0.2018863918214179,0.19034183306324542,0.20856439016793002,0.2018108492889195,0.0
0.19571707612142003,0.20209336547220924,0.18460098537027728,0.21127542558137075,0.20631314745472265,0.0
0.1998343124814254,0.19881428287308447,0.1859095034552608,0.20791962796312657,0.20752227322710276,0.0
0.19689278172711458,0.20272648829507695,0.18433462849027568,0.21295368543019,0.20309241605734268,0.0
0.1988036120735793,0.19987431618611975,0.18823921339645816,0.21054188928980588,0.20254096905403682,0.0
0.19867094063734106,0.20506412263728876,0.18665810725528323,0.20673413873741628,0.2028726907326706,0.0
0.19831460178353386,0.20266912186498565,0.18692963915931543,0.206206478299943,0.20588015889222203,0.0
0.1979756869174572,0.20412863749048712,0.1864873734085004,0.20890255706510336,0.20250574511845187,0.0
0.19988790489241248,0.20086407487388255,0.18674660162658013,0.20905819488844868,0.20344322371867615,0.0
0.19563086718341524,0.1927947354583199,0.1955050340579298,0.21177082092998328,0.20429854237035183,0.0
0.20119799675053318,0.2031113226425768,0.18223306644861859,0.2084408112825176,0.20501680287575377,0.0
0.19867737302192517,0.20227004100329235,0.18330221639856958,0.21422259959349943,0.20152776998271324,0.0
0.19958712307077683,0.19558564050315264,0.1902139068836283,0.2117551572168648,0.2028581723255773,0.0
0.20292073463571725,0.20139911273095246,0.18648837526787568,0.2092137071952118,0.1999780701702429,0.0
0.20080606641605628,0.19581357829804294,0.1923387748653401,0.20917298365083925,0.20186859676972127,0.0
0.20024270661228472,0.2020396726703552,0.1836926416677709,0.21089643917837836,0.20312853987121082,0.0
0.1995050612688555,0.19810769225261718,0.189528451088023,0.2079225173406395,0.2049362780498649,0.0
0.19670974105662303,0.20134061757953908,0.18313084561241474,0.20919757610848788,0.20962121964293517,0.0
0.2002650103221788,0.20169109622580916,0.18493076079050763,0.20887907837613323,0.20423405428537117,0.0
0.20090517303051647,0.20098477393387726,0.19220106829550027,0.2071567377801489,0.19875224695995702,0.0
0.19894813476717912,0.2016663317319799,0.1834237763893281,0.21269830633425094,0.20326345077726196,0.0
0.19557205386068333,0.20287037705142438,0.18590505841936467,0.21113773441848793,0.2045147762500396,0.0
0.2001551586591922,0.1947283361510303,0.19026702643788515,0.2077515819099079,0.20709789684198437,0.0
0.1954506338244874,0.20100824113233887,0.18595264097388609,0.20965170929865395,0.2079367747706337,0.0
0.19343652622197,0.20287522732398117,0.18804974215624207,0.20947042877308258,0.20616807552472421,0.0
0.19883932831012557,0.20556855105803387,0.1863343894620046,0.2061283808913118,0.20312935027852416,0.0
0.1984177474381457,0.20313070003779932,0.18393033535156617,0.21002927442933073,0.20449194274315804,0.0
0.19912820154157504,0.20496942108161786,0.18404151833176252,0.20858516007148864,0.20327569897355596,0.0
0.19851451627476355,0.1977307489121717,0.18844955993530463,0.212447883554987,0.2028572913227732,0.0
0.19567456000868202,0.2045411437589156,0.18539913607511396,0.21174567896362836,0.20263948119365996,0.0
0.19854235712481258,0.20179623841997762,0.1856092476500519,0.2097010079436856,0.20435114886147232,0.0
0.20181979484258564,0.19627188567853196,0.1907557059551651,0.2107414428290654,0.20041117069465186,0.0
0.19964433380046198,0.2034539021566203,0.185567814645727,0.20707853061296458,0.2042554187842261,0.0
0.19894629288820592,0.20284181000493842,0.18658042073473968,0.20664196940953342,0.20498950696258258,0.0
0.20004713081561862,0.19833324335785502,0.18483665791083614,0.20859159312423914,0.20819137479145103,0.0
0.19977098710917468,0.19682562568219025,0.18770250125021506,0.20698581337976593,0.20871507257865415,0.0
0.19869559906888476,0.20462730551519745,0.18661798097209445,0.20917986611264194,0.2008792483311814,0.0
0.19870431602321595,0.20273863848811097,0.1834173165021088,0.208460340042303,0.2066793889442613,0.0
0.19827394392389694,0.2019581058352259,0.184799782511549,0.2084900349525863,0.20647813277674187,0.0
0.1983777395971156,0.20116438412532459,0.18507414151612878,0.2077473788562171,0.20763635590521382,0.0
0.19742022785146368,0.198119362054487,0.18944903639903146,0.20878816988533735,0.2062232038096805,0.0
0.19754260105418964,0.1986552772242167,0.19164429111876408,0.20878050167436035,0.20337732892846921,0.0
0.20013249186408574,0.19769878112380032,0.18697710745962243,0.21240377988236558,0.202787839670126,0.0
0.19876883799445147,0.19456904923580573,0.1922629159032251,0.2119705286267278,0.2024286682397899,0.0
0.19816906967922016,0.18702174178912223,0.2078580174062454,0.20610368261080603,0.2008474885146062,0.0
0.19962596634930896,0.20376993457656362,0.18927315129896785,0.20746083303284182,0.19987011474231772,0.0
0.2000271170377286,0.2004493636717902,0.18861128474256167,0.20587503106472638,0.20503720348319313,0.0
0.1994547414892321,0.20228831675406847,0.18760433373802043,0.2063120178070248,0.20434059021165435,0.0
0.19728643140565466,0.20170513597389922,0.18358681859308468,0.21292715835575868,0.20449445567160274,0.0
0.19904792889751247,0.20533415176506128,0.18454087415878487,0.2112744206855945,0.19980262449304698,0.0
0.1991906430131691,0.20201895896815433,0.18791775935865335,0.20861956300627327,0.20225307565375,0.0
0.199282136844819,0.20233588615185463,0.18496376277827814,0.20910887558183638,0.20430933864321185,0.0
0.19881292109507576,0.20046866669238844,0.18907509904991807,0.21072863743126782,0.20091467573134988,0.0
0.20055316856173133,0.20127486096424874,0.18657622790730702,0.20778895530704158,0.2038067872596713,0.0
0.204308044756171,0.20365738559235597,0.18827714261427525,0.20513984839553306,0.1986175786416647,0.0
0.19722786767588715,0.1996427011306319,0.18595324920445735,0.2088293833842137,0.20834679860480995,0.0
0.19807494490561922,0.20496003194474233,0.18211735320955405,0.21001425796942794,0.20483341197065646,0.0
0.19887902368776775,0.20256207120283515,0.18738351558709185,0.20722675839820112,0.20394863112410413,0.0
0.1981749484530895,0.20507590533661374,0.18518466761282812,0.20922283988074233,0.20234163871672634,0.0
0.1957723181374911,0.2020180535429113,0.18370103261312526,0.20906051792468294,0.20944807778178934,0.0
0.20210610192164288,0.20168869954132532,0.19052355315166836,0.20627399025598137,0.19940765512938205,0.0
0.19807299487328736,0.2026249539083083,0.18502775261779988,0.2070651755977206,0.20720912300288385,0.0
0.19831692950498192,0.20110141519933794,0.19004879689069876,0.20652605182794007,0.20400680657704126,0.0
0.199708026493023,0.20141742667318235,0.18438102875208623,0.2091716671506746,0.20532185093103386,0.0
0.1994217963956801,0.20144844623672112,0.19022051291185246,0.20637891200873282,0.2025303324470135,0.0
0.1994980621628455,0.19499879476304,0.19130404727000266,0.2109500580032897,0.2032490378008221,0.0
0.19897928915235655,0.20080582442498146,0.1886221728078856,0.2109643114923532,0.2006284021224232,0.0
0.19937669573827854,0.20304758571583223,0.18587584987033265,0.2056595581492055,0.20604031052635097,0.0
0.19989427236562793,0.2033962395286766,0.18643436178171682,0.20825987380606226,0.20201525251791633,0.0
0.19756639214845975,0.20467077091524827,0.18561008768985213,0.20606887042139665,0.20608387882504317,0.0
0.20043698729465306,0.19617334464154562,0.18881835417061643,0.2137381017866657,0.20083321210651933,0.0
0.20008240785362888,0.20105219128827323,0.1871767575100578,0.2062954074546082,0.20539323589343197,0.0
0.1990409525517958,0.19972511097190224,0.19268844676310967,0.20931433575662922,0.19923115395656313,0.0
0.19776620771552708,0.20356502026885182,0.1837208232259745,0.20897491483744374,0.20597303395220296,0.0
0.19994729608369782,0.20310558393328249,0.18397745304940905,0.20721824167044697,0.20575142526316367,0.0
0.19636122720460908,0.20228982300948298,0.1905077056828171,0.20915308225555476,0.20168816184753607,0.0
0.19924293182151642,0.2023570214324595,0.19023615505233035,0.20746701120086622,0.20069688049282755,0.0
0.2025765490405409,0.20094363163623738,0.1908314355556616,0.205980146616665,0.19966823715089513,0.0
0.20102070606077657,0.19794514790876278,0.19176414391712202,0.20908505527149418,0.2001849468418444,0.0
0.2003283524289367,0.2009511239092016,0.18545356200459368,0.2088286839847235,0.20443827767254444,0.0
0.20033282827834292,0.19987956578021193,0.18401684744553226,0.20985513095450387,0.20591562754140894,0.0
0.1973876787338772,0.1959001832214563,0.1894965478027944,0.20888909343363515,0.208326496808237,0.0
0.1993363165876857,0.2035479553410842,0.18818511491115122,0.20607451069595042,0.2028561024641285,0.0
0.19563943918523805,0.20349515276033067,0.18870673279736627,0.2112092865964237,0.20094938866064133,0.0
0.19988001193012708,0.2028124077047365,0.1818465265297749,0.21082463686089992,0.2046364169744615,0.0
0.2001971880837758,0.2061995716472884,0.18511469177054396,0.2054212718055009,0.20306727669289104,0.0
0.19884354354262948,0.20285520762122852,0.18720874259175188,0.2082099739024749,0.20288253234191522,0.0
0.20037057213594092,0.20619076444858875,0.18560256073425835,0.20543124859270495,0.2024048540885071,0.0
0.2006143431505786,0.1968789877273751,0.19030386658576373,0.21126247479733035,0.20094032773895218,0.0
0.198964881735709,0.199096736153182,0.19210271745579488,0.20818603436904215,0.20164963028627184,0.0
0.20110757608479526,0.19761077007971142,0.1870097364025346,0.2132175196731165,0.2010543977598421,0.0
0.20665794714517552,0.2070348587581338,0.18845275912491097,0.2024330872851192,0.19542134768666058,0.0
0.19937333980931607,0.1985037956715101,0.18961461617698888,0.2058630834609756,0.20664516488120943,0.0
0.2037192269740948,0.20108922198804327,0.18537626069771532,0.2082895761115492,0.20152571422859755,0.0
0.19720028870143,0.20205514483555267,0.18538776045223182,0.2061110457986327,0.2092457602121529,0.0
0.19744726277719846,0.20489971711276375,0.18355705498631078,0.20876469104733328,0.20533127407639376,0.0
0.19772774563933598,0.2000139249306389,0.187428773156226,0.2124484451017107,0.2023811111720884,0.0
0.20027825964334448,0.20438199681565905,0.1883303388032626,0.20446931835848542,0.20254008637924845,0.0
0.20090517303051647,0.20098477393387726,0.19220106829550027,0.2071567377801489,0.19875224695995702,0.0
0.20018744229483004,0.20001703366883145,0.18361200629945174,0.21337835547187325,0.20280516226501347,0.0
0.19649238694684573,0.19251059142197563,0.19337067152307996,0.21132508785999865,0.20630126224810014,0.0
0.19601892102256555,0.19734331161065327,0.1911682958220365,0.2100179802515565,0.20545149129318832,0.0
0.19760435374796445,0.20037562424029529,0.18624737629990099,0.21190521217548985,0.20386743353634942,0.0
0.198516945469725,0.2022785721436128,0.18661343658115329,0.20475853880992181,0.2078325069955871,0.0
0.19787166539115938,0.20455535444739495,0.18658801745238232,0.20531469453204518,0.20567026817701822,0.0
0.19894186163024363,0.20266845852361381,0.18608162796946714,0.20846987129678657,0.2038381805798888,0.0
0.19743947945354284,0.20388814739564745,0.18863177514450627,0.20648782362637919,0.20355277437992422,0.0
0.20206971829952566,0.19774874881518048,0.1858675609840046,0.20984902770344913,0.20446494419784014,0.0
0.20794784063511693,0.2022603502249143,0.1927882004061581,0.2001754553429137,0.19682815339089704,0.0
0.20502572193792812,0.20164247865741683,0.19160296404194457,0.20129219267244117,0.20043664269026928,0.0
0.19735417770917196,0.19440456974504172,0.19013590648300763,0.21336809459248385,0.2047372514702949,0.0
0.19847122751495408,0.2018558719422338,0.18884810089952514,0.20828612931669066,0.20253867032659625,0.0
0.20168401429464686,0.1994279778310788,0.18687964789744466,0.20982014881050534,0.20218821116632432,0.0
0.20281972601927828,0.20652258383317657,0.18663888294079747,0.20421171182605594,0.19980709538069194,0.0
0.19985632795837696,0.20115465025520596,0.188817116512067,0.20684861598884555,0.20332328928550458,0.0
0.19925978829587243,0.2034641173805295,0.18650618203284475,0.20491446904568794,0.20585544324506533,0.0
0.1997759030239596,0.20041785985000943,0.18845374830439052,0.20642409277746385,0.20492839604417654,0.0
0.199330417064538,0.20237670914242717,0.19194736515981042,0.20391444487000224,0.20243106376322217,0.0
0.19638023401567747,0.2007369206781185,0.18933280686264187,0.20893765676330867,0.20461238168025353,0.0
0.1993503086736978,0.1985366917798328,0.1865534970199905,0.20794687166025264,0.20761263086622628,0.0
0.1983324652765279,0.2046699588344396,0.18820233060733427,0.20629701699877692,0.2024982282829214,0.0
0.20056172119761814,0.19978262854144205,0.18200625512833454,0.21087549524785892,0.2067738998847462,0.0
0.19800763338958735,0.19726473466389358,0.18519641071303083,0.20974475796198658,0.20978646327150163,0.0
0.19711173794783537,0.2056009473520207,0.18310830053431315,0.21079731587535466,0.203381698290476,0.0
0.20029473004732884,0.20057348026616928,0.18615131532958312,0.20914544568688928,0.20383502867002953,0.0
0.2035731710135574,0.20190010499015054,0.1922627910533127,0.2029524299035927,0.19931150303938658,0.0
0.19743612982396413,0.20594771904485357,0.18526630562513058,0.21022800381040532,0.20112184169564645,0.0
0.1976881409760066,0.1994079887721231,0.19245827691616757,0.20958528082376926,0.2008603125119334,0.0
0.1953440080226033,0.20112494584960092,0.1880652984016255,0.21109934211531767,0.20436640561085276,0.0
0.20049850861245253,0.19587373500677785,0.18842017294885371,0.21022254263007376,0.20498504080184227,0.0
0.1998911771492431,0.20393995111601124,0.18879191731132877,0.20248927532854513,0.20488767909487174,0.0
0.19957758480569235,0.2002070707901,0.18897949518249574,0.2095490914665853,0.2016867577551267,0.0
0.19762284650624604,0.20170792502354912,0.19030471378606334,0.2065355686635398,0.20382894602060186,0.0
0.19817739937850876,0.20307997844429634,0.18875405395525022,0.20802162755589076,0.20196694066605392,0.0
0.19626834004411198,0.1930238360917384,0.19165365435606563,0.21200295895347443,0.2070512105546095,0.0
0.23552452173634705,0.1953737011110289,0.18635781856845957,0.18635781856845957,0.1963861400157049,0.0
0.20156297727199218,0.19819800986841213,0.1876831559652416,0.2077598598762709,0.2047959970180831,0.0
0.19729036105890504,0.20009133973510188,0.1834340997621202,0.21106034155579995,0.208123857888073,0.0
0.20026188261714425,0.20193534643769642,0.1870808053958201,0.2089261396213014,0.20179582592803788,0.0
0.19790605649433862,0.19576691632566004,0.1893781290620778,0.21248851680341738,0.2044603813145062,0.0
0.19798206084428444,0.1939626990039392,0.19176377682913617,0.20937709710562752,0.20691436621701265,0.0
0.199336102447661,0.20219141211696326,0.18932124138832468,0.20634954982053574,0.20280169422651528,0.0
0.19988180514678944,0.19859717665639462,0.18697474963210622,0.20762615441694515,0.20692011414776457,0.0
0.19985132197935948,0.1996412089624353,0.19086190221846103,0.2094605045715553,0.2001850622681889,0.0
0.1990860360106645,0.19909954040216693,0.18868126738175697,0.2089582435133065,0.2041749126921051,0.0
0.19808331476253688,0.1957148136971455,0.19299930278809976,0.20968948275057012,0.20351308600164783,0.0
0.20018290317440177,0.2020837097388412,0.1879887035261153,0.20594872319204113,0.2037959603686005,0.0
0.204682998427784,0.20490656013797334,0.1814182456142825,0.207982503966355,0.20100969185360512,0.0
0.20095926323010366,0.19922986959279032,0.18654210961322562,0.20745221708273748,0.20581654048114284,0.0
0.19854168734782232,0.20414172615928916,0.18351407683455181,0.20828157028376293,0.20552093937457377,0.0
0.20142365276530483,0.20078417453034977,0.1891316064193187,0.20639354334932908,0.20226702293569762,0.0
0.19759708094265738,0.19985267665175385,0.18712432116186223,0.20951657871858176,0.20590934252514465,0.0
0.19597991837935372,0.20002392772687297,0.18658114888802652,0.21066834326564135,0.20674666174010545,0.0
0.2,0.2,0.2,0.2,0.2,0.0
0.20037554950393682,0.20196897781407347,0.18373731793236486,0.20917049180213723,0.2047476629474874,0.0
0.19970747559115273,0.20494863414485281,0.18825274038862683,0.20437724326335044,0.20271390661201713,0.0
0.1988400212954077,0.19960900939345078,0.18897638916836287,0.20910672750041973,0.20346785264235887,0.0
0.1966541041234788,0.1995615429282131,0.19069891775555378,0.2084428605773642,0.20464257461539007,0.0
0.1997503370381569,0.20378865411971214,0.18927886548382758,0.2042714064556817,0.2029107369026216,0.0
0.19793151420511598,0.20367828035088736,0.18563563665913177,0.2072447163227836,0.2055098524620814,0.0
0.19952776329402042,0.20147430776662487,0.18804767824770935,0.2085333931958985,0.20241685749574687,0.0
0.19825067397089066,0.2022639327500103,0.18692247563647466,0.20582905784440764,0.2067338597982167,0.0
0.20017220396564572,0.19751879886969864,0.18789406028589117,0.21296934624133934,0.20144559063742504,0.0
0.19847835141671683,0.20558556839736258,0.18706016577828108,0.20736122499478798,0.20151468941285158,0.0
0.1994606378709807,0.2059482886680377,0.18750823500863842,0.2049875147463005,0.20209532370604275,0.0
0.20103477196323377,0.20377064751029322,0.18719904869643877,0.20645656098038198,0.2015389708496522,0.0
0.19697673061551263,0.20212704127347733,0.18382147991165984,0.2097477291926122,0.20732701900673806,0.0
0.19947874535868593,0.19889480224790354,0.1900012940540624,0.21122194687056955,0.20040321146877854,0.0
0.19884434649018282,0.19489212620940616,0.1875335175239139,0.21009443070027986,0.20863557907621721,0.0
0.19893630770934045,0.20530656001522574,0.18672594001008558,0.20535802616403342,0.20367316610131486,0.0
0.1979397450017667,0.19825617698311282,0.1902244429752922,0.20847309542604897,0.20510653961377937,0.0
0.19700516564442275,0.19993029027254508,0.1894996960199175,0.21040067775036725,0.20316417031274744,0.0
0.19870487137257345,0.19912851817789182,0.18776494594159399,0.21202118807869466,0.2023804764292461,0.0
0.19981597009947502,0.1993618002491609,0.1893968314079103,0.20900139167654985,0.2024240065669039,0.0
0.2010149171469017,0.20016437246260596,0.1841417370859724,0.208811243032703,0.20586773027181707,0.0
0.19848342925833076,0.20350889135283118,0.18775572311518932,0.20593078309653495,0.20432117317711374,0.0
0.1958555339650068,0.197708453151836,0.18997127895989446,0.21232087137031116,0.20414386255295167,0.0
0.2023729762717259,0.19908201636296977,0.18626782460165023,0.2063902602245855,0.20588692253906854,0.0
0.19876740241113386,0.20543832196584552,0.18360244460182085,0.20715484681313562,0.20503698420806424,0.0
0.19907378238603088,0.200112641274742,0.1879538225005278,0.20944233242539795,0.20341742141330138,0.0
0.19929841792738606,0.19360953985917476,0.1922052589772138,0.2114749372620468,0.20341184597417858,0.0
0.1974543014447197,0.1956333546700796,0.1883500024097794,0.20940847202382185,0.2091538694515994,0.0
0.19870260090948347,0.19884405038787,0.18620530574198854,0.20968589708037375,0.2065621458802841,0.0
0.19715044326111408,0.20065828576065864,0.1903720564608993,0.21054446386929093,0.20127475064803707,0.0
0.19782753553281507,0.1993583066993468,0.18541030476500917,0.2096046924382498,0.20779916056457914,0.0
0.19979049198803245,0.20433473560087867,0.18828569983557883,0.20561800131448676,0.20197107126102326,0.0
0.20017475220198935,0.19715166499320275,0.18484612834309502,0.21193645996051458,0.20589099450119827,0.0
0.19950023997903985,0.20478776637798396,0.18576967581215892,0.20911695262414803,0.20082536520666924,0.0
0.20014188668266825,0.19897375425553016,0.19138908698474325,0.20638365392013439,0.20311161815692402,0.0
0.19695276732080347,0.20274259725176952,0.18356780918168034,0.20972234672019252,0.20701447952555413,0.0
0.19945687697934686,0.20325754460695472,0.18637328125507888,0.2055796951910751,0.20533260196754446,0.0
0.19921273673396206,0.20443883057584072,0.18732595028540402,0.20613114001676391,0.20289134238802917,0.0
0.19866843325828462,0.20185274413614537,0.18930353884530451,0.2097668946262281,0.20040838913403733,0.0
0.2015453211917778,0.20140646366397869,0.18823891628525427,0.20755912374472713,0.2012501751142622,0.0
0.1974597781929583,0.19685208585836475,0.19159794182364817,0.20955521076071648,0.2045349833643122,0.0
0.1990527166684203,0.20349352942399324,0.1877050747060519,0.20475273694360252,0.2049959422579321,0.0
0.20018230426542344,0.198429875357522,0.1864109636163487,0.21185459721063576,0.20312225955007007,0.0
0.2018250051953327,0.19783474345021937,0.1900577741220445,0.21041086515668714,0.19987161207571624,0.0
0.19667009733549004,0.1973820700403799,0.1903974548311289,0.20947561433547146,0.20607476345752962,0.0
0.1989550235215807,0.19430469815044185,0.18905366042568295,0.21079756035959085,0.20688905754270376,0.0
0.19805348448775062,0.20344371389677318,0.18807483315130277,0.20581624328645862,0.20461172517771473,0.0
0.19918155982699384,0.19676812873485935,0.19028802626173072,0.21075559170665722,0.2030066934697588,0.0
0.19620855158189893,0.1953936876402373,0.1919036712173993,0.20991453685510203,0.20657955270536246,0.0
0.1977342164566247,0.20191527065012216,0.18683150300414275,0.2099598246395523,0.20355918524955802,0.0
0.199443186568649,0.20439846776830425,0.187829621732545,0.20648486020751447,0.20184386372298732,0.0
0.19855940489035726,0.19915492843155902,0.18496065769910966,0.21091605594362373,0.2064089530353502,0.0
0.1974445412670128,0.196672394500275,0.19155328305850586,0.20771870219645155,0.20661107897775477,0.0
0.19923625866786232,0.20032573552929175,0.1887375677179224,0.2085206930200277,0.20317974506489578,0.0
0.19932946077381203,0.2042666043459539,0.18880525443170035,0.2051003341811099,0.20249834626742386,0.0
0.19854411774066602,0.20493868894461678,0.18445082970632384,0.20812469267328484,0.2039416709351085,0.0
0.1987838268048865,0.20449930858487927,0.18655395754158685,0.20756069971213612,0.20260220735651124,0.0
0.19664256879123235,0.20088479085680194,0.19065335254782997,0.2105768463039508,0.2012424415001849,0.0
0.20509740575663807,0.20414336127625857,0.18586214271020463,0.20637848492823752,0.19851860532866122,0.0
0.19905032900850986,0.20384853063804056,0.18760223411965624,0.20696607889729293,0.20253282733650044,0.0
0.19888787977838007,0.1975266734677457,0.19361650859084675,0.2058736902791227,0.2040952478839048,0.0
0.19713946681685068,0.20322566081747986,0.18765113404396586,0.20855892167721066,0.20342481664449297,0.0
0.19682901589780769,0.20024185071625816,0.19141116768538383,0.20957909879793227,0.20193886690261803,0.0
0.20035456692553932,0.19980483567349608,0.18997060133123642,0.20589365206007104,0.20397634400965717,0.0
0.2004768682361026,0.19856483927702723,0.19012809739396636,0.2090141278970189,0.20181606719588485,0.0
0.20620927197193964,0.20282277716853037,0.19109016607428173,0.19519310897880554,0.20468467580644276,0.0
0.20091215925334593,0.20110646919646585,0.18594411501801147,0.21245239473633348,0.19958486179584314,0.0
0.19776702716603364,0.19279355793535044,0.1924689031645185,0.2118622179203047,0.20510829381379275,0.0
0.20001416516412415,0.20193329395937432,0.1876722605134028,0.20591336589732043,0.20446691446577814,0.0
0.2004914680713242,0.20025880378670527,0.18817468391785677,0.21114347011167386,0.19993157411243992,0.0
0.19894581820800175,0.20267274795871867,0.18605111159278623,0.21229997221065708,0.2000303500298363,0.0
0.19867192985092963,0.19789527769412935,0.19244947485218275,0.2097929642862197,0.20119035331653848,0.0
0.19697263114104763,0.20219845997104857,0.18726060051402332,0.20825261935555284,0.20531568901832759,0.0
0.19498827276750566,0.20033649040877863,0.18981926985708858,0.21080772886439347,0.20404823810223371,0.0
0.19878513155538627,0.2022880800140857,0.18741008622262392,0.20948821403257445,0.20202848817532967,0.0
0.1989953626007201,0.2058942545652207,0.1860926200559679,0.20551631197359754,0.2035014508044938,0.0
0.20002331591950265,0.19652686958839688,0.18823047655914,0.21213412789591324,0.20308521003704738,0.0
0.19637293538228878,0.19552830903981402,0.19092472179672876,0.21110338414092042,0.2060706496402481,0.0
0.19532020157647792,0.19841350368732044,0.18999082425732455,0.20780084100615667,0.2084746294727204,0.0
0.2029900966645696,0.20231623229641776,0.1864760554138218,0.2059981544647211,0.20221946116046957,0.0
0.19996716994935507,0.20376563338025533,0.18743210665045418,0.2074168902384314,0.20141819978150402,0.0
0.19705385062853537,0.20300089922758155,0.18671327118296077,0.20957474966912468,0.20365722929179772,0.0
0.19925340492335814,0.20347235285368354,0.18661906454927804,0.2079088932409273,0.202746284432753,0.0
0.19881030719805226,0.20201120382569282,0.18961207674235692,0.20759273743660459,0.20197367479729342,0.0
0.1982983073381173,0.20018400944052617,0.18445678783080385,0.20746799356846723,0.20959290182208543,0.0
0.1985689182523937,0.20212962398768852,0.185153124326523,0.2072453703984287,0.2069029630349662,0.0
0.19941563782721217,0.2047325110743765,0.18749215885752232,0.2059662268426389,0.20239346539825004,0.0
0.20324912434124678,0.20514840769186682,0.1880685843636019,0.20399885860581082,0.1995350249974737,0.0
0.19828190619722455,0.19917582582584986,0.1895002549595857,0.20818246453514147,0.20485954848219853,0.0
0.20012992634547072,0.19588709868979515,0.1883742801750596,0.21093757568152002,0.20467111910815441,0.0
0.20063159751460216,0.20223494143604306,0.18623460838164005,0.2054061786079697,0.2054926740597451,0.0
0.19921482546838545,0.20110668687637107,0.18947686096387562,0.2084289112845098,0.20177271540685807,0.0
0.19813322440269523,0.20196096012437995,0.18862053763239991,0.20842592179192337,0.20285935604860147,0.0
0.19881965170498175,0.20069519418462206,0.185531725055484,0.2098357945758491,0.20511763447906306,0.0
0.20146904442278524,0.19882286060778293,0.1869037428649605,0.20783920008176598,0.20496515202270543,0.0
0.20215051614446644,0.1972473180182147,0.18765757087791787,0.21246239970592634,0.20048219525347474,0.0
0.1991746304095399,0.20088305109325497,0.18673229193659738,0.21333778941119813,0.19987223714940955,0.0
0.19909575252639708,0.20087853759577434,0.19267427498513456,0.2071085180969429,0.20024291679575107,0.0
0.1988994043863997,0.20062220712533985,0.18977368668231676,0.20808808469957663,0.202616617106367,0.0
0.20102956197403352,0.20478932276812392,0.1869961919795435,0.2033766368519603,0.2038082864263387,0.0
0.19961428499808673,0.20352685917671703,0.18298788257770854,0.20841888138415396,0.20545209186333369,0.0
0.19937928064164118,0.2054140928214432,0.18505623507673105,0.20623961727120194,0.2039107741889827,0.0
0.2010306580483825,0.20341281763560143,0.18754639339062415,0.20422290178766417,0.20378722913772776,0.0
0.20044750974298123,0.2035981186659801,0.18686408853684153,0.20708943859843632,0.20200084445576083,0.0
0.20007038245175623,0.19867771242124846,0.19139275366590844,0.2060582312434081,0.2038009202176789,0.0
0.20079140673548712,0.19909850915131921,0.18954157541035366,0.2072473592167015,0.20332114948613855,0.0
0.1998477668457902,0.20631169743070096,0.18194155280003316,0.20592737086351887,0.20597161205995676,0.0
0.19600560948746545,0.19650219845181052,0.19208740057180146,0.20834089536351444,0.20706389612540804,0.0
0.19774442817460877,0.20574736358397044,0.18524450274605386,0.2064434165578827,0.20482028893748425,0.0
0.19923221942492575,0.20321014004291296,0.18544401920800227,0.20800447892262952,0.20410914240152964,0.0
0.1988526068515211,0.19639535565202276,0.18914475541249579,0.21260015862077472,0.20300712346318567,0.0
0.19801228002197271,0.20257569320437027,0.19230517164000355,0.20689592543158264,0.2002109297020708,0.0
0.20079500951944443,0.20415798242695382,0.1878380040928205,0.2046235653827842,0.20258543857799705,0.0
0.19748372706707654,0.2052796892690427,0.1884926515529433,0.20506013100418263,0.2036838011067548,0.0
0.1985734713472184,0.20653931554102017,0.1807005298603368,0.20828870757449588,0.20589797567692883,0.0
0.19595885512056987,0.20100113052523993,0.18609149318035303,0.20911435526123018,0.2078341659126069,0.0
0.1965742509585923,0.19310196713777925,0.19347264869249747,0.21396043125783573,0.2028907019532952,0.0
0.20166201486044183,0.20211945690527275,0.1890887022542491,0.20659374531091207,0.20053608066912437,0.0
0.1989133125722784,0.20489954549916134,0.18672653835079456,0.2052173539366979,0.20424324964106777,0.0
0.19956199988070117,0.20519151738633024,0.18572092074760146,0.2058421652675448,0.20368339671782226,0.0
0.2011362352617929,0.19912238750996372,0.18884824241151216,0.2089436833486683,0.2019494514680629,0.0
0.20129444723337492,0.20059748186660398,0.18814542935769957,0.2077898482861637,0.20217279325615786,0.0
0.19855083995536396,0.19956822930889964,0.19016892491488924,0.20679173253386463,0.20492027328698245,0.0
0.1994345142504068,0.20541379188156816,0.18754016062994255,0.20490105341912657,0.20271047981895596,0.0
0.19899666373904037,0.1996472149347901,0.18427277515521379,0.20974840901125982,0.20733493715969592,0.0
0.19820716388104498,0.2015858465917328,0.18822920392919384,0.2068451525753136,0.20513263302271484,0.0
0.19839528349718039,0.19983878855884268,0.1846608471719197,0.2087840683939668,0.2083210123780905,0.0
0.19986990870370147,0.196726068972456,0.19244035180102337,0.20978440956548663,0.20117926095733263,0.0
0.1991399756034634,0.19948862711693902,0.19196477168361858,0.20815414040267474,0.2012524851933043,0.0
0.19901785697224075,0.20155166638355143,0.18415507133905873,0.2075291736641134,0.20774623164103576,0.0
0.19706958562623286,0.2046443088781421,0.18426298584069908,0.20819650023320133,0.20582661942172467,0.0
0.19765238801489907,0.19931384464731022,0.18734098607538902,0.20800382498539954,0.20768895627700215,0.0
0.20002633370177236,0.2012111105007008,0.1885530923543084,0.20631044794686298,0.20389901549635536,0.0
0.2013421747960095,0.20087498959800099,0.1951958298416079,0.19847149895347121,0.20411550681091034,0.0
0.19989354912004995,0.1974348726160004,0.1935552299698225,0.20860018402901803,0.20051616426510907,0.0
0.1994067992504279,0.20030231700238907,0.18615899766298916,0.21072534665734946,0.20340653942684422,0.0
0.20494137184847433,0.20150129930684887,0.18796434974144804,0.20376442445203255,0.20182855465119603,0.0
0.2000405744124396,0.20278515618221785,0.1886129815520441,0.20526357688827035,0.20329771096502797,0.0
0.19759263165478552,0.20660583638277788,0.18111785985187098,0.2090005891123854,0.20568308299818028,0.0
0.19979377743196844,0.19456743078936695,0.1973059591720947,0.2085926681428861,0.1997401644636838,0.0
0.19847380260833114,0.2040008810543829,0.1879059758553149,0.20755156556435278,0.20206777491761835,0.0
0.19715056269547818,0.2046950645750803,0.1881279208605881,0.2058514278283788,0.20417502404047458,0.0
0.19982642772297554,0.19717262598266364,0.18609228896521868,0.208714267290755,0.2081943900383871,0.0
0.19900507537605078,0.19711540549480516,0.186822846252568,0.21181735818046682,0.20523931469610934,0.0
0.20280860542774254,0.20219378335132573,0.1891234541277977,0.20641841704551522,0.19945574004761873,0.0
0.1982647896034392,0.19319769384679034,0.18976243560156586,0.21091968825410926,0.20785539269409534,0.0
0.19724707171938202,0.20318788917764616,0.18661705389211256,0.21191718436890256,0.2010308008419566,0.0
0.19820750851636376,0.2065990055130299,0.18655558773844128,0.20554529948902506,0.20309259874314006,0.0
0.198697314879297,0.20515350118428,0.18487056116019918,0.20754454241823198,0.2037340803579919,0.0
0.19567257358234474,0.19718233614704192,0.18797213911699304,0.2099414173690752,0.20923153378454526,0.0
0.20295130551388132,0.20122643311535282,0.18497048192825521,0.2068528768688747,0.20399890257363593,0.0
0.19769813315750315,0.20470904499387926,0.18479646795490978,0.20821881762584063,0.20457753626786718,0.0
0.19864146403201685,0.20309550384239108,0.18776123112854753,0.20919579900879026,0.20130600198825427,0.0
0.198087787395834,0.20495018838336826,0.1857056194330246,0.20703648948547324,0.2042199153022999,0.0
0.20074740500085614,0.20242858444571785,0.1881984953497206,0.20440427075930181,0.20422124444440357,0.0
0.2062767707907112,0.20203186019532815,0.19278161796027088,0.20106446598334438,0.19784528507034543,0.0
0.19839572289373797,0.19951442883715448,0.18861300410032283,0.2081105860225904,0.2053662581461943,0.0
0.1975850354733671,0.2018317921547267,0.18482828369307785,0.20820752208625745,0.20754736659257092,0.0
0.19954303313179333,0.19878518023162098,0.18897552420658686,0.21012774019906488,0.2025685222309339,0.0
0.2005134495002588,0.19694421433295484,0.18408614157526043,0.21064118573389562,0.20781500885763043,0.0
0.1969359609318513,0.20357166624235887,0.18705054674865265,0.20954802622593224,0.20289379985120487,0.0
0.1973899858629374,0.1989050492047637,0.1879717850316524,0.2088054058107654,0.20692777408988103,0.0
0.19800033958229224,0.2002269559267247,0.18325429405091828,0.21063613086674782,0.20788227957331687,0.0
0.199332817985411,0.1900354746185483,0.204988156507385,0.2036250552608636,0.20201849562779206,0.0
0.19665694708257545,0.19405049753285936,0.19271374794320167,0.2122248541845573,0.20435395325680628,0.0
0.19592428114052746,0.2011692707775597,0.18861191322707346,0.20896007419380697,0.20533446066103253,0.0
0.1997777873039694,0.20178142430528284,0.187364256265025,0.20795734826373097,0.2031191838619918,0.0
0.19824516810895368,0.1984758922144909,0.18776820465583455,0.20926894623022319,0.20624178879049776,0.0
0.19885761450021056,0.1999199379547114,0.18488712166789578,0.2089964860688717,0.20733883980831044,0.0
0.1978105156532116,0.1984767425265223,0.19096751119915395,0.21154013550240147,0.20120509511871068,0.0
0.2000253798157548,0.2049336516595677,0.18784610383680625,0.2052843385195779,0.2019105261682933,0.0
0.19938628783890855,0.19854616495953786,0.18824145722107974,0.21138292670919454,0.20244316327127937,0.0
0.1988200979715249,0.205947307912705,0.18570804199949018,0.20736618935305132,0.20215836276322843,0.0
0.1974368409268953,0.19676322086954215,0.19392022814381452,0.20820858928406652,0.20367112077568142,0.0
0.20073740318138172,0.20045862620602908,0.1828763135438346,0.20858848466582988,0.20733917240292468,0.0
0.19876935918463595,0.20282908762526713,0.1844162393893401,0.21070715527470082,0.20327815852605588,0.0
0.1993870653395871,0.20405932276695743,0.1876372265532367,0.20911176808202925,0.19980461725818952,0.0
0.1994709267451291,0.2016506758176615,0.19037847198142957,0.2083627733269399,0.20013715212883995,0.0
0.20355282874683564,0.20420466401662063,0.18418078034539617,0.20769098733746386,0.20037073955368367,0.0
0.19914359998636885,0.2052664005213657,0.18497617247386078,0.20760555139637576,0.20300827562202883,0.0
0.20137775248864448,0.19778164912343082,0.18442546193699735,0.21071855309689924,0.20569658335402796,0.0
0.19990895195490088,0.20238053480001428,0.1897022569153017,0.20558664913548572,0.20242160719429753,0.0
0.20315477043824645,0.19716051841028362,0.18873729725405775,0.2090750436746165,0.20187237022279567,0.0
0.1966836547643377,0.20326886647636538,0.18335852191325028,0.20948045610818702,0.20720850073785954,0.0
0.19836080832692257,0.20192868106532164,0.19737590657234882,0.2021406665094145,0.20019393752599238,0.0
0.20002583233258392,0.20387470786364198,0.1873676929311575,0.20624732680609342,0.20248444006652316,0.0
0.19911603789940052,0.1977793807800103,0.18927900842948067,0.20961216914165745,0.20421340374945102,0.0
0.19815599539208192,0.20591792386789684,0.18501292358671528,0.2081669299551348,0.20274622719817115,0.0
0.19407964683877185,0.20436364749813993,0.18735632850193984,0.21003830975365587,0.2041620674074926,0.0
0.19723341040086123,0.20363598020917384,0.18735472609838685,0.20697628432182816,0.2047995989697499,0.0
0.19995546438011125,0.2024452408697693,0.19019511276455325,0.20624889298973834,0.20115528899582794,0.0
0.1976877056465868,0.20535623992171212,0.18590903869142567,0.20506079800625648,0.20598621773401882,0.0
0.19929885046935086,0.2006525743046888,0.18550743511270787,0.20653367479176113,0.20800746532149125,0.0
0.2002460194085725,0.20052028779894357,0.1904425535140309,0.2068390445810657,0.2019520946973874,0.0
0.1992756460848321,0.20035012664372578,0.1878026280893591,0.20804893868146968,0.20452266050061335,0.0
0.19740750150427847,0.1913961601224178,0.20809136655527927,0.20504687838572672,0.1980580934322977,0.0
0.19701495270957042,0.20047820621920195,0.18593988818845483,0.21061485264398297,0.20595210023878982,0.0
0.19778280387291844,0.20298948680675227,0.1957032709866149,0.20695274886574952,0.1965716894679648,0.0
0.20075372873160277,0.19961077547858935,0.19711055184057363,0.20448435566908102,0.19804058828015322,0.0
0.2016397716488011,0.2009325303614168,0.18707415971297323,0.20713656899233168,0.20321696928447722,0.0
0.19697049361895472,0.19749654660486185,0.19077145832256032,0.20885215706687402,0.20590934438674904,0.0
0.20017412931517162,0.20326546443162244,0.1885141289720738,0.20447165002129375,0.20357462725983844,0.0
0.1978567231539094,0.20034129504622405,0.18497771779211802,0.20916666736812284,0.20765759663962569,0.0
0.20058028692150728,0.19633762149836972,0.18773827958932657,0.2113478633010251,0.20399594868977125,0.0
0.19916775008149348,0.20072159835426795,0.18334845828250235,0.20999450961137336,0.20676768367036297,0.0
0.19812968037901807,0.20150377936959674,0.18482812398832246,0.20906362254244884,0.20647479372061384,0.0
0.19900393197353936,0.20025611202933088,0.18788314440541412,0.20888032401964066,0.20397648757207484,0.0
0.19966865850547505,0.20302190701354092,0.18626035008821742,0.2074679543126061,0.20358113008016046,0.0
0.20436527279659739,0.2023935335848498,0.18890177692083837,0.2001252283662073,0.2042141883315072,0.0
0.19861984269651065,0.1996563406968918,0.19004681113800218,0.21057159678548537,0.20110540868310997,0.0
0.19992527067325683,0.20214394558872198,0.1907001612936735,0.20586698100018685,0.20136364144416077,0.0
0.19919202343017098,0.20119504170768984,0.19175626329917544,0.207400659522367,0.2004560120405968,0.0
0.1996871210732116,0.19902063405993317,0.18876628985947969,0.20663165549336876,0.20589429951400687,0.0
0.19737707255042872,0.19979234221047404,0.1888360308250481,0.21027971428212489,0.20371484013192412,0.0
0.198365630959602,0.1978453412747947,0.18704585300352897,0.21358117603877153,0.20316199872330265,0.0
0.19696767295288425,0.19892561440343884,0.18818766603392012,0.21277795615577383,0.2031410904539829,0.0
0.19861133838751235,0.20573775205183925,0.18626093095436788,0.2056247769782808,0.20376520162799974,0.0
0.2001028950978822,0.19601354783337024,0.1915655051304428,0.21091512526952988,0.20140292666877488,0.0
0.19747521431129833,0.19961123690806498,0.19117356066465666,0.21034405839752235,0.20139592971845777,0.0
0.19825521882592997,0.2030860510736644,0.18643356013694115,0.20954382366721203,0.20268134629625248,0.0
0.19991484726612718,0.200109656763791,0.1871883801870151,0.2101387495172004,0.20264836626586646,0.0
0.1986133803039719,0.2012466810685008,0.1897026641102124,0.2068747994631183,0.20356247505419656,0.0
0.19749483144449584,0.1999613297873882,0.1857137441350692,0.21000661727000042,0.20682347736304632,0.0
0.198296841268575,0.2007866856597542,0.18753846460640253,0.20722554332017026,0.20615246514509802,0.0
0.19787226860941798,0.20172602036729695,0.18339715891842925,0.21208500266124283,0.20491954944361299,0.0
0.2000130304369768,0.2007201472682609,0.18600391977172465,0.2108518772063054,0.20241102531673225,0.0
0.2001051689404977,0.19440611813127281,0.19069074016254245,0.21212691934869762,0.20267105341698927,0.0
0.19879424777824564,0.19726741314216772,0.18997014695299422,0.20912634093983762,0.20484185118675466,0.0
0.19807487172295293,0.20658167605021813,0.18468446474557937,0.20597128921821808,0.20468769826303163,0.0
0.20415223711564165,0.19946618922365927,0.19313513003284322,0.19594106975703704,0.2073053738708188,0.0
0.20079736163759543,0.19739878991190135,0.18928827511995439,0.208730780089624,0.2037847932409247,0.0
0.1972289506404183,0.20201968367410922,0.18443232968596476,0.2117996599089263,0.20451937609058146,0.0
0.1967608745397014,0.19634610992020982,0.18699923121722833,0.2131666836628078,0.20672710066005265,0.0
0.2026072860788525,0.20209051083607685,0.1888695129561575,0.2030941456967997,0.20333854443211344,0.0
0.19741679779909543,0.20297330551826634,0.1877749957860552,0.20692956736417095,0.20490533353241203,0.0
0.19791187510886157,0.19685219056654948,0.18902288161143158,0.21109040456725292,0.20512264814590442,0.0
0.1998474338777135,0.2043482986519402,0.18723128474448797,0.2070331365424476,0.20153984618341073,0.0
0.2023696996862078,0.1998837568091216,0.1959787301890051,0.2034386692822684,0.198329144033397,0.0
0.19789961767693337,0.19878954931124015,0.18984396348203708,0.2066371271025354,0.206829742427254,0.0
0.19997132146576724,0.2008557338618595,0.19678448638993204,0.20200749026467185,0.20038096801776942,0.0
0.1990182641366781,0.1996638066600985,0.19001016426870015,0.2071697606766236,0.20413800425789969,0.0
0.19645506843184454,0.1951506972855888,0.19122330617235409,0.2110131297928418,0.20615779831737072,0.0
0.19816389238894327,0.19452662736034632,0.19276448212673516,0.21063800104298977,0.20390699708098547,0.0
0.19823592152896538,0.20451268305438527,0.18215780796249656,0.20824036826315567,0.20685321919099714,0.0
0.1963865142943,0.20551191635952104,0.18577948087299162,0.20645639153896875,0.20586569693421852,0.0
0.19727743711704285,0.20406406616665096,0.18479167269551822,0.20806448775300856,0.20580233626777944,0.0
0.19899679761637226,0.20162580573051175,0.18637180389329375,0.20621500250029848,0.2067905902595239,0.0
0.19643017187540496,0.2007139088085052,0.18838839236359028,0.21078650871233165,0.2036810182401679,0.0
0.19951465967746135,0.20038398573800192,0.18833532846683887,0.20745676940796487,0.20430925670973282,0.0
0.20495331475400377,0.20373459572273242,0.18565269300287143,0.20899016340735613,0.1966692331130362,0.0
0.1959030278922135,0.19817534903383807,0.19010017775529,0.20986326837674446,0.20595817694191407,0.0
0.1985114694941214,0.20224310458157188,0.1865355891366603,0.20718313014519762,0.2055267066424487,0.0
0.19800805764515045,0.19419045880931074,0.19255404903818688,0.2112650171890008,0.20398241731835115,0.0
0.1970843081380091,0.19376990999311308,0.20341153757839794,0.20336793479069795,0.2023663094997819,0.0
0.1959095353549294,0.2004282688105683,0.18272590246769344,0.21260146849357653,0.20833482487323232,0.0
0.20004347952520193,0.19806722808944457,0.18753041820811794,0.20908949803632437,0.20526937614091104,0.0
0.19867528450070165,0.20257826242662902,0.18759292770816172,0.20900926283130553,0.2021442625332021,0.0
0.19842311787627678,0.20557404995708276,0.1870427279946859,0.20612869540417694,0.20283140876777764,0.0
0.20355302320022464,0.2020265513871679,0.18639540470390026,0.20575347103992425,0.20227154966878302,0.0
0.19801812049579168,0.2018532081686063,0.1832402308337274,0.2118910219554306,0.20499741854644396,0.0
0.19844866005034126,0.20502901422513597,0.18282349286873556,0.20717492007421434,0.20652391278157298,0.0
0.19970624158552053,0.19734050129828018,0.18865037351307645,0.2092615627391476,0.2050413208639751,0.0
0.19907780200436945,0.20072795915915095,0.19053919773084518,0.20693093531230644,0.2027241057933281,0.0
0.20019804732648666,0.20387989119163968,0.20214872685426954,0.1967225848766363,0.19705074975096784,0.0
0.19674578433397685,0.18795565505145137,0.206852449214829,0.20592230334803427,0.2025238080517086,0.0
0.19944821933745904,0.20246240552046613,0.1857872301120476,0.20663916122030657,0.20566298380972067,0.0
0.199280097902341,0.20015391696399398,0.19216724791724796,0.2059727490437152,0.20242598817270185,0.0
0.1982660818598728,0.19634043965885378,0.19087801622413392,0.20913318561648797,0.2053822766406516,0.0
0.19763074399795685,0.20080483871471594,0.18529098703624028,0.20999670072291104,0.2062767295281759,0.0
0.19923955804689022,0.20481964860042096,0.18649927738501604,0.20473572462792267,0.20470579133975011,0.0
0.19604678796375893,0.1986074355374825,0.18865992328740644,0.2090843426464705,0.20760151056488158,0.0
0.1972321559238244,0.19992587492454095,0.18930464053090293,0.21033086660031464,0.2032064620204172,0.0
0.20017942668390418,0.20193604240026192,0.18829733173157095,0.20537064452394135,0.20421655466032165,0.0
0.1976379525838758,0.20318069778378298,0.18414443670505135,0.20615052337992132,0.2088863895473687,0.0
0.19938274605496126,0.20477728550786456,0.18503503891777293,0.20488853653138517,0.20591639298801617,0.0
0.20328892316185482,0.2033177868674408,0.18881353729974687,0.20558425775104128,0.19899549491991628,0.0
0.19893783534103102,0.19729223959187386,0.18604610171895183,0.21021106281364643,0.2075127605344968,0.0
0.19729799559578598,0.19693915589892985,0.18567714168823038,0.21153316410505324,0.20855254271200058,0.0
0.19942145110021112,0.1939213467402132,0.19133060900819202,0.2116402646998302,0.20368632845155346,0.0
0.19701381882867058,0.19262414442167908,0.19464202039826406,0.211206520553654,0.20451349579773231,0.0
0.19980633457864666,0.20466157297408283,0.18845548851662294,0.2053992488916972,0.20167735503895032,0.0
0.1985139862258304,0.2016252207242499,0.18820646989364836,0.20629367484732541,0.20536064830894593,0.0
0.19800710675464905,0.1976646356473446,0.19211891035981105,0.2101801530423353,0.20202919419586007,0.0
0.20265015913418538,0.19927983522937334,0.18783135079370877,0.2069907187325619,0.20324793611017056,0.0
0.19887149901695503,0.1961969809847261,0.18718249046901567,0.21170014603719578,0.20604888349210748,0.0
0.19638980585033342,0.2004724389004779,0.18650077890490357,0.2093087493233946,0.20732822702089052,0.0
0.1976065791093708,0.19938723292176103,0.1884321266083486,0.20891231032469879,0.2056617510358208,0.0
0.19786026877299306,0.19785498016168504,0.18365058507996274,0.2114212102477995,0.20921295573755957,0.0
0.20236525092956356,0.20592271267454984,0.18640356469666255,0.20701819310452307,0.19829027859470097,0.0
0.20236039056610272,0.2008765770052583,0.18875387485395975,0.20578511997875662,0.20222403759592247,0.0
0.20300719099467496,0.2022464920416879,0.18910646351662988,0.2052524552857709,0.20038739816123638,0.0
0.1954141784146723,0.19201159439422438,0.19664187647537731,0.21150921474893739,0.20442313596678863,0.0
0.20155377380734135,0.19699093605948448,0.18736794191616774,0.20977909719786356,0.20430825101914302,0.0
0.19728927734518814,0.19675200915206653,0.18947928876154446,0.2098292738777284,0.2066501508634724,0.0
0.1977950928354013,0.2016206126210705,0.19180999128846996,0.20606705173079035,0.20270725152426794,0.0
0.19940944049014117,0.20225173368871327,0.18746981901278406,0.20577562004324074,0.20509338676512076,0.0
0.20054941759856762,0.19886827794054562,0.18478342830680264,0.20674322453521998,0.20905565161886405,0.0
0.19834881954919942,0.20002415715230248,0.18395143538842101,0.21005629667565895,0.2076192912344181,0.0
0.2007556438926548,0.2019020937713662,0.18786809101781826,0.20797867015443497,0.20149550116372586,0.0
0.1955112659103643,0.19497613055458446,0.19803000178629357,0.20866853696186172,0.2028140647868959,0.0
0.19753925619286672,0.20000944977247245,0.18325338995353163,0.2072499048183367,0.21194799926279248,0.0
0.19825140142603495,0.20019951198892938,0.18443020404254984,0.20685147898153292,0.21026740356095286,0.0
0.22337174901523063,0.204185793289833,0.18966552332385658,0.19037222594280812,0.19240470842827168,0.0
0.19899537354394595,0.20212558750579396,0.1873821119146657,0.20595512773626914,0.20554179929932523,0.0
0.20354752584503455,0.20142716102651773,0.18700740475945202,0.2061115111788832,0.20190639719011258,0.0
0.19672200594376898,0.20346466700224347,0.1890544872662716,0.20673077187114186,0.20402806791657416,0.0
0.19885449732744584,0.19819261102864447,0.19009450182103313,0.2096469700506841,0.20321141977219245,0.0
0.200892640283501,0.1939794539572861,0.1923957163934095,0.2100007041221821,0.20273148524362133,0.0
0.202136568971779,0.20252916773057733,0.18494002347344685,0.20800960622751083,0.20238463359668593,0.0
0.198345379996409,0.20107467604066973,0.18506794858041867,0.2082890262594334,0.2072229691230692,0.0
0.1970020484212501,0.19713044189116566,0.1901954210009682,0.21187922618212704,0.20379286250448897,0.0
0.1981181041081681,0.20279109268870202,0.18461837825763874,0.20930676328847697,0.20516566165701422,0.0
0.1982981802505544,0.19581962742469594,0.1917062677947746,0.21062664780066706,0.20354927672930787,0.0
0.20070194908333255,0.2039133417368678,0.18888488504283257,0.20616032332209397,0.20033950081487312,0.0
0.19904833131544133,0.1984434463462664,0.19090887316267957,0.20824057739880378,0.20335877177680892,0.0
0.1987346650424472,0.20581971073494618,0.18806602972434405,0.2038712186609051,0.2035083758373575,0.0
0.20113138205355985,0.2045833149216545,0.1867992803336556,0.20764666037159182,0.19983936231953817,0.0
0.20285736077629143,0.20130908524754157,0.18760146397747784,0.20404753354033642,0.20418455645835282,0.0
0.19610020449679522,0.20256519524462646,0.18861880817432464,0.21132991832244638,0.2013858737618073,0.0
0.2008093046528233,0.2006909356912341,0.18535432924853393,0.20932222593624392,0.20382320447116475,0.0
0.19989535323161192,0.2008684829983045,0.18813467100792788,0.2119699420411745,0.19913155072098118,0.0
0.19845165540217036,0.20565684990439384,0.1869289831602136,0.20420446989386265,0.20475804163935965,0.0
0.20197235131734206,0.2057311184467188,0.18315014287784417,0.20704667345758326,0.20209971390051168,0.0
0.2003367646063141,0.19922107022128224,0.18777436461064104,0.21230919180353597,0.20035860875822653,0.0
0.19929062516361004,0.1940076310904252,0.20067462822829935,0.20463344887197074,0.20139366664569472,0.0
0.19796533384694526,0.20423335615692936,0.1863728230995139,0.20676809292248804,0.20466039397412344,0.0
0.19804788974382645,0.20516195888686092,0.18878412828783722,0.2040832426344594,0.203922780447016,0.0
0.19769166877470892,0.20080839137172854,0.18980326568994016,0.2115180408520567,0.20017863331156582,0.0
0.1969339406487038,0.1980039971252313,0.1878643505199514,0.21074016615445715,0.20645754555165635,0.0
0.19622471989153514,0.20173902899917207,0.18636254807347616,0.21064143571804272,0.20503226731777408,0.0
0.19720044059970068,0.19286302265945604,0.19226575724300904,0.20997749079475517,0.207693288703079,0.0
0.19543191225952922,0.19839588815702383,0.189985035107143,0.2095508306118574,0.20663633386444655,0.0
0.19884174090497225,0.19906041417297948,0.18603455292251356,0.2093674941832021,0.20669579781633246,0.0
0.20024765909638664,0.20296650920759626,0.19006431829975917,0.20647014686796003,0.200251366528298,0.0
0.19770262135956426,0.20160672387152329,0.19018189141197356,0.2091080332034541,0.2014007301534847,0.0
0.1990071069996415,0.1988559669385692,0.18510132446628866,0.2106973636015693,0.20633823799393147,0.0
0.19705199706345106,0.20154850735017713,0.19085599725320695,0.2115286554662851,0.1990148428668798,0.0
0.19940509813146298,0.19668915391832456,0.18867917494580666,0.2120022017284223,0.20322437127598342,0.0
0.20093753804779077,0.20088689440660518,0.1980205721085816,0.1999324554795997,0.20022253995742278,0.0
0.20202814111686973,0.19836982803918224,0.18949106404737473,0.20821630284575252,0.20189466395082079,0.0
0.19650919726156274,0.20313117679498385,0.18797293018339226,0.20650586238132426,0.20588083337873692,0.0
0.19893812790161486,0.20260597648964637,0.1844138010577875,0.20990163270512976,0.2041404618458214,0.0
0.2032966227556796,0.20287033888372216,0.18871591592869152,0.20705519880033663,0.19806192363157005,0.0
0.2000581564420354,0.19645884955764595,0.18808783130931087,0.20831070423230458,0.20708445845870327,0.0
0.20039545593963118,0.20315229715006866,0.18843865631396403,0.20447102035905987,0.20354257023727618,0.0
0.1989508798981617,0.20399096432346456,0.1862266379873457,0.2065616408436329,0.2042698769473951,0.0
0.1986379138921487,0.19918166496703596,0.18757349472376267,0.20682375259725314,0.20778317381979947,0.0
0.2009325259869818,0.20238101364153818,0.1857617713773724,0.20804489820217756,0.20287979079193014,0.0
0.19762636123728794,0.19879308616425143,0.1913700332446528,0.20942057976871048,0.20278993958509733,0.0
0.19754858880914697,0.2033517678865216,0.18657358303042965,0.2081591060502456,0.20436695422365614,0.0
0.19970590181062897,0.20030372289081244,0.188356843484669,0.2085486283691643,0.2030849034447253,0.0
0.19904428635114219,0.19766538443142326,0.18791528687660347,0.2137601916409443,0.2016148506998868,0.0
0.20218199646500837,0.19731501840295226,0.19202939976546604,0.206722927154709,0.20175065821186436,0.0
0.19874576250453338,0.2035189693519012,0.18674989994698749,0.2086441359666242,0.2023412322299538,0.0
0.19941824634621083,0.1972701814995338,0.1879365152254074,0.2079092779991778,0.20746577892967016,0.0
0.20074978741529137,0.2033028617490726,0.1850238463968208,0.2066628089536788,0.20426069548513645,0.0
0.19947304076049932,0.2024644059244212,0.1876762418905363,0.2079666787048386,0.20241963271970453,0.0
0.19819022183888688,0.2017995283278794,0.18393461292728444,0.2098518476736928,0.20622378923225645,0.0
0.2030966654032062,0.2027752286048171,0.18966624564515466,0.20463127166091127,0.19983058868591072,0.0
0.19816906967922016,0.18702174178912223,0.2078580174062454,0.20610368261080603,0.2008474885146062,0.0
0.1976578812555038,0.1997957859115943,0.19074649316613387,0.20923335497296994,0.20256648469379807,0.0
0.19940096431386603,0.20069761173426245,0.18811445128200305,0.20907968542064997,0.20270728724921844,0.0
0.19579193381895527,0.1988467106583349,0.19499172613106294,0.20990364412738993,0.20046598526425702,0.0
0.19937494651445198,0.19588384715826848,0.19129809981762008,0.2091713609750602,0.20427174553459929,0.0
0.19849787091865354,0.19904575323040466,0.19020577595997953,0.21011871611240798,0.2021318837785542,0.0
0.19653768890812467,0.20214685129297608,0.18583715487086505,0.21275838874795913,0.20271991618007507,0.0
0.20148412392777765,0.20007047950186985,0.19156549006944687,0.2054668134872324,0.20141309301367336,0.0
0.19878030356119325,0.20236033728507868,0.19031886483412355,0.20634290105676756,0.20219759326283698,0.0
0.2008664457459295,0.1973447441110482,0.18781060045544712,0.2120461749608299,0.20193203472674537,0.0
0.20009348091439705,0.2014681773469632,0.18182751724493965,0.20976994985434266,0.20684087463935735,0.0
0.20065412327713913,0.20339708255983066,0.1854578170866593,0.20615133951390033,0.20433963756247064,0.0
0.19844021018935498,0.19387225624167462,0.20529746859880474,0.20207581917701092,0.20031424579315468,0.0
0.19847265897503233,0.19468285111509892,0.1901838875927307,0.21290439719242776,0.20375620512471027,0.0
0.19894164121649324,0.1965539630846462,0.1922977124231289,0.2089222541404792,0.2032844291352525,0.0
0.198812950702847,0.20456676448289093,0.1869974687964593,0.20621702813577372,0.203405787882029,0.0
0.19850931433084137,0.20045444480717284,0.1843340312204144,0.21194202244791668,0.20476018719365477,0.0
0.19487748026145174,0.19817687903135292,0.1881793895746917,0.20852228795536934,0.2102439631771343,0.0
0.19836936189986648,0.20731925898314538,0.18467546059533846,0.20540796039375944,0.20422795812789035,0.0
0.19909407854382397,0.19706299876830646,0.19065729909371612,0.20871608851713946,0.20446953507701385,0.0
0.1984948030874497,0.20045717161176235,0.1873738774170456,0.20971804085232038,0.20395610703142195,0.0
0.19847248019774086,0.19918317913931005,0.18811761474964186,0.20943493233942806,0.20479179357387917,0.0
0.1989354516857702,0.19998975781480263,0.18601357581894357,0.2128103905532698,0.20225082412721376,0.0
0.1986662646566899,0.19808501425019484,0.1899987903005015,0.2078437427506983,0.20540618804191543,0.0
0.20278581218185393,0.201904535446737,0.1906909434039412,0.20091377842044203,0.20370493054702585,0.0
0.2,0.2,0.2,0.2,0.2,0.0
0.20071770809488645,0.20153184802124005,0.18849973526447572,0.20528142438364105,0.20396928423575675,0.0
0.19491761846409442,0.20401119660898956,0.18649591747681799,0.20917581440044522,0.20539945304965287,0.0
0.20041386438466752,0.19620946792923258,0.19083970481203177,0.21047225446824763,0.2020647084058205,0.0
0.1985699806699822,0.20309983123791958,0.1879340822491749,0.20675515779309273,0.20364094804983057,0.0
0.197862098292251,0.2054085651874908,0.1852946393363093,0.21025047019464985,0.20118422698929914,0.0
0.19792177370620362,0.19994237642066973,0.19089285726434502,0.21081497717726358,0.20042801543151806,0.0
0.19905087460610466,0.1944826211268899,0.19803906085680312,0.20814451381880247,0.20028292959139993,0.0
0.199690198383009,0.20186419279267126,0.18545482176437003,0.20877910544421377,0.20421168161573602,0.0
0.19760906826514751,0.20059726637294045,0.18833679620259192,0.20823042944954062,0.2052264397097794,0.0
0.19938714334460172,0.19817709589754728,0.18984610123831777,0.2095520272710435,0.2030376322484898,0.0
0.19538893465572743,0.19735620599325251,0.1880900635893456,0.20917777215758065,0.2099870236040939,0.0
0.19839405267669147,0.20163862660675913,0.18758169234924787,0.2073994125088357,0.2049862158584657,0.0
0.19663491387894852,0.2061436398869998,0.182815739023583,0.21164477505528506,0.20276093215518362,0.0
0.19968486619127754,0.20289914536004908,0.18466722274919609,0.21045068368072933,0.2022980820187479,0.0
0.19814591107810556,0.20462764804914066,0.1871576354023269,0.20729621374514176,0.20277259172528514,0.0
0.19873563203854996,0.2030772806594121,0.18725799992846084,0.20700803274203003,0.20392105463154703,0.0
0.20147828226176817,0.20263826795265086,0.19084302476841014,0.20622143948067254,0.19881898553649832,0.0
0.20598214238959534,0.2046360621580931,0.19359444900163586,0.19988025806989546,0.19590708838078025,0.0
0.1990993690983741,0.2042513264384875,0.18863092523380234,0.20443042279205476,0.20358795643728128,0.0
0.19825087587142443,0.2013747201322034,0.1870663005020649,0.20759255831658233,0.20571554517772508,0.0
0.1948827377714912,0.19749033552853767,0.1908129028781708,0.21077651353256263,0.20603751028923775,0.0
0.19907526097479156,0.20010067462654224,0.18955463942947723,0.20727064525299016,0.20399877971619873,0.0
0.19765818307028554,0.19652570466391572,0.1863159223682769,0.21157616236660712,0.20792402753091474,0.0
0.20090290366201227,0.19559276741335974,0.2060060052213337,0.20102195566764924,0.19647636803564505,0.0
0.20328369593425225,0.20023772659539998,0.18358823599261465,0.20931216702344282,0.2035781744542902,0.0
0.19757451592065378,0.20428182802466213,0.18408162572826292,0.20745215418476087,0.20660987614166026,0.0
0.19774238454356483,0.20568198867803875,0.1842943682298529,0.21065354211739393,0.2016277164311497,0.0
0.19960009822799818,0.1999237650938326,0.1897010579664491,0.20671879778279034,0.20405628092892972,0.0
0.2012213993958607,0.20358285485962851,0.18463592022332087,0.20752372978500863,0.20303609573618128,0.0
0.19839334497198743,0.2020448144883199,0.18795376959468751,0.20730645674909823,0.20430161419590692,0.0
0.20131477173374077,0.1973053648081242,0.19123107904068617,0.20911319050909358,0.20103559390835532,0.0
0.19686243067099965,0.19770705346963782,0.1884291395966827,0.21487826359645432,0.2021231126662254,0.0
0.19921898968884844,0.20239510130447558,0.18436989483129407,0.20649962777340156,0.20751638640198053,0.0
0.1994595620873958,0.20435811485267358,0.1885369163694226,0.20730595296579862,0.20033945372470935,0.0
0.1994193263181116,0.20208464958539013,0.18433112054050294,0.20793883550402126,0.20622606805197402,0.0
0.1968354931567058,0.19682126703449712,0.18710348003978247,0.21197086169112023,0.20726889807789445,0.0
0.19902330155697046,0.19703377477380174,0.19190102986596397,0.2084258714159061,0.2036160223873576,0.0
0.19898256771114955,0.19852585705724352,0.19084344787542323,0.20843082571297852,0.20321730164320523,0.0
0.19919232413292912,0.20524422853736776,0.1885134221475226,0.20438551044481965,0.2026645147373609,0.0
0.19863168457684974,0.2046497969934325,0.1835918604503538,0.2077698061072794,0.20535685187208455,0.0
0.19702833329571204,0.20743659036866646,0.18421579721409248,0.20786588668478823,0.20345339243674085,0.0
0.1974315107035888,0.20459634573079383,0.18750371547265846,0.20689746678408236,0.20357096130887667,0.0
0.19795462943764552,0.19904051948043602,0.188220228842087,0.21109085558991952,0.20369376664991193,0.0
0.20031332977540434,0.201809308611929,0.18960052559138635,0.2065994955607249,0.20167734046055533,0.0
0.20176272931924122,0.2011812065784561,0.184063577395627,0.20732915363417426,0.20566333307250143,0.0
0.1981080071844886,0.19997810116812595,0.190502903963579,0.2083443246769445,0.2030666630068621,0.0
0.19378807095564493,0.19640572449502752,0.19322924928928525,0.21403217297527147,0.20254478228477069,0.0
0.19708261242074693,0.19757077324785022,0.18724004476700432,0.209716364227345,0.20839020533705366,0.0
0.20490600029612477,0.20384743135935093,0.18941985247279433,0.20420797648797812,0.19761873938375182,0.0
0.20039229904616715,0.2012480095222715,0.1831651725675992,0.2089631520757348,0.20623136678822734,0.0
0.19914950442238838,0.20357847256828884,0.18180604594577787,0.21013976239807686,0.20532621466546816,0.0
0.19768340656736932,0.20422042107068036,0.18730324902818457,0.20697252534475252,0.2038203979890132,0.0
0.1992124835108155,0.19858683666584764,0.190097419612453,0.2102568066723577,0.20184645353852612,0.0
0.20024458346272975,0.20315665326249527,0.18745429486917997,0.20651772997829584,0.2026267384272992,0.0
0.20059107802701454,0.19906987134333326,0.18563440971965056,0.21293448845817567,0.20177015245182597,0.0
0.19999388919968084,0.19930202616017623,0.18605162120064392,0.20798290480821738,0.20666955863128159,0.0
0.2004883854726968,0.20015432912662678,0.1879281978424493,0.2049713160687928,0.20645777148943428,0.0
0.19916284717983068,0.19641851089274728,0.18847824165001026,0.2116872149177782,0.2042531853596337,0.0
0.1992633008599095,0.20483314731627972,0.18472566306746502,0.20681511487256965,0.2043627738837762,0.0
0.1975826798321476,0.20074824980534609,0.18546563284742246,0.21184741978333815,0.20435601773174575,0.0
0.19974789141796123,0.2007224406606583,0.18698566875998512,0.20808656303562903,0.20445743612576625,0.0
0.19456062147208764,0.19914304878899727,0.19105469000596317,0.21186263977167522,0.2033789999612767,0.0
0.19961800561853532,0.1968758075882906,0.1894496521758063,0.2127483957696689,0.20130813884769888,0.0
0.19753253086293623,0.2010892202722205,0.18973220172056965,0.20705970484423308,0.2045863423000405,0.0
0.20367581434912843,0.20375950331281523,0.19396066326218298,0.20071904333627744,0.19788497573959585,0.0
0.1972985160807045,0.19877853999452924,0.19017857439821748,0.20705398024723112,0.20669038927931768,0.0
0.19996209663234782,0.20415475870417907,0.18591986905098024,0.20580499485511183,0.20415828075738104,0.0
0.20092311154644238,0.20166652539427168,0.18782786730516562,0.20573570594586948,0.2038467898082509,0.0
0.19733486642158904,0.19370680993312248,0.19383676735631591,0.2120750944841134,0.20304646180485922,0.0
0.19940914638990434,0.20386108940753692,0.1870627242525263,0.20767577663015,0.20199126331988235,0.0
0.1996649801208645,0.20340194034268222,0.18692274904214362,0.20612834847346703,0.20388198202084265,0.0
0.1971027926480154,0.1954474836600071,0.19435841819327804,0.20924968222606405,0.2038416232726354,0.0
0.19889892704078352,0.20325393546994158,0.19005117945790054,0.20391774960932607,0.2038782084220483,0.0
0.2002484796434796,0.1982541200726737,0.19418472193026948,0.20744087506460404,0.19987180328897308,0.0
0.19824271820032446,0.19817987409160606,0.19137994601072705,0.21274033797997347,0.19945712371736896,0.0
0.2012175563398378,0.20558241961167223,0.18352140441547363,0.2077810947340083,0.20189752489900803,0.0
0.19808240071790476,0.20126998405814994,0.1879414464201533,0.2062506095195649,0.20645555928422718,0.0
0.1981029217424473,0.1952512032983156,0.1927701266259521,0.21316198395624206,0.20071376437704289,0.0
0.1984134477434632,0.20500243328610057,0.18434082304948698,0.2084340834865072,0.20380921243444217,0.0
0.1966445467562597,0.20563915617098866,0.18616031722821558,0.20667904157262754,0.2048769382719085,0.0
0.20119103980859893,0.19642935990526766,0.1896096409309921,0.2090750396147123,0.20369491974042908,0.0
0.2,0.2,0.2,0.2,0.2,0.0
0.1980240307739956,0.19865535500667061,0.18857932072801586,0.21081122855018264,0.2039300649411353,0.0
0.20378340933523298,0.1995121961036692,0.19305766649417483,0.20376328633224214,0.19988344173468084,0.0
0.1951098612497215,0.1948589390479772,0.19232887011202193,0.21104512404818335,0.2066572055420961,0.0
0.19995105080240475,0.20462596116647638,0.1865841769291685,0.20470046557441626,0.20413834552753415,0.0
0.1995933120644042,0.20000251514405604,0.1883560576113571,0.2100449400866637,0.20200317509351895,0.0
0.2015684430537317,0.20128919242707166,0.1895002334154782,0.20549022752669857,0.2021519035770198,0.0
0.19980062700622211,0.19770314389762125,0.18812250946964365,0.20698287720876726,0.20739084241774572,0.0
0.19862495046916862,0.2014827723644747,0.19101494069283628,0.20582296574667192,0.2030543707268485,0.0
0.20150377467478725,0.2039212682043094,0.1882213617662185,0.203828233848536,0.20252536150614897,0.0
0.19799722223670038,0.19777483769478935,0.18933904199594684,0.21301728235846012,0.20187161571410342,0.0
0.19529662041779658,0.20475004090467594,0.1865367850025127,0.20725658881953565,0.20615996485547916,0.0
0.20027948815840763,0.20366886765123432,0.17982400275056282,0.20871911226309345,0.20750852917670187,0.0
0.19985116865143884,0.2023117886332385,0.1890603077750574,0.2060347660799965,0.20274196886026863,0.0
0.20071879025517148,0.20269381816784224,0.187590601660718,0.20543460139702385,0.20356218851924454,0.0
0.19263103816255223,0.19928979863092366,0.19279994542242426,0.2093528948413869,0.20592632294271282,0.0
0.19622602977403797,0.20086636588362677,0.18988317420370987,0.20967676819921585,0.2033476619394096,0.0
0.19851524646040944,0.20602903204374295,0.18589091256337126,0.20640815387859276,0.20315665505388367,0.0
0.20449369318202795,0.20099872257917803,0.18867142904421316,0.2063810970995511,0.1994550580950298,0.0
0.20388840526693763,0.20387186278707303,0.19075488384275666,0.2029325156629791,0.1985523324402536,0.0
0.19995716998109123,0.20142640594827643,0.18785102638541298,0.20723921853338945,0.2035261791518299,0.0
0.19913794914689784,0.20306977361640804,0.18788060668946874,0.20581139391213107,0.20410027663509422,0.0
0.19774958865644496,0.2011141902498362,0.18209577697602075,0.2093629567363993,0.20967748738129888,0.0
0.19842097113545448,0.20591305070561186,0.18836495471405434,0.2042714563248027,0.20302956712007658,0.0
0.19887735310273894,0.19755042297374228,0.18984511453844152,0.20683610988196996,0.20689099950310721,0.0
0.20118271296906265,0.1975342034942809,0.18889441233762225,0.2096268725124808,0.20276179868655336,0.0
0.19888225493002623,0.20444311334006493,0.1876324821442368,0.20786864802932659,0.2011735015563455,0.0
0.19914032966158632,0.19926349348527467,0.18687959866157505,0.20919964905970803,0.20551692913185599,0.0
0.1981823442286191,0.20198055364565046,0.18951190462543754,0.20601761574313757,0.20430758175715533,0.0
0.19784820372263845,0.19991000521537716,0.18757814567946426,0.20639238385435807,0.20827126152816214,0.0
0.19948266331767905,0.20046845179696077,0.1888694141636733,0.2071015427271949,0.20407792799449187,0.0
0.19807752693034406,0.20527255810688438,0.1881191022030616,0.20470263844780248,0.20382817431190753,0.0
0.20256318645786714,0.19817158979882404,0.18953555628880384,0.20657093408272667,0.20315873337177837,0.0
0.19942697775982632,0.203286238581259,0.1893671235302307,0.2048975426560619,0.20302211747262208,0.0
0.1980738090352127,0.19653030389490733,0.18754331219883144,0.21139374521704518,0.20645882965400336,0.0
0.19737516520805573,0.20040926474355192,0.1876656744333135,0.21034228480324008,0.20420761081183875,0.0
0.1987498661360539,0.20246358636239964,0.1901969259665701,0.20534060939650964,0.2032490121384667,0.0
0.1981619673582502,0.20368593982441124,0.1876407298611823,0.20840492283680662,0.20210644011934956,0.0
0.1979598009542419,0.20593620546154154,0.18590767547977471,0.2048402561937539,0.20535606191068795,0.0
0.20322433559862113,0.20097596579133833,0.18676101878608498,0.20889920396159325,0.20013947586236228,0.0
0.2006218471325298,0.199185600562693,0.19210665024205936,0.20666515494000118,0.20142074712271665,0.0
0.19750452283287748,0.20019163908452203,0.1902886938093052,0.2067304976487095,0.2052846466245858,0.0
0.20005463951565816,0.20196744891233934,0.18901295799548049,0.2046167134763038,0.20434824010021815,0.0
0.19606252196731996,0.19643029598054002,0.1915565808441305,0.21333176718456365,0.2026188340234459,0.0
0.19515423038714222,0.19768967695267606,0.18853540156175705,0.21041129303404824,0.20820939806437647,0.0
0.19956909598586237,0.19465787122053166,0.1906556103919287,0.2120283219295238,0.2030891004721535,0.0
0.1992750572454552,0.19912041671658748,0.18787784958142104,0.21166072440035735,0.2020659520561789,0.0
0.19394523962550703,0.19776284919105339,0.19895525802208236,0.20746599292440307,0.20187066023695424,0.0
0.19929724601859675,0.19263692583562272,0.19466394622335564,0.20987324218999057,0.20352863973243432,0.0
0.1977712811126531,0.20190956396082144,0.18681486816037363,0.21063661025234992,0.20286767651380194,0.0
0.20132009282087435,0.2011330389955543,0.1863536007549362,0.20816870366380977,0.20302456376482536,0.0
0.20034292267589093,0.19930776788632062,0.18839662325441728,0.20849779592108444,0.20345489026228677,0.0
0.20249337160970268,0.2021667686480478,0.18898331475142627,0.20450967952231547,0.20184686546850775,0.0
0.1988781358127108,0.2054738808753725,0.18661505585608187,0.21112666575900035,0.1979062616968345,0.0
0.19983652023648,0.20014634643467702,0.18685869012127523,0.2095065262221565,0.20365191698541119,0.0
0.19943567007130134,0.20536003010032158,0.18659173656134886,0.20692971120963413,0.20168285205739406,0.0
0.19732246667608427,0.2009172980350087,0.19092269168996967,0.20885576836103875,0.20198177523789862,0.0
0.19891017598485708,0.20039015366653373,0.1887839096045331,0.20942480341377184,0.20249095733030428,0.0
0.19885194580477908,0.2065673645325069,0.18441779029930383,0.20554525598336926,0.20461764338004088,0.0
0.19775332351797362,0.20251460143873953,0.1876600667563159,0.20745385507197128,0.20461815321499954,0.0
0.19912375105424476,0.2048391372879309,0.1854806844402325,0.20665120171082846,0.20390522550676338,0.0
0.20091819432297828,0.20230563992049366,0.1907504215385186,0.20392764999115653,0.202098094226853,0.0
0.19715719003476273,0.20650791604407734,0.18846462522325702,0.2061337093403434,0.20173655935755944,0.0
0.1987904499717396,0.19988334791268342,0.18592330625835907,0.2104016952618939,0.20500120059532395,0.0
0.19816371847192005,0.20351289579180312,0.18375688875978824,0.21014957224066888,0.20441692473581966,0.0
0.200782617058026,0.20187221926245938,0.1924319953392121,0.20612732652080648,0.19878584181949607,0.0
0.1992743675378332,0.204365277835687,0.18881501003354884,0.20541229474721615,0.2021330498457149,0.0
0.19856088952418335,0.20368242662797384,0.18625523892184087,0.20583809850379103,0.20566334642221096,0.0
0.2006539349336387,0.19618120709750056,0.19101220800118793,0.20902550079946947,0.20312714916820337,0.0
0.19671905139204765,0.1933172403205793,0.19015276396623165,0.211670866630558,0.2081400776905834,0.0
0.19842374763592244,0.1954764623342556,0.193762997595622,0.20984295608511996,0.20249383634908,0.0
0.2,0.2,0.2,0.2,0.2,0.0
0.19997417558322814,0.20018511226282706,0.18679110676738628,0.21043432989739458,0.202615275489164,0.0
0.20049553521848998,0.20103923894589218,0.19053530359059068,0.2103519942941259,0.1975779279509013,0.0
0.19879916418577628,0.20275699410636883,0.18601679159256224,0.2065964634620229,0.20583058665326975,0.0
0.19639652218972672,0.19165521481567124,0.1939043880010525,0.2134581750097844,0.20458569998376516,0.0
0.19698049692652378,0.2045346097388161,0.18609397044343942,0.20859320809335155,0.2037977147978692,0.0
0.20033447741394572,0.20166068506002088,0.18934676397726385,0.19992921523107363,0.20872885831769586,0.0
0.19641490161486025,0.19308867781853484,0.1902555937232445,0.21139749485382436,0.20884333198953597,0.0
0.1994640228772619,0.2041336073911204,0.1865557310811668,0.20608118727328098,0.20376545137717,0.0
0.1993384207355612,0.20275387035394024,0.1869689033918883,0.20793079986439222,0.203008005654218,0.0
0.19870989615247164,0.19629387736744255,0.1886458717328242,0.21105223626460914,0.20529811848265234,0.0
0.19804222445959327,0.19887385395117926,0.1926565570158934,0.2073227143374965,0.20310465023583757,0.0
0.1971535621152798,0.2015835455900812,0.18736510488522826,0.2107788420128896,0.20311894539652123,0.0
0.2013620369533783,0.2007114406000048,0.18925176455746545,0.20791076365683095,0.20076399423232041,0.0
0.19870424778907436,0.1990475833416615,0.19300998054494226,0.2058692507671429,0.203368937557179,0.0
0.19901544528572274,0.20081441482506782,0.19111274133222986,0.20758793282661772,0.20146946573036184,0.0
0.19814859878394342,0.20103595100198843,0.1909568529763336,0.20657215039948304,0.2032864468382515,0.0
0.20102385016267885,0.19866388172159438,0.18282648953205657,0.20971346327771434,0.20777231530595586,0.0
0.196419490357144,0.2067337775122385,0.18556382625801995,0.20655985647549335,0.20472304939710403,0.0
0.1998518264349719,0.2045987244847916,0.1870553071620866,0.20712491959922516,0.20136922231892487,0.0
0.20009169344233427,0.20371740093661694,0.18787295276523794,0.20648069974013178,0.2018372531156791,0.0
0.199586246562323,0.19988409393445183,0.18542869286492047,0.20861527961029527,0.20648568702800946,0.0
0.19910135249942673,0.20097925169516892,0.1842441260773259,0.2078097278050091,0.20786554192306933,0.0
0.20024607473439077,0.19921435886763936,0.18537027829201871,0.20783429816073307,0.207334989945218,0.0
0.19683399412701022,0.2286650228832196,0.18306956825350737,0.1963488949896842,0.19508251974657853,0.0
0.19778014588917703,0.19632904978134402,0.1881756279104752,0.20922951281621127,0.20848566360279255,0.0
0.19930725698612545,0.20518471328975219,0.1865668219768573,0.20522881609260712,0.20371239165465788,0.0
0.19870500917087275,0.20491957452852536,0.18185622606434,0.20999873191580193,0.20452045832046015,0.0
0.1996219897476292,0.2025808317466107,0.18886866682677061,0.20412076615855781,0.2048077455204316,0.0
0.198281705002713,0.19894542659839226,0.18776588077830825,0.21048586105822395,0.2045211265623626,0.0
0.2004356994150378,0.20249168414747576,0.18474462009452203,0.20754694469037302,0.20478105165259153,0.0
0.19662273910433548,0.20008095291803582,0.18476723083297733,0.21330999112600713,0.2052190860186443,0.0
0.19814700909525587,0.20494427391109404,0.18603336887868624,0.206325354510977,0.2045499936039869,0.0
0.20179621015127108,0.20322170566872758,0.18425855982924136,0.20891101830090966,0.20181250604985032,0.0
0.1991991981595852,0.1945643022572604,0.18987077176796993,0.2125097574448023,0.20385597037038228,0.0
0.19466915418284192,0.20374563195543824,0.18756292790706336,0.21032672266959374,0.20369556328506275,0.0
0.20113559807590803,0.19982915645574012,0.18621752354436044,0.20813654998282458,0.20468117194116678,0.0
0.1998094670193365,0.20219607394786443,0.18809234191384644,0.20654751480169314,0.20335460231725952,0.0
0.2002431142766075,0.2007213065442454,0.18802539354212536,0.20698164981936162,0.20402853581766006,0.0
0.1983902681028175,0.20218154475799152,0.18550645721293207,0.20834179745275885,0.20557993247349995,0.0
0.19385855970913346,0.1986017552803087,0.19302886202375963,0.2106102520052322,0.20390057098156592,0.0
0.20088099005258964,0.20291021705719067,0.18989371159358368,0.20460203608029365,0.20171304521634245,0.0
0.19879678955446362,0.20481665292938292,0.18883170148041187,0.2046407244675126,0.202914131568229,0.0
0.19766345370627572,0.19164181590730145,0.20777146546205735,0.20459801628867466,0.1983252486356909,0.0
0.19735204177028132,0.19712392858758063,0.18876920975970754,0.21034619822151387,0.20640862166091667,0.0
0.19814704604834651,0.19781472487309354,0.18925986847129794,0.2131355945745806,0.2016427660326814,0.0
0.19842125112096873,0.20218553780888246,0.1879028943522929,0.20753500665324298,0.20395531006461287,0.0
0.19998467889461294,0.20120137090734988,0.1873739859208193,0.20762305294167646,0.20381691133554147,0.0
0.19755438157930333,0.19519385057086938,0.19008740959381695,0.21384349404037803,0.20332086421563214,0.0
0.19683726420288278,0.20100545163583886,0.18751660633445627,0.210039002971983,0.204601674854839,0.0
0.20059660442183042,0.20046981512352785,0.18993867018963306,0.207122472376055,0.20187243788895357,0.0
0.19532503990757918,0.1990416831600192,0.19161317543833067,0.2097426949177534,0.20427740657631746,0.0
0.19742898710551152,0.20513680552852734,0.18792141886670768,0.20670390462112304,0.20280888387813037,0.0
0.19940633765458654,0.20425751328707797,0.1881030420047564,0.20491849424142516,0.20331461281215404,0.0
0.19793056365711167,0.20141934556929908,0.18871681353323416,0.21000723750241684,0.2019260397379383,0.0
0.20059647957057977,0.19989351975059577,0.1979619848930847,0.2001495087084988,0.2013985070772409,0.0
0.2,0.2,0.2,0.2,0.2,0.0
0.19899369246198637,0.2061192907565131,0.18325230441297755,0.20791273266263094,0.203721979705892,0.0
0.1975704314155845,0.20553029859936142,0.18239890639328066,0.20901936225102646,0.20548100134074695,0.0
0.19756314459662663,0.1998279653959187,0.18777764755914886,0.21289593723442835,0.20193530521387748,0.0
0.19797771667260167,0.197614134904921,0.18989460741616557,0.21248159062860345,0.20203195037770838,0.0
0.199750280450886,0.2021001186405094,0.191289187738516,0.2053843872437032,0.20147602592638542,0.0
0.20412568392891603,0.20508020026256524,0.1873256412829483,0.20572179307907965,0.1977466814464908,0.0
0.1969736994615568,0.20273797451925535,0.19139042060879635,0.21075952540408846,0.19813838000630302,0.0
0.19747496194034617,0.19656612088933492,0.19061691858686983,0.21378044805407195,0.20156155052937705,0.0
0.2,0.2,0.2,0.2,0.2,0.0
0.1970310538753254,0.19970486436235468,0.18601563871405427,0.21266786271944113,0.2045805803288246,0.0
0.19752882596594099,0.2058194412443143,0.18502389478093784,0.20702115189528691,0.20460668611352,0.0
0.19670177728595375,0.19040711830613,0.20573277952386443,0.20447405393017745,0.20268427095387445,0.0
0.19640031299655014,0.20258654926350173,0.18657163468654295,0.21114192726466097,0.20329957578874414,0.0
0.19654448133415914,0.20017881095616075,0.18621933304525362,0.20932461965883717,0.2077327550055894,0.0
0.19804208302525556,0.19751737366336716,0.19050245914488345,0.21331436026822087,0.200623723898273,0.0
0.19948193812443438,0.2057082600457162,0.18770640209777356,0.20471572277306097,0.20238767695901486,0.0
0.20474898034119063,0.20160759289903327,0.19070272902416086,0.20480166353044985,0.19813903420516532,0.0
0.19972743473643356,0.20454007712233965,0.1850595641694087,0.20598521538659276,0.20468770858522534,0.0
0.19454405568260366,0.1949505335842107,0.1955356167024293,0.21153671198117316,0.2034330820495832,0.0
0.19981904068722967,0.201094155661383,0.18883152028248756,0.20765009954750752,0.20260518382139223,0.0
0.19804993975326585,0.1977455231063759,0.18893143133162163,0.20881046200716763,0.20646264380156892,0.0
0.19817522277294222,0.19864448285397876,0.19456418302544273,0.20654513013978268,0.20207098120785352,0.0
0.19640882647210434,0.19898376516379832,0.18869556154984227,0.21325495062226152,0.2026568961919936,0.0
0.19993683280361044,0.20176543453362394,0.1871372368821042,0.20596971591361765,0.2051907798670438,0.0
0.1987480378060561,0.20142619737969333,0.18583809553859112,0.20966494799238494,0.20432272128327442,0.0
0.1991441708643358,0.20174262541649823,0.18433948969776523,0.20886466768728662,0.20590904633411405,0.0
0.19944519244747996,0.20442657854650403,0.18764578979417493,0.20529578174562577,0.20318665746621536,0.0
0.1972227878882688,0.1972473852320329,0.20339521053179715,0.2010990148652151,0.20103560148268595,0.0
0.1997698833387832,0.20313982821073795,0.18810162518442397,0.20693625040546157,0.20205241286059325,0.0
0.19829575400906838,0.19722499728799311,0.185698766701883,0.21067014086178104,0.20811034113927437,0.0
0.19766337707063222,0.20064900285522694,0.189007794510439,0.20808121968649734,0.20459860587720455,0.0
0.20514521558566093,0.20039568288795542,0.19041585856934945,0.20279732399127667,0.20124591896575744,0.0
0.20040825737249807,0.2008951141542416,0.18816167137160547,0.20880599559794866,0.20172896150370617,0.0
0.19858931126901486,0.20166773846565092,0.18654798042045082,0.20816075030645462,0.2050342195384289,0.0
0.1971227336596579,0.20217165452105165,0.18812550138222237,0.2077015944324653,0.20487851600460288,0.0
0.19758320154037767,0.2020285477800903,0.1827367005553177,0.21182793765570415,0.20582361246851016,0.0
0.20178135158700997,0.2031686375290301,0.19213048589530385,0.20528123666342887,0.19763828832522717,0.0
0.1983873201248718,0.20078396879699928,0.18673516255944472,0.20853278461693345,0.20556076390175068,0.0
0.19747767343956737,0.20363028997463475,0.18487584497574142,0.20885303135075534,0.20516316025930123,0.0
0.19535282228587794,0.19913646898218246,0.18790137156715153,0.2113176897904034,0.20629164737438463,0.0
0.19990275916063951,0.20366864085902775,0.1873441096359472,0.20735857250660802,0.2017259178377775,0.0
0.19919984688247264,0.2020955026843654,0.18587487874241468,0.20750604006760662,0.20532373162314072,0.0
0.20080125151035913,0.1997211188932669,0.1912085674715471,0.2078065642219366,0.20046249790289025,0.0
0.1984788554794988,0.2017999884673481,0.18763243107197372,0.20895668247193033,0.203132042509249,0.0
0.20120289531728028,0.19884598985740284,0.18882481337033194,0.21001431680358998,0.20111198465139496,0.0
0.1989616031868508,0.20213620323773296,0.1884882667076665,0.2106006736702834,0.1998132531974664,0.0
0.19814412101582604,0.20401274964585542,0.1871892368064483,0.20810371409671777,0.20255017843515247,0.0
0.1995096151647308,0.2041525809515001,0.18687242048612346,0.20698896677189957,0.2024764166257462,0.0
0.19794219842555996,0.19940307507649824,0.1964700763495491,0.20368070827076795,0.2025039418776247,0.0
0.19697405300507004,0.19385053681644487,0.19623602533642123,0.20808999193465122,0.20484939290741266,0.0
0.1993833382293138,0.19830422603958292,0.18627500955030085,0.20992395930680885,0.20611346687399348,0.0
0.1999864184008383,0.2036053958862329,0.1844057841699883,0.20726978600896745,0.20473261553397304,0.0
0.19721771706254174,0.1990679835010334,0.1843370151390403,0.20969191186104724,0.20968537243633725,0.0
0.20182906560837616,0.20248858726169724,0.18752643195054763,0.2062012076987512,0.20195470748062785,0.0
0.2021930159177329,0.19923575419115008,0.193857127381346,0.20426090396918875,0.20045319854058238,0.0
0.19605487779784025,0.20665128200962732,0.18659887027502967,0.20896273386107522,0.2017322360564276,0.0
0.19730187432336338,0.20321363189112393,0.18725251402283277,0.20748249951103112,0.2047494802516489,0.0
0.20077264765491562,0.20065987660514736,0.1906806955289052,0.20587056660531813,0.2020162136057137,0.0
0.1952336709455344,0.19169919756765436,0.19645873680156858,0.21212123443695718,0.2044871602482853,0.0
0.19942621199459318,0.20031882415072602,0.18595719283840587,0.20784486359999263,0.20645290741628222,0.0
0.20159649752677183,0.2055319918309821,0.18650700198909462,0.20345748582246825,0.2029070228306831,0.0
0.19840384636467245,0.2026695098297567,0.18609998038198852,0.2066492617220484,0.20617740170153392,0.0
0.19835906517861313,0.19863707449393708,0.18965817765716297,0.21096365158852431,0.20238203108176242,0.0
0.19961317604661807,0.20046408614760994,0.18551925551470633,0.20969028546173069,0.20471319682933492,0.0
0.19605079922099072,0.20105298084320558,0.18931653409957153,0.20920126565101146,0.2043784201852207,0.0
0.1962876005882226,0.20182342904171935,0.1845046814359559,0.20962164333529015,0.20776264559881202,0.0
0.2021324892534959,0.20037167299679878,0.19326449190434491,0.20469928033909063,0.19953206550626987,0.0
0.19891825564391677,0.20530125976081703,0.18612957308030512,0.20875523625778444,0.2008956752571766,0.0
0.1969537903235114,0.20448758494035502,0.1854098340588816,0.20945454435849284,0.20369424631875924,0.0
0.19724766953126285,0.19935507155167087,0.19017913277261483,0.20978093369303263,0.2034371924514188,0.0
0.19899277612497174,0.19821402078103934,0.18771349402574664,0.2110365162101701,0.20404319285807207,0.0
0.1965650146901055,0.2010709583491998,0.18460806890750228,0.21102058658894532,0.20673537146424695,0.0
0.19670184371432142,0.1984526738725718,0.19187723239885443,0.21034017836130356,0.20262807165294888,0.0
0.1990374819074481,0.19481068087244055,0.18911301458424493,0.2090390332209397,0.2079997894149267,0.0
0.19796940814867053,0.18610801604331756,0.20840936879488636,0.20677135549642792,0.20074185151669763,0.0
0.19645695406967037,0.20281230565475067,0.1834523456248246,0.21166204143066403,0.20561635322009036,0.0
0.1961193624808438,0.19837907700252286,0.18926504407817346,0.2083406850689323,0.20789583136952752,0.0
0.20076906964097654,0.20165756825507608,0.18795438467487613,0.20789667659331443,0.20172230083575687,0.0
0.1992697124094847,0.2016095403526121,0.18863385498760954,0.2069176274059164,0.20356926484437732,0.0
0.19845585568964993,0.2034231297795763,0.18739039485120396,0.20571594311466865,0.2050146765649012,0.0
0.2031933991073743,0.20066224072115219,0.2014381118633635,0.19905623733112043,0.19565001097698953,0.0
0.19793411849661965,0.19273168226401083,0.19339021546787508,0.21362094155862033,0.2023230422128741,0.0
0.2000812910641752,0.20245861662692585,0.18953194655855388,0.206335737903979,0.20159240784636595,0.0
0.1978025793823222,0.20389494945467895,0.185609416660815,0.2080387637908265,0.20465429071135732,0.0
0.2000427843363475,0.20245992979147878,0.18325979613570711,0.20942179990351004,0.2048156898329564,0.0
0.19930229593712526,0.20562164120533144,0.18547066721690614,0.20607772478738864,0.20352767085324855,0.0
0.1987718833822681,0.20526049489138226,0.18561704334176385,0.20719303282568008,0.2031575455589056,0.0
0.19745071082357166,0.19894017617768267,0.19045541212774733,0.20896426924856476,0.20418943162243358,0.0
0.19915191838976676,0.19729305505928502,0.18802517711103645,0.21150184855222834,0.20402800088768355,0.0
0.1974136407206005,0.2043793944625118,0.18843770104102323,0.20705006300227086,0.20271920077359368,0.0
0.19972672788076926,0.20482660423450202,0.18706455110659934,0.2044422205514628,0.20393989622666658,0.0
0.20060225810967966,0.1962100316851455,0.18870129323600826,0.2094246826191103,0.20506173435005637,0.0
0.198168228229313,0.195323583871747,0.19124933848394335,0.21178857022351824,0.20347027919147842,0.0
0.2012681022071346,0.1983094509509736,0.18563192179317847,0.2089859936297747,0.20580453141893873,0.0
0.19703760822041505,0.20452673375800162,0.18806882838218555,0.20643036392800665,0.203936465711391,0.0
0.19868555680219888,0.2040556472395058,0.1846727912913896,0.20687983332323906,0.20570617134366667,0.0
0.19820594052976645,0.1921007006669338,0.19373095843660776,0.21236137699969884,0.2036010233669931,0.0
0.19814896889419018,0.19778277834885738,0.18444704697461325,0.2090555129612956,0.21056569282104357,0.0
0.19810215855112115,0.1992664625976788,0.18320176966928944,0.2094244206368952,0.21000518854501543,0.0
0.19458822322634034,0.19666896934026415,0.19665619301909337,0.20962952655528147,0.2024570878590206,0.0
0.1983649586910644,0.1989111158029031,0.18613689177257725,0.2105861581452637,0.20600087558819163,0.0
0.19758857177666075,0.2006726704415077,0.18632268328587118,0.20835618413081364,0.20705989036514663,0.0
0.19895574084730694,0.19699393810552973,0.19212723957004307,0.20888062749463343,0.20304245398248674,0.0
0.19728313281955281,0.2005460580472217,0.18546666237768836,0.20806149634654889,0.2086426504089883,0.0
0.19918956402139004,0.2015518175188508,0.1906577425440471,0.20902198218513016,0.1995788937305819,0.0
0.1956201537188408,0.1933173258041288,0.19514302027824884,0.21175971507112223,0.20415978512765934,0.0
0.19630777055066076,0.20218219756243594,0.1874276940927973,0.2129634823896327,0.20111885540447325,0.0
0.19897439125154376,0.19549113707743732,0.19133439959972467,0.2097782513088618,0.20442182076243243,0.0
0.19538989045660793,0.19670403166278314,0.1882287389919143,0.20871407810675724,0.21096326078193745,0.0
0.20138651537591995,0.19777360588067164,0.1898021254341896,0.20932718623545632,0.20171056707376256,0.0
0.1968838895137781,0.20409249372187271,0.1869933392353263,0.20879640007160544,0.20323387745741736,0.0
0.19734330264215655,0.19450259017513785,0.2014147631153377,0.20506115258685226,0.20167819148051555,0.0
0.1991805673299174,0.20085743988891613,0.18886840687093195,0.2074776594614801,0.20361592644875443,0.0
0.19824588415661282,0.19672335183776152,0.1911652814798073,0.21023400862216834,0.20363147390365002,0.0
0.1980385878601131,0.19315499401499325,0.19463099171084727,0.21073667051026246,0.20343875590378394,0.0
0.20169271942087683,0.2058635233021907,0.18739166988801845,0.20750042623632375,0.19755166115259037,0.0
0.19571271182937783,0.20770671905703555,0.1861341717211173,0.20699250686784929,0.20345389052462007,0.0
0.1999823737574938,0.1966110675593169,0.1900955783720747,0.21052029504195874,0.20279068526915595,0.0
0.20061100721116706,0.20119855069013667,0.18359537245178026,0.2046401942447891,0.20995487540212698,0.0
0.19692627769828444,0.19759916899335583,0.20416554437929427,0.20325199176628117,0.19805701716278412,0.0
0.1994774665021395,0.20183552072995173,0.18944594015398486,0.20736985930377355,0.20187121331015037,0.0
0.20421040284579228,0.20405030938549035,0.1852458231761328,0.20551379173063208,0.20097967286195242,0.0
0.2,0.2,0.2,0.2,0.2,0.0
0.20147509460253354,0.20150233345821392,0.18881181797917024,0.20483578587954498,0.20337496808053737,0.0
0.2,0.2,0.2,0.2,0.2,0.0
0.19990807708940136,0.19586728337551568,0.19012149664841352,0.21097135992599594,0.20313178296067347,0.0
0.19768127036858293,0.19855573104949498,0.18760210392557097,0.20995971424898044,0.20620118040737076,0.0
0.19968303126260092,0.20467964182511414,0.18959881080054147,0.2050677073940906,0.20097080871765285,0.0
0.20114390919109076,0.19805727614410998,0.18798000671909698,0.20761150468480366,0.20520730326089856,0.0
0.19828858222246984,0.19601792110554475,0.2014464776726248,0.20414115598784702,0.20010586301151362,0.0
0.20220289214850382,0.20105982904197925,0.19041641000040538,0.20858786944310911,0.19773299936600253,0.0
0.20104664912469525,0.20184375479718128,0.18824483098586112,0.20636154965395684,0.2025032154383055,0.0
0.19759061964763033,0.20331558605445071,0.1858337824986847,0.20752997298538653,0.20573003881384772,0.0
0.19740944571508742,0.19494158378874596,0.19026840356903796,0.21276487941845026,0.20461568750867828,0.0
0.19866709388850992,0.20624902335862444,0.18782202984781185,0.2048210249403329,0.20244082796472082,0.0
0.19891117857405158,0.20273245713419755,0.1872003371935546,0.2063611706969368,0.20479485640125947,0.0
0.19762092457402522,0.19993568038774193,0.18703384010213053,0.21267127696268748,0.202738277973415,0.0
0.19699446213823138,0.19845694910607695,0.1885175084245256,0.20859655186076909,0.20743452847039698,0.0
0.19872970455548802,0.1970899564320417,0.18890273326857515,0.2108328944929688,0.20444471125092634,0.0
0.1988885472134372,0.19864346866955182,0.18834420263681753,0.21071866467369768,0.20340511680649578,0.0
0.19528194867678333,0.20080419775943478,0.1893293819631827,0.20867953806533465,0.20590493353526462,0.0
0.20611552670026798,0.20368935378110292,0.18699150231431494,0.20566572126433255,0.19753789593998156,0.0
0.1988215659505328,0.19855152088562994,0.18507550306385714,0.20980445459334854,0.2077469555066316,0.0
0.19921623827877305,0.19741965868871694,0.1879814424011042,0.21061099903517852,0.20477166159622726,0.0
0.2044509343627526,0.20220230139078493,0.18487764296812856,0.20806751621631694,0.20040160506201699,0.0
0.19950057526376744,0.20070960136172242,0.18830884898531303,0.20995192550913985,0.20152904888005727,0.0
0.19956636093073418,0.2029911906793362,0.18632475651849117,0.2071484348254108,0.2039692570460277,0.0
0.19688939856343082,0.19986276367476075,0.18587186900696623,0.21210786793927328,0.20526810081556898,0.0
0.20064520829539603,0.1990105944650993,0.1853840195717435,0.2095052281058338,0.20545494956192747,0.0
0.1992775708249817,0.20563677723071744,0.18673817404690093,0.2041176695624377,0.2042298083349623,0.0
0.19865612579191516,0.19892444857131053,0.18857842314205348,0.20960905734162633,0.20423194515309442,0.0
0.20264905631740823,0.19969776775485912,0.19117190125943048,0.2060327131913133,0.200448561476989,0.0
0.20065491623214374,0.19968854656174406,0.185693923197335,0.20848182728066886,0.20548078672810835,0.0
0.20026217146871397,0.19970677076350155,0.18605087458185132,0.20623095765022953,0.20774922553570369,0.0
0.19542129530618946,0.2006619966756803,0.19093557357073354,0.20809842951379046,0.20488270493360627,0.0
0.19698514608147705,0.200026629711917,0.18849374813049202,0.21165165452735127,0.2028428215487627,0.0
0.19621927038021714,0.19539342448555125,0.19182263892956714,0.21181070821640127,0.2047539579882631,0.0
0.20027874904955145,0.19902265682129744,0.1865953303148609,0.21098580699455927,0.2031174568197311,0.0
0.19639681100626438,0.20110531202117238,0.19106227024130956,0.2091041688813098,0.20233143784994384,0.0
0.1993608458061616,0.20292772613262786,0.18651880581803362,0.20674227817494611,0.20445034406823082,0.0
0.20176987608906335,0.20289322916437563,0.18504291389960684,0.21150854771249644,0.1987854331344577,0.0
0.2009629765015226,0.2015912954271482,0.19208450931780327,0.20502975076764288,0.20033146798588317,0.0
0.2010333581075053,0.2067196633243137,0.18747272680545013,0.20561292853811822,0.19916132322461255,0.0
0.1999431856629407,0.1975782001148757,0.18996610623780713,0.20844543632736684,0.20406707165700957,0.0
0.19786590318533276,0.20308680558576672,0.18909213045262413,0.20571447832125206,0.20424068245502433,0.0
0.19853943247174835,0.19643222604881286,0.18620545682991752,0.21163971451393834,0.2071831701355829,0.0
0.19856352185382603,0.20163864059134542,0.18822825450715072,0.20789289334970565,0.20367668969797215,0.0
0.19844276559831142,0.20451521715439624,0.18821666179487068,0.20443200759918237,0.20439334785323932,0.0
0.19996970207002726,0.20427046021926956,0.1875162855721976,0.20527319944997935,0.20297035268852617,0.0
0.1985297391325401,0.19929654117358675,0.1871239945002728,0.20937801360757172,0.20567171158602862,0.0
0.19935945773240524,0.20362735472650714,0.18606865695086983,0.2088543029645625,0.20209022762565532,0.0
0.19912804006988732,0.20420865484989034,0.1878884411064045,0.20451087583343192,0.20426398814038596,0.0
0.1996891096122185,0.2037511468451081,0.18736050072486204,0.20602738065613976,0.20317186216167157,0.0
0.19974189550565252,0.19919115493867579,0.1878297480745945,0.2106075940699929,0.20262960741108418,0.0
0.19641858456371108,0.20001973663260736,0.19002298405053344,0.20891014420682974,0.20462855054631832,0.0
0.19917176849971957,0.20297711199827317,0.18751793490350752,0.2054827708193165,0.20485041377918312,0.0
0.20128166378154722,0.20119474229805148,0.18770346496639895,0.20720256557458075,0.20261756337942163,0.0
0.20015638897890684,0.1993501880592228,0.1895020646878309,0.20654523917299636,0.2044461191010431,0.0
0.19960568715721347,0.19698164445103625,0.1854645303103223,0.21109128018764461,0.20685685789378325,0.0
0.19827707584030227,0.20390950997351873,0.1843269561372784,0.20670493294695047,0.20678152510195022,0.0
0.19891099152133213,0.2007031153556044,0.18866246310228565,0.20818066135908703,0.20354276866169077,0.0
0.1987229506937179,0.2027562431951993,0.18417405268140724,0.20742493059367476,0.20692182283600083,0.0
0.1969776733644964,0.19059930436043343,0.20579071649670702,0.20355500509217286,0.20307730068619018,0.0
0.19891180052458302,0.20047704013748266,0.18373960250369895,0.20899802529330258,0.20787353154093285,0.0
0.19853161003358716,0.19921523831052204,0.1880863411105035,0.2079909723295241,0.20617583821586313,0.0
0.2012869346776337,0.19553749961464356,0.18994380414598977,0.212479389986198,0.20075237157553505,0.0
0.19614841546823286,0.19665153409804517,0.18844424760817555,0.20911017905906892,0.20964562376647736,0.0
0.2008289802230476,0.20128676444638524,0.18390734254632832,0.2047954565862226,0.2091814561980162,0.0
0.19821063800075203,0.19807517336695882,0.18730707173047778,0.21183162984837856,0.20457548705343265,0.0
0.19854925286676542,0.19624798623687364,0.1901862936053056,0.21273089064586362,0.20228557664519164,0.0
0.1998671721470521,0.20111980194867482,0.1887931121382357,0.20774906385286895,0.20247084991316844,0.0
0.19980622365709796,0.2049138172247937,0.18752158017681977,0.20440755404578145,0.20335082489550704,0.0
0.19835491756930104,0.2006893324946756,0.1862979648204398,0.20942696879463332,0.20523081632095028,0.0
0.1990521642688593,0.20199293082499067,0.18366452637080924,0.2091302536117722,0.20616012492356867,0.0
0.2012268368915294,0.1984206563471118,0.19553175386084637,0.204288640693683,0.2005321122068294,0.0
0.19815326332415842,0.1980408690436929,0.1912049737081951,0.21078920386529443,0.20181169005865912,0.0
0.19636960739586232,0.20508052353688083,0.18543965209100643,0.20685343101800538,0.20625678595824512,0.0
0.2,0.2,0.2,0.2,0.2,0.0
0.2004193113699887,0.2040625110292081,0.18667269987975685,0.2053505794328585,0.2034948982881878,0.0
0.19946540937156745,0.2033140814016656,0.18769631456158706,0.2062763579948202,0.20324783667035978,0.0
0.1991081703050956,0.20042746869601813,0.189076245796745,0.2098349831540271,0.20155313204811426,0.0
0.19722585187418945,0.20265849754196946,0.18729054516093388,0.2065139045851964,0.20631120083771093,0.0
0.19687016931360526,0.2034604138648674,0.184221267424779,0.21164742254022953,0.2038007268565188,0.0
0.19518269860122078,0.20532719247596548,0.18612613813736137,0.20940002250149475,0.2039639482839576,0.0
0.19610846362169218,0.20394143578218885,0.1864497663966869,0.20830312480690086,0.20519720939253125,0.0
0.19961821648821668,0.20229289665415143,0.18885237451142273,0.20870344668141214,0.20053306566479698,0.0
0.2,0.2,0.2,0.2,0.2,0.0
0.20090173287204097,0.2004236996010854,0.1897188809210384,0.20718311042314166,0.2017725761826937,0.0
0.2015634676322592,0.20127668203612015,0.1849547883191225,0.20824957449922907,0.20395548751326897,0.0
0.19777130370031445,0.20117264798820736,0.18853761441033917,0.20908166921813354,0.20343676468300545,0.0
0.19945549333381554,0.20127127237833603,0.1872997714709511,0.20722093450166715,0.2047525283152303,0.0
0.20210305986496033,0.20043986932810812,0.1905691481469229,0.20777264197405232,0.19911528068595638,0.0
0.2011728534625812,0.20426308784346947,0.18617484412446336,0.20567181919319927,0.20271739537628675,0.0
0.1991991981595852,0.1945643022572604,0.18987077176796993,0.2125097574448023,0.20385597037038228,0.0
0.19725050499762464,0.20535519788674117,0.18224082777160552,0.20978109955389362,0.20537236979013504,0.0
0.198058583229906,0.2025936677282021,0.1843059124115462,0.21075507885807399,0.20428675777227162,0.0
0.19814860247057592,0.20238500114440908,0.1863889715334439,0.20774966424557179,0.20532776060599933,0.0
0.20196024006496227,0.19737915039471512,0.18922109761296085,0.20820027196660928,0.2032392399607525,0.0
0.19715466126847755,0.20682252963715606,0.18020317070978636,0.21038973344286863,0.20542990494171148,0.0
0.1985042215013996,0.2020395521793522,0.18620021583760604,0.20584566196344045,0.20741034851820161,0.0
0.1971695329516401,0.20367879661398997,0.18685636958984897,0.20702618050810181,0.20526912033641923,0.0
0.2008028421810622,0.2001804347136902,0.18628807981994225,0.21042151465913056,0.20230712862617461,0.0
0.19643322454303352,0.2091317928889101,0.18281765309614031,0.2086409510468759,0.20297637842504015,0.0
0.20060903531524793,0.20279861520014825,0.18628857670626262,0.2081301963671197,0.20217357641122133,0.0
0.19913728788960117,0.20499839410105428,0.18560656050502594,0.20700161897967786,0.20325613852464083,0.0
0.20104575531866245,0.2028427266498279,0.1836045738551074,0.2099129234315576,0.20259402074484467,0.0
0.20018038572282054,0.2012830687336578,0.18545017442032558,0.20706641814169652,0.20601995298149942,0.0
0.19995390512570438,0.19689344689153987,0.18986816751972632,0.20926173251860358,0.20402274794442585,0.0
0.1992274453354914,0.20243902676734044,0.18681497172766956,0.20818000018389277,0.2033385559856058,0.0
0.1991348343494055,0.19679610070225564,0.18612908112934265,0.2094316867733224,0.20850829704567372,0.0
0.1957398922151263,0.20054127818100723,0.19013481860497133,0.2128455357657676,0.20073847523312757,0.0
0.2003942162629913,0.198033329468405,0.1883615727573477,0.21071982589787872,0.20249105561337732,0.0
0.20067703653414895,0.19909946838435907,0.1893229376484134,0.2089308577792336,0.2019696996538449,0.0
0.19702899809894722,0.19935827367966685,0.1908199412089713,0.2079023986828705,0.20489038832954407,0.0
0.1977766256884363,0.20079628586928594,0.18714599267899215,0.21122387731312056,0.20305721845016514,0.0
0.19563329680943836,0.1931681724048994,0.1951869387676253,0.21166703365901052,0.2043445583590265,0.0
0.20005553279876065,0.19765367657995808,0.19055497753679773,0.21013119144464634,0.20160462163983714,0.0
0.20027121429644412,0.2026703704019056,0.1873650505197753,0.2055939211122331,0.20409944366964172,0.0
0.20148736175431814,0.20433040157699553,0.18686293677110133,0.20549377792772003,0.2018255219698649,0.0
0.19778515419756224,0.20407415576181018,0.18515543533569062,0.21108496687518138,0.20190028782975558,0.0
0.19670481558754455,0.20198046795731436,0.1884556717474683,0.20800206234129912,0.2048569823663737,0.0
0.1958576743424188,0.1986583623707212,0.1925708744684876,0.20949198287723508,0.20342110594113724,0.0
0.19944623493318472,0.19977497902314476,0.1892444384739757,0.2093093224095954,0.20222502516009935,0.0
0.1999030996533446,0.201177562526183,0.18273329117669931,0.20917474372742123,0.20701130291635178,0.0
0.19709203821997484,0.20230284771041682,0.18946640805099338,0.20799353628806555,0.2031451697305495,0.0
0.2054300322220592,0.2046987649213787,0.1868752095571339,0.20535147159672007,0.1976445217027081,0.0
0.1994436095239612,0.20330323176691528,0.19035738463662763,0.20621622014877797,0.20067955392371786,0.0
0.19961315168312266,0.20100588608750958,0.18770472639549085,0.20946292466928396,0.20221331116459304,0.0
0.19884244096041095,0.19742672394831787,0.18950136522132893,0.2108982442317976,0.20333122563814474,0.0
0.20213232026047218,0.1996692657820731,0.18736659961656443,0.21031602240870226,0.20051579193218805,0.0
0.1992025304635016,0.1999982503799136,0.18709621116718692,0.20857544116013604,0.20512756682926178,0.0
0.20028444852210972,0.19879904388520814,0.18353339253693318,0.21223154727093316,0.20515156778481583,0.0
0.19840385334807353,0.2014102554948068,0.18853758425001874,0.20858227767759288,0.20306602922950806,0.0
0.19887611143601838,0.20505371347849058,0.18623603144691336,0.20439429623792998,0.20543984740064766,0.0
0.1974460580816678,0.20219028537277262,0.18991745262700926,0.2085948868842645,0.2018513170342858,0.0
0.19681995429297094,0.201785668980441,0.19022192510409194,0.2068047306033052,0.204367721019191,0.0
0.20119977293621166,0.20141065948246178,0.1867158367768908,0.20703265412843383,0.20364107667600198,0.0
0.19935445686806316,0.2024936931814459,0.18879449888371175,0.2056070494111487,0.20375030165563057,0.0
0.19947240820423784,0.20284188961700134,0.18638484509035785,0.20926973712539215,0.2020311199630108,0.0
0.19742201088756905,0.2005231956058812,0.18912372345947007,0.20902782169424935,0.20390324835283033,0.0
0.19829716928264782,0.20058592705921102,0.18709185875463782,0.21038574751541697,0.2036392973880864,0.0
0.1998433385888619,0.20032339432340557,0.187461854745589,0.20819986440213537,0.20417154794000808,0.0
0.1979192538146494,0.19793995057766567,0.19329136337906175,0.2094535920570894,0.20139584017153384,0.0
0.19727169079752851,0.20302265558618698,0.18798575237851073,0.20869537022546897,0.2030245310123049,0.0
0.19645472958709306,0.20545034531170064,0.18133904728302216,0.20988898639295445,0.2068668914252296,0.0
0.19827706550220622,0.20106208432619332,0.1897847605096273,0.20688283521241202,0.20399325444956123,0.0
0.19974715912210855,0.20415735458206985,0.18830783364486134,0.2053708514827204,0.20241680116823985,0.0
0.2,0.2,0.2,0.2,0.2,0.0
0.1979288382688923,0.19829801511399708,0.18804531598358196,0.20821867831111232,0.2075091523224165,0.0
0.19784917170816665,0.2008916722716325,0.19029715711609366,0.20932835382947695,0.20163364507463022,0.0
0.19984637175329756,0.20350524918138713,0.18895974242039268,0.2048969890563293,0.20279164758859333,0.0
0.20074632251683414,0.2062298044027372,0.18248655423615942,0.20843701642704118,0.20210030241722798,0.0
0.19940796537537994,0.19884321972178748,0.19359548181098737,0.20999414673829017,0.1981591863535551,0.0
0.1993977676961021,0.20315139632394855,0.18664668713911303,0.20747912010718897,0.2033250287336473,0.0
0.19904911102034709,0.20297333709574392,0.18494352817337428,0.20754230786349298,0.20549171584704176,0.0
0.19907767857432113,0.20348896530285251,0.18769298378798505,0.20573841712536378,0.20400195520947753,0.0
0.19922511077716593,0.20394182644228917,0.18900596573168965,0.2064413236726914,0.20138577337616395,0.0
0.20074399796971268,0.20210583368445365,0.1907694050831279,0.20007216096898156,0.20630860229372433,0.0
0.20072927323403786,0.1982236776645218,0.18735631117429127,0.2110709744936209,0.20261976343352833,0.0
0.19618752921948726,0.20187472488778385,0.18474968434674466,0.21375103703965964,0.2034370245063245,0.0
0.19728201200943118,0.191767981855364,0.2055047797689943,0.20474988251583734,0.2006953438503732,0.0
0.19918462366021988,0.20337572227602646,0.18814189363059144,0.20539048919445926,0.20390727123870303,0.0
0.19816112364104801,0.20140340377137886,0.18579247589613665,0.20759691635318347,0.207046080338253,0.0
0.19782838416115406,0.2070623172371649,0.1858739261655097,0.20429831475297977,0.20493705768319165,0.0
0.19958922055921052,0.2012662827808927,0.1884887433088804,0.20588353730987752,0.2047722160411388,0.0
0.1992051587557025,0.20448921306101117,0.18330366159365882,0.20790608355403103,0.20509588303559653,0.0
0.19869932022679354,0.20565739273217237,0.1870413672413446,0.20747969543003975,0.20112222436964974,0.0
0.19991477535141225,0.20496269869467904,0.1877880745276676,0.20513790132901502,0.20219655009722612,0.0
0.20205995040007352,0.20197091009066837,0.1856852176872043,0.20739619568558712,0.20288772613646675,0.0
0.20092068809081542,0.20200892200328074,0.18831008906731478,0.20673186190211093,0.20202843893647798,0.0
0.19900281901693062,0.20347591335675477,0.18882022638141588,0.2058087281620258,0.202892313082873,0.0
0.19661994210234257,0.20377709297412458,0.1859893853961226,0.20819594340558145,0.20541763612182884,0.0
0.20104669748675816,0.19773274347179268,0.1908160899997897,0.20798041139030338,0.20242405765135615,0.0
0.1994418230643438,0.20403884054758448,0.1830603451540124,0.20654712196248726,0.20691186927157212,0.0
0.1987251949918101,0.201130840070909,0.1878069190848803,0.20913655630141717,0.20320048955098355,0.0
0.1981150163595974,0.20553762550094953,0.18584597010817142,0.208551873860056,0.2019495141712257,0.0
0.19731746267208822,0.19291665209746156,0.19406577229163668,0.21383442882589307,0.20186568411292047,0.0
0.20116809461035273,0.20096131028384445,0.18793407728471567,0.2055576672728175,0.20437885054826951,0.0
0.19982389840136067,0.19964955830014877,0.18580235395219805,0.209568699793553,0.20515548955273955,0.0
0.1995005372960101,0.1999641551315224,0.18946550826961336,0.2076285810478594,0.20344121825499462,0.0
0.1956640247683753,0.20366469842936982,0.18491828302534105,0.21028109299146658,0.20547190078544722,0.0
0.1994013851803225,0.1984500295989397,0.18969636949453964,0.20817913295108004,0.20427308277511813,0.0
0.20024443682712514,0.2028093968268836,0.1865587363739807,0.20655518524661434,0.20383224472539618,0.0
0.20288834933593472,0.2011102325648655,0.1916896778528041,0.2064414081074828,0.1978703321389129,0.0
0.20097747435943047,0.20352028569522918,0.1845039912682749,0.20718867930251608,0.20380956937454933,0.0
0.19956709632531874,0.19913139253106865,0.18717839247558477,0.21107668391916556,0.2030464347488624,0.0
0.20240399897168898,0.20420373434794034,0.1863681213986942,0.2054835470637148,0.20154059821796175,0.0
0.19608562464557575,0.19713672191498255,0.1915511500959931,0.2115456220642712,0.20368088127917738,0.0
0.19893991611933484,0.20353147817317224,0.18749253752516964,0.20664162981629028,0.2033944383660329,0.0
0.19654654763677476,0.20151772377200639,0.1886237401972902,0.20713085068922185,0.20618113770470686,0.0
0.1956882193892635,0.20105068109569538,0.18728361948670716,0.20935850566457093,0.20661897436376309,0.0
0.2004694293679366,0.20182539428613222,0.18904080018527314,0.2065382701720292,0.20212610598862896,0.0
0.1991703061238967,0.20099862915305855,0.19052470662310664,0.20605937406475533,0.2032469840351827,0.0
0.20155551085070697,0.20075410482329137,0.18996406616245462,0.20745550473710872,0.20027081342643843,0.0
0.20163902890848864,0.20036422192981784,0.1921974144962965,0.20664539380496702,0.19915394086043012,0.0
0.2008679688594005,0.199923879343232,0.18825130144082805,0.20771391179647283,0.20324293856006664,0.0
0.20045910081807694,0.19515709223140149,0.19297484247858798,0.2095785253274467,0.2018304391444868,0.0
0.19779459427978321,0.20116172568682536,0.18929249796807837,0.20757944002628842,0.20417174203902466,0.0
0.19717314994519913,0.20208401374108018,0.18872030011864943,0.20818024994084838,0.20384228625422296,0.0
0.20076873089209865,0.19613998670545557,0.19105194848053225,0.21019973278585932,0.20183960113605426,0.0
0.19859823891338815,0.20131658664199586,0.1846048909437596,0.20969460787390307,0.20578567562695332,0.0
0.19855415777350763,0.19999030268259546,0.18981843044671926,0.20935846652229906,0.20227864257487854,0.0
0.19650900638110588,0.1970587676650286,0.19102931008704552,0.21081295908302394,0.20458995678379593,0.0
0.19889942255728227,0.1956394878140991,0.1896514960993843,0.21066271199795344,0.20514688153128097,0.0
0.19569861470386518,0.19858564765646244,0.19017202899167707,0.21069069539329852,0.20485301325469668,0.0
0.19885547123164635,0.19997164362327097,0.1867487614187155,0.20771847651116895,0.20670564721519835,0.0
0.197473461669426,0.19997353980474225,0.18930880334836125,0.2114822624860638,0.20176193269140663,0.0
0.19928020826217754,0.20242641177184859,0.1867854128578166,0.20686347674477007,0.2046444903633872,0.0
0.19839896382320207,0.19944378981940175,0.19120513525500604,0.2080874888912916,0.20286462221109838,0.0
0.19773300848238465,0.20209587480171248,0.18706537738414594,0.21213761032632672,0.2009681290054301,0.0
0.1983949680070591,0.19594968502169047,0.18773704855939008,0.2102354890366852,0.2076828093751751,0.0
0.2004591648168972,0.20000857544852624,0.18355379114163414,0.21026137711030227,0.20571709148264009,0.0
0.1961152280969981,0.20212205306658554,0.18868817186964768,0.21112964651645888,0.20194490045030972,0.0
0.19775600242927444,0.20103686695123343,0.18575347875512013,0.2094445044283432,0.20600914743602886,0.0
0.19763157625487296,0.20375167393596222,0.1868029471533094,0.20621770469830836,0.2055960979575471,0.0
0.1997015847503573,0.19541729992500215,0.18721430663906907,0.21239126289288848,0.20527554579268303,0.0
0.19775713802614972,0.2038309490442276,0.1831980251674207,0.2112491743516428,0.20396471341055913,0.0
0.2010505401976225,0.2021535414424845,0.1882080900191232,0.20773734188559403,0.20085048645517573,0.0
0.19735972510794086,0.18741832509167666,0.20767800324254912,0.20582412959414273,0.20171981696369073,0.0
0.19906550991650251,0.19854986858742452,0.18946550376329266,0.20826659668194855,0.20465252105083184,0.0
0.20224399305818186,0.2051218537062854,0.18480271395048753,0.20542717496420645,0.20240426432083872,0.0
0.19835112216730758,0.20611332956972142,0.18547616910147002,0.20817481741867291,0.20188456174282818,0.0
0.19718971894804382,0.1977195868230119,0.19156482333463626,0.20955463026036725,0.20397124063394065,0.0
0.1987568245505473,0.20716738621793965,0.18753431881768523,0.20451843353686364,0.2020230368769642,0.0
0.20116980712634921,0.20352006511200801,0.1928723194643086,0.20040400088859484,0.20203380740873933,0.0
0.19781079162145296,0.19951467621564442,0.18641905188174063,0.20855960112173372,0.2076958791594285,0.0
0.19695863370296265,0.19997572002827102,0.18829043227034442,0.21038782725737684,0.20438738674104495,0.0
0.19797661484747153,0.20153145257725058,0.19030373162801317,0.20541678301169045,0.20477141793557432,0.0
0.19871515380215685,0.19396918401106988,0.19172848248864655,0.21223642401201523,0.20335075568611158,0.0
0.2001458750070968,0.1994501753367304,0.18649620335940637,0.21069061628655386,0.20321713001021263,0.0
0.1976483599538422,0.19845292878097842,0.19444279922887361,0.20502108382031883,0.20443482821598694,0.0
0.19566868655786163,0.19210032099264163,0.19421003052434618,0.21252105413168984,0.20549990779346078,0.0
0.20328494367125635,0.2009457131740479,0.18796896898910753,0.2053567407185215,0.2024436334470667,0.0
0.19895179282283879,0.1966989446552139,0.18849662307481768,0.2117158284955641,0.20413681095156552,0.0
0.20017346324021335,0.20006783313056087,0.18371523128024111,0.2095882931196179,0.20645517922936682,0.0
0.2001616369522642,0.20386264299566348,0.18675090166418304,0.20492692387696698,0.20429789451092228,0.0
0.1979794158276754,0.20160926352122527,0.18691448103881336,0.2123467073329236,0.2011501322793623,0.0
0.20238402641010295,0.19934259565190587,0.1922050447290078,0.20486860169178187,0.20119973151720155,0.0
0.1997599991437203,0.19914000286038222,0.1836460262704193,0.20759282162787873,0.20986115009759954,0.0
0.19655200969700648,0.20168415120780891,0.18632959585982123,0.21023040053206177,0.20520384270330158,0.0
0.19904039283532857,0.2018302511121574,0.18509073855112895,0.21017667572121257,0.2038619417801725,0.0
0.20064121406492952,0.20010749580792248,0.1907315571420636,0.20830843054061948,0.20021130244446497,0.0
0.19857070815666053,0.20078301240105964,0.18996469621054293,0.20916289476741917,0.2015186884643177,0.0
0.1969705642637875,0.20444015973396723,0.18227180003935517,0.2102710480634755,0.20604642789941455,0.0
0.19860174324686064,0.20097991784594355,0.18699612625515763,0.2067295487482124,0.20669266390382576,0.0
0.19424714537913493,0.20265976365541324,0.18993165637584195,0.20872177509327527,0.2044396594963346,0.0
0.19600741318458037,0.20544225953332462,0.18511450264345428,0.2083966010035489,0.2050392236350919,0.0
0.2004426243530817,0.20359245130475992,0.1887379258037325,0.2065395425233905,0.20068745601503538,0.0
0.20041634877241585,0.19685867936034898,0.19601032077274663,0.19873216422907192,0.20798248686541673,0.0
0.20284671811356308,0.20104053261869484,0.1909434119183129,0.20572892138347817,0.19944041596595097,0.0
0.19798978683172344,0.20209740302444157,0.18610065420992036,0.20776767412579752,0.2060444818081172,0.0
0.1988483997599534,0.20764623903342205,0.18538612631357965,0.20579273379663512,0.20232650109640968,0.0
0.19709788685606947,0.2042343515749808,0.18620216663917832,0.20526112887821568,0.2072044660515558,0.0
0.2020617510595116,0.20159705945892709,0.1852326153002305,0.20744566693868682,0.20366290724264408,0.0
0.20017965713829824,0.20298711433831876,0.18662121391547226,0.2063239174287667,0.20388809717914402,0.0
0.19870218689224126,0.20075372096299499,0.19095877037108802,0.20906555836215582,0.20051976341151984,0.0
0.2018626578643073,0.19806183724353835,0.19795740427130162,0.20405520949536096,0.19806289112549186,0.0
0.1995733478565311,0.20133848985469988,0.18995666516339196,0.20832284368024714,0.20080865344512983,0.0
0.20248716210498324,0.2018464151541824,0.19066612554909346,0.20641907668430762,0.1985812205074334,0.0
0.19876770979433012,0.20234542868101835,0.1883768540337119,0.20518260420301346,0.20532740328792606,0.0
0.19835841258028195,0.19833510964639908,0.18909735000406003,0.21004606247720445,0.2041630652920545,0.0
0.1961927052221939,0.20293249753156023,0.18560549023898448,0.21147839055707474,0.20379091645018668,0.0
0.20428384191621474,0.20040328473300875,0.1901227624629637,0.20648402722108475,0.19870608366672815,0.0
0.19868952892786437,0.199535644087858,0.1886699595515876,0.2121139424583268,0.20099092497436322,0.0
0.2013662114341393,0.20233134305668163,0.18776011467211653,0.20633659397683166,0.20220573686023097,0.0
0.19873586330271636,0.1894622664193971,0.20430777434296202,0.2070002599048596,0.20049383603006493,0.0
0.19918944581771886,0.1991269256593158,0.18892828283984484,0.21024043093366665,0.20251491474945377,0.0
0.20088086132328833,0.1947087618152538,0.19063842972901796,0.2109168876474676,0.20285505948497223,0.0
0.19857562569522835,0.20327098469388155,0.1887768889642538,0.20505963709648214,0.2043168635501541,0.0
0.2023369537675049,0.20497972424570457,0.1868182447363012,0.20604651390119522,0.19981856334929407,0.0
0.1998652934064586,0.1991675593904246,0.18333465227879286,0.20998530148622574,0.20764719343809818,0.0
0.19775369093486403,0.20506771430035578,0.18464429762924583,0.20841299248162504,0.20412130465390935,0.0
0.19891600971543158,0.20640746361105528,0.18562970604448245,0.20680416567895352,0.20224265495007715,0.0
0.19683875040463644,0.200880965113797,0.18715007019117005,0.21365692536417782,0.20147328892621863,0.0
0.20043290331763194,0.19992901946418387,0.19264389121626793,0.2056399317436596,0.20135425425825673,0.0
0.1952127139697009,0.1938797431626841,0.1970894453719455,0.2110586196955368,0.2027594778001327,0.0
0.19589547748691766,0.20044103611923736,0.1884979433014434,0.21258724768648793,0.20257829540591363,0.0
0.20211585371305685,0.2018511692002608,0.191278259268552,0.20410853784844554,0.20064617996968478,0.0
0.19955226473937052,0.19649900880393972,0.1896601268260276,0.21087723366099465,0.20341136596966755,0.0
0.19893030687196345,0.1990929503763666,0.19320960956002986,0.20772158599368,0.20104554719795995,0.0
0.19607944538573116,0.19738332066278222,0.19026606415566827,0.20917945366034663,0.20709171613547167,0.0
0.20241696348197982,0.19606078798781484,0.190740876458946,0.2110880762466619,0.19969329582459744,0.0
0.19942241438502167,0.20189386089210076,0.18745148005441398,0.2082952392715745,0.20293700539688908,0.0
0.20051614248279603,0.2022101430518749,0.19133829856235676,0.20706792250628064,0.19886749339669155,0.0
0.19569881190823238,0.20145314700821151,0.18796524338613727,0.2090317033213783,0.20585109437604057,0.0
0.2004482766481013,0.20207174867779193,0.1885204809082286,0.208878759570417,0.20008073419546116,0.0
0.1966296682356474,0.19996877486990325,0.18752640448587757,0.21008586455560171,0.20578928785297002,0.0
0.19847859371727442,0.19955125296891957,0.18658786021607207,0.20805029500252104,0.20733199809521285,0.0
0.19568548349674042,0.20137931324639458,0.18377048923413128,0.20944651093917677,0.20971820308355704,0.0
0.20259590084969006,0.20532219300802756,0.18723187383126008,0.20563508086442087,0.19921495144660137,0.0
0.19699436008304333,0.1978757732134256,0.18980670491317533,0.20748481507125144,0.2078383467191044,0.0
0.19774324683361447,0.20442380457375353,0.1851697516387609,0.20847345099757242,0.20418974595629857,0.0
0.19922864605122204,0.20221480757179258,0.18604777494917288,0.20786355638030338,0.204645215047509,0.0
0.1986350178304594,0.20214952874167974,0.18448516260914868,0.21257744745945975,0.20215284335925238,0.0
0.19711565586571,0.20155419296296617,0.18453392854169326,0.21214286636291788,0.2046533562667126,0.0
0.19785588697516068,0.19759364151866607,0.18983746154165657,0.2120972330468184,0.20261577691769822,0.0
0.19824911491307026,0.19970631189417232,0.18744616465829841,0.21117420253253388,0.20342420600192515,0.0
0.19700972885089063,0.197628001552208,0.19102475514469824,0.20821069996015915,0.206126814492044,0.0
0.19671495816190365,0.19436991262150188,0.19174638434751767,0.2091087259313955,0.2080600189376814,0.0
0.2025920077583778,0.20298947199962916,0.18912490009560243,0.20204248454057483,0.20325113560581587,0.0
0.2,0.2,0.2,0.2,0.2,0.0
0.20289131889033177,0.19833386430786176,0.18913197461355144,0.20854226554717648,0.20110057664107872,0.0
0.20381253071449426,0.20158259452473376,0.19451160860495292,0.20251615936991385,0.19757710678590515,0.0
0.19751864149565765,0.20294610485270018,0.18750861163317614,0.2063556896493412,0.2056709523691249,0.0
0.19668428517765416,0.19930330832608473,0.19065155968244102,0.21060748246149316,0.20275336435232696,0.0
0.20430530114996465,0.20307356529169313,0.18919120631844705,0.2057570471618335,0.1976728800780616,0.0
0.19780556056737,0.20365646745202284,0.18872355816248831,0.20624315637024035,0.20357125744787852,0.0
0.1995528186837812,0.20139395722184683,0.18772371900156348,0.2100583157429053,0.20127118934990332,0.0
0.19676952107854676,0.20004372582781726,0.18662635978896358,0.21113095999315848,0.20542943331151386,0.0
0.19904797613598965,0.20140588500884937,0.18791413828919898,0.20515381821175402,0.20647818235420803,0.0
0.198347031069626,0.19800350879773135,0.1868426672376432,0.21052323575737047,0.20628355713762903,0.0
0.20105637995874967,0.20301588957549419,0.1867274154772141,0.20587143400248797,0.20332888098605406,0.0
0.19929324648704358,0.20134865137722807,0.18746132153484493,0.20551366817319328,0.20638311242769014,0.0
0.19949055668218935,0.19958657961731988,0.1877738679104899,0.20984287813988492,0.2033061176501158,0.0
0.19942145110021112,0.1939213467402132,0.19133060900819202,0.2116402646998302,0.20368632845155346,0.0
0.19828939583347252,0.2053391683986085,0.18892743569584347,0.20607049818272263,0.20137350188935296,0.0
0.19909934785554612,0.2019195223845448,0.18613172662355576,0.2079472157051182,0.20490218743123506,0.0
0.20436082263361932,0.20129953781172477,0.18970292180503207,0.2054249211122113,0.19921179663741267,0.0
0.19913952452003114,0.20065662521720395,0.18451934522338173,0.20839996246798886,0.20728454257139425,0.0
0.20329958678215992,0.20176070150735717,0.18721072082862772,0.2095110496618048,0.19821794122005043,0.0
0.19769606410328927,0.20048809548417526,0.19027901114317844,0.20883724296393047,0.20269958630542662,0.0
0.20238269342293452,0.20023720898771466,0.19200887153470617,0.205719538283073,0.19965168777157152,0.0
0.19645064261090273,0.20382112873429742,0.18879732848070285,0.2052679820669742,0.2056629181071227,0.0
0.19931466583769444,0.2049185297825205,0.1886086528213338,0.20575764479928374,0.20140050675916757,0.0
0.1987603487169736,0.20016685208792093,0.18722126326410715,0.2106515107159961,0.20320002521500222,0.0
0.1993574397121459,0.2042986705098382,0.18784351643862593,0.2040315953539705,0.20446877798541943,0.0
0.2044555299741665,0.20054002278712305,0.18491389343739412,0.21162672229661186,0.19846383150470454,0.0
0.19730462995002815,0.19860774346971322,0.18857384131692087,0.21182341394188048,0.20369037132145731,0.0
0.19936518923243832,0.2032116752012683,0.18828352071116472,0.20493546203385243,0.20420415282127632,0.0
0.19958467115014383,0.2000242646407383,0.18821088400558394,0.2080183259412171,0.20416185426231687,0.0
0.1954302949654857,0.19843675129172805,0.189927291526828,0.20743313060120702,0.2087725316147512,0.0
0.19760939996179866,0.2047969660357959,0.18381089995754307,0.21014711268490582,0.20363562135995658,0.0
0.19831605634218222,0.19927104315643487,0.18781653482367272,0.21112096904098634,0.20347539663672368,0.0
0.20069210264766535,0.20132681264557456,0.18484641801352217,0.20719701980930952,0.20593764688392843,0.0
0.19844285199465073,0.2062722352232097,0.185281183513461,0.20602753699472784,0.20397619227395075,0.0
0.19833632707033783,0.2035385160086296,0.18371821662030235,0.20805828831902623,0.20634865198170405,0.0
0.19812261041187512,0.20136938274236782,0.18305985805524433,0.2108199049633762,0.20662824382713663,0.0
0.19886316266075044,0.20000165229707612,0.18714582176266473,0.21054575767704836,0.2034436056024604,0.0
0.1986569162995911,0.20623162684889965,0.18149162508590075,0.2089355754320701,0.20468425633353843,0.0
0.1981904980958156,0.1958737639091528,0.18900296703515904,0.21268272698866805,0.2042500439712045,0.0
0.19856319381215407,0.2068607665252656,0.1856640605188974,0.20657015746012594,0.20234182168355713,0.0
0.19824835411448447,0.19980013707971717,0.18767389203299736,0.2093781082293348,0.20489950854346614,0.0
0.2002600924774875,0.2001905329822144,0.1872500513462628,0.20534358892072127,0.2069557342733141,0.0
0.19791004919576402,0.1986320563212815,0.18950375653250626,0.20924957177619877,0.2047045661742495,0.0
0.1995058668084546,0.2033888129115907,0.18764038535085334,0.20737244338465788,0.20209249154444342,0.0
0.19797427718758373,0.20067454622813327,0.18835744434607227,0.20702925391149685,0.20596447832671388,0.0
0.19843572743919602,0.2018880574688213,0.19177756371970636,0.20519385260660522,0.2027047987656711,0.0
0.2014728835062503,0.20566260290946717,0.18610971968877904,0.20487512708179448,0.20187966681370897,0.0
0.19892876201171092,0.2003692720972401,0.18814526085670433,0.2051841065273633,0.20737259850698134,0.0
0.19847265897503233,0.19468285111509892,0.1901838875927307,0.21290439719242776,0.20375620512471027,0.0
0.20052773900075027,0.2007117583231085,0.1869612531308601,0.21038364901092155,0.20141560053435953,0.0
0.19790347982156764,0.1993408409835868,0.1878808030579263,0.20891301702570678,0.20596185911121254,0.0
0.1985710971701871,0.20096940202890956,0.1833817384730714,0.21078350130864282,0.20629426101918905,0.0
0.1987281090437638,0.2050329782066952,0.18676920683937986,0.20516597823529084,0.20430372767487037,0.0
0.19827770511230855,0.2016075329079,0.18538388337223263,0.20713002571139602,0.20760085289616287,0.0
0.19715384907854655,0.20358052295349602,0.18673241129679227,0.20752641310969258,0.20500680356147266,0.0
0.19880338878630066,0.19069696636952738,0.2071884740497814,0.205796867816952,0.19751430297743852,0.0
0.20026624751060543,0.19973004146106127,0.1887541407033316,0.2084463616285886,0.20280320869641316,0.0
0.20088013883878528,0.1978569124158226,0.18655617421973614,0.20901564867130087,0.2056911258543552,0.0
0.19685654234182112,0.2039444104197848,0.18352030478240214,0.2108652586231164,0.20481348383287562,0.0
0.2013532141382714,0.20260639585336437,0.18902689302668907,0.20450589484641163,0.20250760213526361,0.0
0.19804189185352622,0.20291644096346298,0.1885722560941577,0.20614689570574538,0.20432251538310767,0.0
0.20361325787637796,0.19650739175271484,0.1879677282534229,0.212606931211922,0.19930469090556222,0.0
0.20536864242137756,0.20284694807123857,0.19534253525219872,0.19969312227472533,0.19674875198045993,0.0
0.19916036375660764,0.204671053141695,0.18790563079669326,0.20416434331304498,0.20409860899195914,0.0
0.19670792376252294,0.20556616511266962,0.18610555920069127,0.20989703054234182,0.20172332138177432,0.0
0.19619878129717058,0.20470980428506258,0.18544325008431534,0.20849873634840554,0.20514942798504593,0.0
0.19755663020217276,0.20385909405732805,0.18630849503729374,0.20638708033740133,0.20588870036580406,0.0
0.20019443374876916,0.1998275764070171,0.18399748404084834,0.2080551338125728,0.20792537199079253,0.0
0.19728201200943118,0.191767981855364,0.2055047797689943,0.20474988251583734,0.2006953438503732,0.0
0.19729729811633404,0.202269602645055,0.18867756774532135,0.20806048102470295,0.2036950504685866,0.0
0.19853042817248953,0.20600886576507055,0.1868248499016887,0.2068399686957712,0.20179588746498003,0.0
0.19727871551184833,0.20341881516587415,0.18749106974747776,0.20977225848604925,0.20203914108875054,0.0
0.19921850278512424,0.1982377696354097,0.19289162138860597,0.2074818626762728,0.20217024351458723,0.0
0.1979000456479507,0.20508169898192233,0.1868485005864564,0.2057379290724539,0.20443182571121662,0.0
0.19773492055439074,0.20493844061252817,0.18506960630915822,0.20635592386333704,0.20590110866058578,0.0
0.19989683522681856,0.2030927230091682,0.18732281439766493,0.20604725239768598,0.20364037496866239,0.0
0.2010161734062899,0.20272570599905,0.1883213037685382,0.20526439368328206,0.20267242314283984,0.0
0.20022962918374607,0.20266458331124723,0.18835386200313406,0.20704990026562006,0.20170202523625258,0.0
0.2005198309427708,0.19776171405240828,0.18969863691731242,0.20718933800712258,0.2048304800803859,0.0
0.1987629107997041,0.2026886596098551,0.18789093986334737,0.20620338368216204,0.20445410604493133,0.0
0.19940804193291162,0.19673033144236643,0.190952329686444,0.20816931166493477,0.2047399852733432,0.0
0.19779812066259878,0.19760085268589664,0.19301094771716734,0.20620265938690904,0.20538741954742823,0.0
0.1966123165789293,0.2030830109534401,0.1887124673387404,0.2095691096247759,0.20202309550411446,0.0
0.1992757762027614,0.19800006223166602,0.18857571108042384,0.21251528041409654,0.2016331700710522,0.0
0.19731312392051473,0.19792418803417883,0.19116517699854313,0.20722354544182078,0.2063739656049425,0.0
0.20324529634325708,0.20580660392543776,0.18788618411071747,0.20613383065675736,0.1969280849638303,0.0
0.19943360737968158,0.20603692972854248,0.18479814470194272,0.2061246248813502,0.203606693308483,0.0
0.2006043550606032,0.19757794792523076,0.18882210112382902,0.2091478596282359,0.2038477362621011,0.0
0.19525467083146822,0.19445517034645596,0.1951995447745581,0.21264874618601667,0.20244186786150103,0.0
0.19460947950757174,0.19631991239223126,0.19004002839663328,0.2108155146589159,0.20821506504464793,0.0
0.1997755612979974,0.20176492053012032,0.18850512530819585,0.2062260307607305,0.20372836210295583,0.0
0.20025053206681237,0.2005243039869067,0.18714575761230084,0.20984901245834903,0.20223039387563108,0.0
0.20079944828842974,0.19617708047887972,0.2069129626489524,0.1979250139441601,0.19818549463957816,0.0
0.19649493929829775,0.19106590171175145,0.1954032854230617,0.21262866047797882,0.20440721308891036,0.0
0.19739729835826467,0.20424621296338516,0.1860629592403252,0.21034534500851007,0.20194818442951484,0.0
0.19908729604689296,0.19804248528465826,0.1897768136825753,0.20906029684089275,0.2040331081449808,0.0
0.19626473381317425,0.19409428919742297,0.19797852312226707,0.2082909635559208,0.20337149031121482,0.0
0.19795875524642448,0.19879165777951927,0.1875320408487773,0.21236964368393377,0.20334790244134518,0.0
0.19876974647101905,0.2026823534080638,0.18809303910087463,0.2050493437129299,0.2054055173071125,0.0
0.20104147197150476,0.2015262434984415,0.18946890831634128,0.20734885069874465,0.2006145255149679,0.0
0.20281379088094215,0.2065508690195355,0.18234010249014387,0.2040836787414689,0.20421155886790962,0.0
0.19835388061479894,0.20046440752654734,0.18294951055657158,0.20983012522921685,0.2084020760728653,0.0
0.19496010904178995,0.20133491809470103,0.1892562684191326,0.21112403796291077,0.20332466648146555,0.0
0.19901758033760572,0.2055474052957166,0.1860189013478114,0.20759375516460002,0.2018223578542663,0.0
0.2,0.2,0.2,0.2,0.2,0.0
0.19809281226965328,0.20397174819540417,0.1851476725634659,0.2069397625263296,0.20584800444514703,0.0
0.1979885367761541,0.20348478983839885,0.18700044690189405,0.20721530096056054,0.20431092552299254,0.0
0.19827023303473962,0.2040856285163136,0.19005437705701456,0.2050996709628863,0.20249009042904598,0.0
0.1993736619568205,0.20482797227559937,0.18705862799266443,0.2057802605824888,0.20295947719242688,0.0
0.2000372704428849,0.20272881661208264,0.18653677407334077,0.20523428121416487,0.2054628576575269,0.0
0.19996539985645984,0.20218344035157568,0.18841052889967533,0.20670828387590906,0.20273234701638018,0.0
0.19726572096410042,0.20571281214341125,0.1839639699611292,0.207246394339751,0.20581110259160823,0.0
0.19759901460837176,0.19642336534279575,0.19972443846412338,0.20392499747132886,0.2023281841133802,0.0
0.19935999756105927,0.20322836102245523,0.18793413418722282,0.20586986625934278,0.20360764096991987,0.0
0.19975160337811107,0.19842481470239515,0.20280501559143904,0.20072670467442535,0.19829186165362941,0.0
0.19785491378565093,0.2053554206230284,0.18414252176895893,0.20960299090806622,0.2030441529142955,0.0
0.19791490667529751,0.2032567424008794,0.1836438457201303,0.20626162735785294,0.20892287784583988,0.0
0.19731327001632984,0.20134691704085023,0.18766665071128666,0.20771983143522096,0.2059533307963124,0.0
0.20105345129455135,0.20430853083186817,0.18450081313255773,0.20696105741330073,0.20317614732772205,0.0
0.1971743672720374,0.2038943609401594,0.18920856439299955,0.20552252961924838,0.2042001777755553,0.0
0.1961540248148891,0.19875056377631373,0.18993511901329002,0.21185739241284582,0.2033028999826614,0.0
0.19943890280905208,0.19791435539926483,0.1878060352551697,0.21309178021281205,0.20174892632370123,0.0
0.1986001823731371,0.19722347617187927,0.19022989834386572,0.20956093712002893,0.20438550599108912,0.0
0.19891817062118733,0.19714477059361424,0.19242011653321597,0.20929020663852385,0.20222673561345852,0.0
0.20053769557928247,0.2011770437573588,0.18594358164883015,0.20985357007213581,0.20248810894239283,0.0
0.19656714813650303,0.1985678644141427,0.18513881340995597,0.20941718419122737,0.21030898984817087,0.0
0.19787051481507043,0.20281470760553488,0.18857533176133437,0.20517054960160475,0.20556889621645566,0.0
0.19983932811061506,0.20123145948835633,0.18427905604919545,0.20964701427909255,0.2050031420727406,0.0
0.19878742942243344,0.20256424803811074,0.1881295420421687,0.20762753385357507,0.20289124664371203,0.0
0.198845544635752,0.20545389912455558,0.18769748890921262,0.20475308907330986,0.20324997825717006,0.0
0.19758820874969105,0.19752973897953183,0.18966393108539004,0.21220877679176287,0.20300934439362422,0.0
0.19801302954870204,0.20046053353191598,0.1859461992990673,0.2100409835602064,0.2055392540601081,0.0
0.20090290366201227,0.19559276741335974,0.2060060052213337,0.20102195566764924,0.19647636803564505,0.0
0.2002229003562923,0.19916066013463093,0.187855574802625,0.20970986280748422,0.20305100189896758,0.0
0.20003239058503405,0.20358888317628668,0.19058501000941347,0.20661145534104775,0.1991822608882181,0.0
0.1955103426399328,0.20172963880569955,0.1886197937588439,0.21205409674623663,0.20208612804928724,0.0
0.19603623902025566,0.19658189170350493,0.18924632496620455,0.21227800594202526,0.2058575383680097,0.0
0.1993427467399057,0.20302536326410195,0.18512878485794249,0.21020758414849772,0.2022955209895521,0.0
0.19680570433149797,0.19761602989240448,0.18669291695574552,0.21151406090260724,0.20737128791774487,0.0
0.19985602241437553,0.2041976796955794,0.18758306810023034,0.2064272081694573,0.20193602162035737,0.0
0.19769106942304662,0.19879871546092664,0.19009116241394453,0.21229693339439504,0.20112211930768717,0.0
0.2015915717124565,0.19870383417517712,0.18807735340813442,0.2089601777384357,0.20266706296579626,0.0
0.1998499865533531,0.20290919185606313,0.18945494618018566,0.2069853939175548,0.20080048149284335,0.0
0.2004349344648308,0.204516310633215,0.184085688050637,0.2074400715558454,0.20352299529547177,0.0
0.19715679686024185,0.20065489717665286,0.18733218417867536,0.2103206723061405,0.20453544947828942,0.0
0.19931054916684046,0.20297549049593408,0.18436809418921185,0.20867128517792471,0.20467458097008892,0.0
0.20169977693257005,0.20390138675486089,0.18501337610958551,0.2052303097308422,0.20415515047214144,0.0
0.19768235966820233,0.1927706937359666,0.1934098157405849,0.21359135660651085,0.20254577424873518,0.0
0.199345137071443,0.2050161093575552,0.1853612608452442,0.20647135686277343,0.2038061358629841,0.0
0.2,0.2,0.2,0.2,0.2,0.0
0.19921250869099227,0.20424650420192636,0.18537623951177737,0.2067802443793023,0.2043845032160018,0.0
0.2004750116320198,0.20417790195979046,0.18657590850371852,0.20600933974061914,0.202761838163852,0.0
0.19575918419113342,0.19543008557907077,0.19330458002096923,0.2099821857962538,0.20552396441257278,0.0
0.19879253042921882,0.20145999470198184,0.1871919914008588,0.20625743298089355,0.2062980504870469,0.0
0.19625777219722307,0.20066586177375512,0.18525151149775995,0.2112630473261392,0.20656180720512277,0.0
0.19862552731199992,0.20165452765921604,0.18484167106701482,0.2085318484923727,0.2063464254693965,0.0
0.1986546385873738,0.2002700032646397,0.18477169566134652,0.20736840547941696,0.20893525700722304,0.0
0.19640002059658054,0.2040650105117987,0.18873857827524698,0.2053265285567203,0.20546986205965362,0.0
0.20085062998897427,0.20012028351404001,0.18845871443434892,0.20951533213462023,0.20105503992801654,0.0
0.19944690822220304,0.20189424700965974,0.1899239542650716,0.2067598986003462,0.20197499190271934,0.0
0.19886676789676505,0.20144724858152502,0.19009520700137245,0.2057210811134099,0.20386969540692756,0.0
0.20088353039480178,0.198565427190635,0.1909198973299852,0.20916712561141856,0.20046401947315934,0.0
0.1994849426298523,0.19827467812104022,0.1855572030338886,0.20905858295868496,0.20762459325653398,0.0
0.20591469122365427,0.20149887332546376,0.1919551016485056,0.2004025162494667,0.20022881755290964,0.0
0.2,0.2,0.2,0.2,0.2,0.0
0.1977243869888056,0.20075169630055084,0.18919598007556068,0.20847194704823074,0.20385598958685208,0.0
0.19975945338159898,0.20023425889559887,0.1893388633121159,0.2067292443436998,0.20393818006698636,0.0
0.20026802249786582,0.1992900589705339,0.18967068655556266,0.20847742515409207,0.20229380682194556,0.0
0.19784085153017952,0.19748607662039655,0.19002826638004747,0.2068524561581316,0.2077923493112448,0.0
0.2047312794318875,0.20509190744785763,0.18570746677477637,0.2083157929040219,0.19615355344145657,0.0
0.20253411183192047,0.1996337609853394,0.18697726799783063,0.20991865990482922,0.20093619928008025,0.0
0.19901231988864448,0.2032858147303246,0.18807723361529707,0.20589469392091378,0.20372993784482005,0.0
0.20310788907446373,0.19875689068963792,0.1900252936483698,0.20850160377597027,0.19960832281155821,0.0
0.19826059834792817,0.20441726617446426,0.19011899151645023,0.20387059564422247,0.20333254831693484,0.0
0.19720836986465945,0.20043006586091722,0.19184762459623367,0.20703297342734867,0.20348096625084108,0.0
0.20147303022742918,0.19801609249762936,0.1932446107576434,0.20688629831961175,0.20037996819768628,0.0
0.19788157208719778,0.1943365449307492,0.1942077552192118,0.21157671641916556,0.20199741134367574,0.0
0.19917401526691828,0.1998260109028553,0.19179399599312105,0.20766529033096032,0.20154068750614504,0.0
0.20040751299811785,0.20308036962937842,0.18723439570394537,0.2061929821848754,0.20308473948368294,0.0
0.19854562035576434,0.20190971813032826,0.1839605471574742,0.21058733025634113,0.20499678410009195,0.0
0.19878874019586332,0.19413638796488647,0.192064654912198,0.21186760519375775,0.2031426117332944,0.0
0.19759699171916767,0.1964929390231734,0.19397734232617378,0.2095677632856915,0.2023649636457936,0.0
0.19584537782606262,0.20151295107280237,0.18441389465734687,0.20871468997077672,0.2095130864730114,0.0
0.19880642029411563,0.19905989335612098,0.1857347460797476,0.2072215109542872,0.20917742931572872,0.0
0.1985989633097015,0.19940905846052404,0.1893404665735662,0.210022307498038,0.2026292041581702,0.0
0.1990452939811963,0.20349222714192733,0.18715362838234914,0.2067839902483755,0.20352486024615174,0.0
0.19798210356076942,0.1987050702025293,0.18969384960788063,0.21078937633795425,0.2028296002908663,0.0
0.19557991316468396,0.2041913615493458,0.18671423674848034,0.20712701044093104,0.206387478096559,0.0
0.19869058930110434,0.2041326106988601,0.18694230498523426,0.20766161890101273,0.2025728761137885,0.0
0.19816316991404123,0.20234960201998636,0.19125882439200956,0.20739838785496525,0.2008300158189976,0.0
0.20028153890477146,0.19659855733637294,0.19032622486935613,0.2089100145015558,0.20388366438794367,0.0
0.19834601028769397,0.20216568986834474,0.18553095398011832,0.2105334399180922,0.2034239059457507,0.0
0.20010061941889062,0.19932306502499608,0.18710695342088884,0.20846137980715432,0.20500798232807013,0.0
0.19834842387672935,0.1957721475197091,0.1915114851846116,0.21079828138630408,0.20356966203264587,0.0
0.19892275238646753,0.19793869955037635,0.1846542948458603,0.21199162060363022,0.20649263261366563,0.0
0.19500365925839963,0.19229167495572783,0.19494004249255237,0.2129197031862415,0.20484492010707855,0.0
0.19788380873039804,0.2020420310611483,0.1901278674695617,0.20794202013009383,0.20200427260879816,0.0
0.1986055934017713,0.19475448933430514,0.1888889614146118,0.2094053548276442,0.20834560102166744,0.0
0.2016698678498746,0.1986651776320759,0.18695284772692675,0.21064130031749717,0.2020708064736256,0.0
0.19867080972464798,0.20520867474715895,0.18121756270832737,0.21037058785540003,0.2045323649644657,0.0
0.19670877154430194,0.20421247420428135,0.18578441972703255,0.20912074834084776,0.20417358618353645,0.0
0.1997106275727614,0.19744655496686342,0.1918880484452425,0.20908946171644,0.2018653072986927,0.0
0.20013786673890652,0.20264307711817187,0.18413645454127203,0.20822025269276878,0.20486234890888072,0.0
0.20260318086262005,0.20197187968500113,0.19139717933113473,0.20589615612029172,0.1981316040009524,0.0
0.2015097225050723,0.20489340074250878,0.18642830591807685,0.20702397477745624,0.2001445960568859,0.0
0.19876144203005086,0.19732076117021732,0.1859190531235601,0.21157925114835283,0.20641949252781888,0.0
0.19986396323926298,0.20132662131553689,0.18682235759254895,0.20932412722190194,0.2026629306307494,0.0
0.19768922738518713,0.20022036944575614,0.18859293173583894,0.2074513748920951,0.20604609654112263,0.0
0.19823741431018777,0.19971546012236296,0.18870405837086063,0.21318501656129135,0.20015805063529737,0.0
0.199197111814296,0.19966304532204135,0.187859738590152,0.20821022865658928,0.20506987561692133,0.0
0.19798251337337933,0.20245943383689938,0.1860573379631644,0.2067367409758017,0.2067639738507553,0.0
0.1993314273451066,0.19918953599636238,0.18504720763519092,0.21011572075424412,0.2063161082690961,0.0
0.19927657362422407,0.19961803756099283,0.2020594005986877,0.19903497349971425,0.20001101471638122,0.0
0.19792800570923993,0.20096787965359522,0.1845828226323824,0.209223004031744,0.20729828797303831,0.0
0.19513709132253415,0.20312001814675373,0.1874744433403288,0.21154598724078297,0.2027224599496004,0.0
0.200057785507569,0.20075228630908654,0.18833797024331514,0.20699707671261405,0.2038548812274152,0.0
0.1994918422624148,0.20498395016147153,0.18655623154320142,0.2055172592980832,0.20345071673482898,0.0
0.19912561896185946,0.19808623991873917,0.1885278262290371,0.20905414470893363,0.20520617018143072,0.0
0.19786027382684734,0.20179622547467574,0.19136481902560695,0.20791167554302356,0.2010670061298464,0.0
0.19950082996967658,0.20174037124776398,0.18538805038869813,0.21205928291621204,0.20131146547764922,0.0
0.19733693291164375,0.1965316939031251,0.1937503600344733,0.20819168901725016,0.20418932413350754,0.0
0.1999463857370848,0.2034803136987416,0.1859188997965135,0.2070880416273423,0.20356635914031784,0.0
0.20159852600238895,0.19875796098606624,0.19002003888640373,0.20939451687575877,0.20022895724938236,0.0
0.2,0.2,0.2,0.2,0.2,0.0
0.19891911074579516,0.19792624642310555,0.18476355421296578,0.20865832296495176,0.20973276565318172,0.0
0.19827539468617103,0.20287082207660742,0.18213216649437286,0.20846700775966479,0.20825460898318401,0.0
0.19905409664501816,0.20141722285135563,0.1857046415812066,0.20789555222577022,0.20592848669664934,0.0
0.20006424431219788,0.20446567423885761,0.18724834871525467,0.20702394656968878,0.20119778616400114,0.0
0.2003739614947363,0.2048184834691309,0.18616717717560707,0.2071966326790528,0.20144374518147298,0.0
0.2009249100481472,0.19662594295914781,0.20354288173159163,0.20291944750878615,0.19598681775232724,0.0
0.19901256871585146,0.19988234130818222,0.1850755651953186,0.2109676649123449,0.20506185986830294,0.0
0.19835834898358073,0.20170663663643348,0.1835593160181473,0.20903639322978385,0.20733930513205465,0.0
0.20001333251279824,0.19680172971450052,0.18514930745709002,0.21044717988093245,0.2075884504346787,0.0
0.19896657666672837,0.20286402029909467,0.18688304948741996,0.2092988168381938,0.20198753670856315,0.0
0.1984472408899904,0.20082999791187112,0.1898825082764947,0.21016145157527333,0.20067880134637056,0.0
0.20131284705625757,0.20245530301437245,0.1886788298673733,0.2060647571046491,0.20148826295734762,0.0
0.19925926746700626,0.2014474412907068,0.18964255526371127,0.20681867406440593,0.20283206191416975,0.0
0.19882737376148216,0.20054360648148792,0.19147993328500976,0.20631335404127413,0.20283573243074596,0.0
0.19906022388230435,0.19946578557712752,0.18947214529718445,0.20996970528674935,0.2020321399566344,0.0
0.2018013893559138,0.20278897732491424,0.1860005715563949,0.20980968586677076,0.1995993758960062,0.0
0.19990772206018437,0.20382010332287728,0.18281994913266572,0.2100384896285222,0.20341373585575032,0.0
0.2051559108614824,0.19815944443177314,0.19679927628152488,0.20250489682002126,0.19738047160519834,0.0
0.19899845639234368,0.19897172596597462,0.18431323757970733,0.2115517296059567,0.2061648504560176,0.0
0.19831925933533356,0.20247625738486014,0.18725390519358168,0.20809097420162725,0.20385960388459734,0.0
0.20037933595228277,0.20377848686361644,0.18654007949704568,0.20678841911075435,0.20251367857630084,0.0
0.19898716447295914,0.20112789962682645,0.18408861635338786,0.20919996165160232,0.20659635789522415,0.0
0.19620631087086457,0.2016503031857583,0.187578634776753,0.20992121343665315,0.20464353772997088,0.0
0.19800600303919563,0.2048805694100142,0.18894619324981532,0.2071672282800953,0.2010000060208796,0.0
0.20235079287213587,0.20206093500002748,0.18840455563624411,0.2065900085255832,0.20059370796600925,0.0
0.1998247867896578,0.20139836488539564,0.18944189620711413,0.20790734016700524,0.20142761195082715,0.0
0.19583170539537073,0.20369314324043972,0.18824318107773677,0.20671861040896702,0.20551335987748573,0.0
0.19881566233779863,0.1978143133796286,0.19285381298455112,0.20860610827232084,0.20191010302570084,0.0
0.1969162816669153,0.20397957602257286,0.18152235634752267,0.2112945315486173,0.20628725441437193,0.0
0.19852888669116864,0.2018076143587506,0.187572524586407,0.20889626850717882,0.2031947058564949,0.0
0.20301950938122318,0.20114288206955946,0.18985554452238848,0.20113552791929476,0.20484653610753414,0.0
0.19505814085791365,0.20196600511929216,0.18691040622987565,0.2097065136405972,0.2063589341523213,0.0
0.19960800177153615,0.19590121889804987,0.18909343121688485,0.20848497557347134,0.20691237254005784,0.0
0.2003688002776973,0.19762572226168693,0.19171705700256492,0.20767846648341956,0.20260995397463127,0.0
0.20197140128923305,0.20069663690893616,0.18785629860742256,0.20829021058643638,0.20118545260797188,0.0
0.19636487704340064,0.2024740158941856,0.18650727859513958,0.2084956227336678,0.20615820573360644,0.0
0.19788190236629627,0.20153110489562603,0.18856258250437463,0.2075526665920111,0.2044717436416919,0.0
0.19574250411922536,0.20307150636235485,0.18590689195118706,0.211642690512529,0.20363640705470365,0.0
0.1966793159161357,0.20659549641774425,0.18425346505602355,0.2081107749270682,0.20436094768302848,0.0
0.19615660392124107,0.19546729319583808,0.1944339217731598,0.20927464684149785,0.20466753426826312,0.0
0.20105360680938775,0.20011199697919077,0.18479800677177244,0.21311726883823295,0.200919120601416,0.0
0.19639652218972672,0.19165521481567124,0.1939043880010525,0.2134581750097844,0.20458569998376516,0.0
0.20036735074704765,0.19971048016308562,0.18621001818222221,0.20906090713995448,0.20465124376769,0.0
0.201078984916889,0.2051655399065507,0.18384419509960545,0.20744016059363535,0.20247111948331936,0.0
0.1998414856644395,0.20406252073853115,0.1861050880297878,0.20525465035256202,0.2047362552146796,0.0
0.1998206637422402,0.2016486789090337,0.19083170873541253,0.20573852154530103,0.20196042706801254,0.0
0.20012714038553736,0.20005847864930298,0.19530014933256096,0.2048708192209975,0.19964341241160116,0.0
0.20056387281871058,0.19955312606844866,0.19062790951043546,0.20745307637469906,0.20180201522770627,0.0
0.19953010250095804,0.20221767323244003,0.1889439781194505,0.20802045454205112,0.20128779160510024,0.0
0.19774466614038821,0.20394520847955858,0.18689202432190866,0.2062358607592534,0.2051822402988911,0.0
0.19835786555755217,0.20373216168535593,0.18863980235341563,0.20685726594829001,0.20241290445538623,0.0
0.1989467172639399,0.1985393282895757,0.18874929758907819,0.20890925293511176,0.20485540392229454,0.0
0.19652287753335684,0.19865843825167454,0.19105290639111247,0.20799663123503934,0.20576914658881687,0.0
0.19399417405374694,0.19878096155220906,0.191408385634619,0.21147214226276173,0.20434433649666336,0.0
0.1997902375828156,0.20573660366360277,0.18708850635705293,0.20506091121323783,0.20232374118329077,0.0
0.19751241887250964,0.20333488662014118,0.18307304263289392,0.21270298073758762,0.20337667113686778,0.0
0.1977566773724536,0.19895348184622186,0.18619230063995995,0.20989904614906305,0.20719849399230164,0.0
0.20003703116642782,0.19771022507533217,0.18890015506930022,0.2089276686412125,0.20442492004772728,0.0
0.19997481722525395,0.19933700363058957,0.18864535056674567,0.20674048021953043,0.20530234835788036,0.0
0.19700062723799544,0.20066532334658654,0.18575672232902973,0.21164040004755866,0.20493692703882968,0.0
0.19550189714970162,0.20087353602423483,0.18554615589148582,0.20982917333177475,0.208249237602803,0.0
0.19925343006174148,0.20327689626725048,0.18774372666486908,0.20608964115990192,0.20363630584623713,0.0
0.1985162877660213,0.1983273661490802,0.18549985896819268,0.21132893687336854,0.2063275502433374,0.0
0.1990706966446342,0.2025814262661866,0.18611081532651402,0.20791542115254583,0.20432164061011934,0.0
0.19883681125314806,0.2018847029894036,0.18859666820195628,0.20819536853691903,0.202486449018573,0.0
0.19805326294070824,0.19643490805593922,0.1924915285345476,0.21121912359289674,0.20180117687590812,0.0
0.19816419555691495,0.20418626113160432,0.1871334757580057,0.20620664704489922,0.2043094205085757,0.0
0.20061514965793084,0.20389665849753305,0.1837470547587123,0.207762836824478,0.20397830026134572,0.0
0.19649710506000093,0.19566957148380953,0.19254008297434752,0.21103871149464104,0.20425452898720106,0.0
0.19667491535396106,0.20090513629963758,0.18577532736708313,0.20881485852716755,0.2078297624521508,0.0
0.200669430809305,0.19734048779840055,0.19014462713553343,0.20942026461777954,0.20242518963898157,0.0
0.20033728230738762,0.1995296050459065,0.18540173645731484,0.20813249948028814,0.20659887670910299,0.0
0.20095124556263788,0.20437268823193702,0.1867853589516091,0.20631784626324376,0.20157286099057223,0.0
0.19746065593987824,0.1981518381813618,0.18785657954911625,0.2123658369984828,0.2041650893311609,0.0
0.2002618553514731,0.20110698605634128,0.193268317550874,0.2040663478567162,0.20129649318459542,0.0
0.19881868033134165,0.20026374479850728,0.1872329698654092,0.20954950801206534,0.20413509699267648,0.0
0.19711515014505548,0.19864863173005537,0.1890799224011863,0.2092910104792423,0.20586528524446063,0.0
0.19756306493959028,0.20167924645508917,0.1877840872098526,0.2086461638926042,0.20432743750286378,0.0
0.20264446026927105,0.20431748774121525,0.18800572383908912,0.2061767094649899,0.19885561868543475,0.0
0.1996153989537814,0.20579260496595064,0.18588604895831637,0.2058310066614142,0.20287494046053753,0.0
0.20047083794255607,0.20291896360688075,0.18696635707726836,0.20789258889636783,0.20175125247692702,0.0
0.19717425131985092,0.19856553152610285,0.1886670665473776,0.20647161555817437,0.2091215350484943,0.0
0.1979593986372699,0.19441626041829346,0.18935247748235481,0.21110846958372737,0.20716339387835436,0.0
0.19807346637519516,0.20351274524647303,0.1870517282944245,0.20833482381209348,0.20302723627181388,0.0
0.20012224803664744,0.20399334899819632,0.18513211380408753,0.20647896187401577,0.20427332728705294,0.0
0.1986915966439156,0.2007624588565253,0.18648697388743007,0.20841457867765165,0.20564439193447737,0.0
0.19882295231184283,0.19625092626189355,0.19043225253709786,0.20724655528823813,0.2072473136009276,0.0
0.19729097803025974,0.19543007990254632,0.19325455030822672,0.21162181342299857,0.20240257833596856,0.0
0.1987601649738579,0.19558760133336758,0.19247885493036324,0.2110206668870052,0.2021527118754061,0.0
0.19781886024457393,0.20198171665565554,0.18610505784737325,0.2109347234991557,0.20315964175324155,0.0
0.2012014973008958,0.20259372433840273,0.18979057428702614,0.20813687609717002,0.19827732797650527,0.0
0.19521207133025112,0.19276628006513247,0.1931164415301137,0.21308050196826694,0.2058247051062358,0.0
0.20296979690558778,0.2059725200536002,0.18657520594652774,0.2049906031178481,0.19949187397643617,0.0
0.19541519165762336,0.19246238319937867,0.19575459396900943,0.21157483911523778,0.2047929920587508,0.0
0.19907093502772072,0.1987220531419472,0.1846960156873646,0.20944252272613204,0.20806847341683538,0.0
0.19858048068040418,0.19485148572971392,0.19301938832917004,0.20928180550204864,0.2042668397586633,0.0
0.19793451932734307,0.20405464344125912,0.18577023885738536,0.20759500286985574,0.20464559550415665,0.0
0.20053642338938274,0.20038944939214773,0.18703099492461694,0.20678822671964875,0.20525490557420378,0.0
0.19725766364595795,0.1974582772001318,0.19266408895380413,0.20941118088636998,0.2032087893137362,0.0
0.19915995130733966,0.19664176884371234,0.18533951277796942,0.20901338930196234,0.20984537776901613,0.0
0.20168123275155045,0.2008130946288066,0.18493609199451647,0.2088618418597126,0.203707738765414,0.0
0.19732201825639004,0.19613901902637917,0.19141420695392844,0.21136592154605655,0.2037588342172457,0.0
0.2017772954384943,0.19955512373705156,0.1864615450626591,0.20819255618059662,0.20401347958119845,0.0
0.19852905217911626,0.20054068909888417,0.1909135179345023,0.20595552695988295,0.20406121382761427,0.0
0.19889041346732916,0.20480241166391294,0.18757580292210482,0.2054500523481683,0.20328131959848475,0.0
0.2000839428057115,0.204514610824796,0.1886590985475453,0.2048929420039941,0.2018494058179532,0.0
0.19983434050507112,0.19854046847865608,0.1906128650631585,0.20898762215424818,0.20202470379886606,0.0
0.19872843808782015,0.19664728038436854,0.19128693888292786,0.2111600948701632,0.20217724777472032,0.0
0.1977420817611044,0.20166245790154858,0.18730582876578297,0.20999278320132145,0.2032968483702426,0.0
0.1999216426068377,0.20427406716927987,0.18559621126110656,0.2064274348915668,0.20378064407120905,0.0
0.1984279253114753,0.20128935887728994,0.19016235437077691,0.20779306360466493,0.20232729783579295,0.0
0.20190214442683033,0.19870760517764452,0.19234437583927053,0.20523583500786352,0.20181003954839116,0.0
0.1991442172504573,0.20524038265250313,0.1817836975065017,0.2090083173093676,0.20482338528117025,0.0
0.19993469319468132,0.20143806173294257,0.1862604375696083,0.20747479624492637,0.2048920112578415,0.0
0.1996948618167913,0.19889265799195674,0.18921093466659056,0.20917137801923388,0.20303016750542743,0.0
0.2002202951678697,0.20303414399864383,0.18683600258945587,0.20623436928275354,0.20367518896127704,0.0
0.19637846992549643,0.20058388479378195,0.1875651085247313,0.21080794231837785,0.20466459443761242,0.0
0.19754222763905954,0.1995387329622116,0.18723982195529743,0.20777247360609707,0.20790674383733437,0.0
0.19782319683349456,0.19834879391399246,0.18797164275588837,0.2074162893540627,0.20844007714256202,0.0
0.19912504724024765,0.19975774749227182,0.18653623598799599,0.21102164016777814,0.2035593291117064,0.0
0.19671401279469106,0.20455452422553547,0.18899272682173954,0.20707497861600757,0.20266375754202634,0.0
0.19710459648393572,0.1976516342801643,0.1891002802136075,0.21335313497850458,0.2027903540437879,0.0
0.20412568392891603,0.20508020026256524,0.1873256412829483,0.20572179307907965,0.1977466814464908,0.0
0.20023669899274502,0.20211236504251795,0.18456403036345695,0.20764699950041132,0.20543990610086882,0.0
0.2,0.2,0.2,0.2,0.2,0.0
0.19936675030237574,0.20427783275635433,0.18815275455432193,0.2034844910676112,0.20471817131933676,0.0
0.2042170805035983,0.20404316498327235,0.18769656857173128,0.20611336664673371,0.19792981929466438,0.0
0.19870667287301408,0.19431677011998344,0.1892749268817941,0.2097389186979002,0.20796271142730824,0.0
0.19672414512829936,0.19747786315750823,0.18947730758576783,0.20944492587317162,0.20687575825525298,0.0
0.20206607389333112,0.19794456468206964,0.18491495468885252,0.21089430928489886,0.204180097450848,0.0
0.20064001495627198,0.2023976422678888,0.18731201418440888,0.20703763081092902,0.2026126977805013,0.0
0.19637377548817056,0.1968671428100772,0.1925665050047819,0.21077686773152665,0.2034157089654436,0.0
0.1995070727609505,0.20173407892017053,0.18910013413474341,0.20969806027231305,0.19996065391182247,0.0
0.19950748832602969,0.2049409848404156,0.18867404327203252,0.20436607144988606,0.20251141211163612,0.0
0.20146567280799313,0.19822257055085224,0.18810011661486511,0.21019059884701868,0.20202104117927083,0.0
0.2017510806559177,0.19627782965289864,0.18691897313112193,0.21161337193073398,0.20343874462932776,0.0
0.19930012960890192,0.2050637186260024,0.18563975584993012,0.20805079200204024,0.20194560391312533,0.0
0.20073851482684052,0.20172676114047638,0.18639696542961834,0.20869979728041563,0.20243796132264907,0.0
0.1959595374508293,0.2041369006265851,0.18617790840297563,0.20556111376946756,0.20816453975014237,0.0
0.19791344898942792,0.2035433058532401,0.18779023038039336,0.2055768711871067,0.20517614358983197,0.0
0.19899147571953127,0.2014359516353453,0.19176564848165392,0.20771216856436742,0.20009475559910217,0.0
0.20087513990444777,0.2036736872158214,0.19066707161364585,0.2062967203700812,0.19848738089600385,0.0
0.19726413041443297,0.18926541322309787,0.2064942521874591,0.2053827360860585,0.20159346808895165,0.0
0.20083316257661463,0.2024772158096415,0.19268469323670592,0.20272412995408484,0.2012807984229532,0.0
0.20226542306314407,0.19773272825107827,0.19556173821873815,0.20415897319492782,0.2002811372721116,0.0
0.1992138368119758,0.2013912256920542,0.19053200819623267,0.2078421687263452,0.20102076057339216,0.0
0.20112013410370397,0.20032825431869894,0.19487400900497887,0.20286861999990974,0.20080898257270852,0.0
0.19688255873428442,0.20642262582267523,0.1850665927232177,0.20783316070262198,0.2037950620172007,0.0
0.20035148344836975,0.19822933886897992,0.19087761875932516,0.20795223992727194,0.2025893189960532,0.0
0.19744039371541713,0.20388903791185456,0.18871568308521686,0.20585562382738137,0.20409926146013008,0.0
0.20167617006526503,0.20089712926535516,0.19065736653297874,0.20253808929809275,0.20423124483830835,0.0
0.20492447110556364,0.2038076187404729,0.18523566324283786,0.20630138348604818,0.19973086342507734,0.0
0.1972613885025105,0.2024075463142042,0.1878049982870103,0.20823004647234744,0.20429602042392764,0.0
0.20000653016174377,0.19468489196140457,0.19258022989501955,0.21106126247618842,0.20166708550564358,0.0
0.19652394831370398,0.19814582306832648,0.1938582166236172,0.20982620797211168,0.20164580402224067,0.0
0.2005851340904327,0.2011563246279469,0.19105214234618942,0.2071684882507509,0.2000379106846801,0.0
0.19946644042155068,0.200821230668736,0.1867160795223525,0.20705227998816506,0.20594396939919585,0.0
0.20387500167957695,0.2007771515937083,0.19278292717156617,0.20361192289378946,0.19895299666135907,0.0
0.2019708190089023,0.19948258519526843,0.19746220177801682,0.202779919269629,0.19830447474818344,0.0
0.19821604670894297,0.20446328522761142,0.18240279190396175,0.21033261225665384,0.20458526390283002,0.0
0.19893004567282505,0.19979460459160314,0.1901234656195646,0.21100214841865034,0.20014973569735697,0.0
0.1966701104567877,0.19772050935333907,0.18907981893538015,0.20892230069285497,0.2076072605616379,0.0
0.19990953928585198,0.20002752699698761,0.18849543169303765,0.20724410195143453,0.20432340007268826,0.0
0.19961720919617804,0.19826180322497655,0.18937968853091638,0.20907323423485008,0.20366806481307903,0.0
0.19653847183075837,0.19928112029853454,0.1894335004965836,0.21170337266175246,0.20304353471237102,0.0
0.19825630512640027,0.19980001468026543,0.18824986504022864,0.20825954191369436,0.20543427323941124,0.0
0.19731671093577,0.20037663050454452,0.18870936772250627,0.2110779246573875,0.2025193661797917,0.0
0.19880432869482503,0.20391572762649043,0.1837794281214838,0.2078644289309638,0.20563608662623695,0.0
0.1995328906976166,0.20455110715205826,0.18593054978918538,0.20656111389660325,0.20342433846453656,0.0
0.1990203260787476,0.1995124279715776,0.18969067924088792,0.20724354310237306,0.2045330236064137,0.0
0.19653792001120313,0.2031662931089235,0.18307280039651538,0.2100533084678186,0.20716967801553943,0.0
0.19966104692295655,0.20064346738300426,0.18756468528905432,0.20867844585107095,0.2034523545539138,0.0
0.2004961715611222,0.20273971876837718,0.1897370264966321,0.204183883012156,0.2028432001617125,0.0
0.19805639638482614,0.20347097675596415,0.1804145114340681,0.20999358301398477,0.2080645324111569,0.0
0.19890018387579805,0.2018345730847911,0.18649660882509955,0.20922544315223146,0.2035431910620799,0.0
0.19749825109573024,0.20193917690909646,0.18771857716968127,0.20957852130589244,0.2032654735195997,0.0
0.19764688005334383,0.2024311965587708,0.18671592733435935,0.2072195736785504,0.20598642237497566,0.0
0.19859414815358825,0.1997786920452732,0.18557521387419113,0.2093440699369365,0.20670787599001103,0.0
0.19751917709664038,0.19783314146305375,0.18870117135429496,0.20769091829971348,0.20825559178629743,0.0
0.197308817316717,0.20013638478366894,0.18713336787079723,0.20887937300708176,0.20654205702173492,0.0
0.19747293093980645,0.19964719536907757,0.1876596723221103,0.21310114748589734,0.20211905388310838,0.0
0.201724089777621,0.19843258485083917,0.19048084806324317,0.2080853565682768,0.2012771207400198,0.0
0.20265598879465213,0.20133467828416593,0.18813982912750538,0.20747311132653073,0.20039639246714605,0.0
0.19787887704523133,0.19410777217200254,0.19186036466013495,0.21254720401235438,0.20360578211027688,0.0
0.19633439823527596,0.19863411292951827,0.1989136280737974,0.20545274998334506,0.20066511077806343,0.0
0.198244516206381,0.2006098823817921,0.1839336164379288,0.21031748243533868,0.20689450253855934,0.0
0.19942304918823006,0.2033920337007688,0.1820950456495523,0.20959508170080218,0.2054947897606467,0.0
0.197662385482173,0.2005329235364765,0.1907079326091892,0.2096731579131306,0.2014236004590307,0.0
0.19766345370627572,0.19164181590730145,0.20777146546205735,0.20459801628867466,0.1983252486356909,0.0
0.19843700736918976,0.20399313242862832,0.1844001754186173,0.20746958439211877,0.20570010039144584,0.0
0.19845116748084254,0.2033109734223968,0.18445749547263052,0.21022200996326523,0.20355835366086492,0.0
0.1962660398807123,0.19238628350552084,0.20187456721283603,0.20554258074889997,0.20393052865203087,0.0
0.19977529905030095,0.2045044127518682,0.19013923018698578,0.20382591595762675,0.20175514205321832,0.0
0.19609530940224346,0.20129921204806478,0.1862214892917871,0.21024612624904232,0.20613786300886228,0.0
0.19931588518441645,0.20077986721162236,0.19035903581529875,0.2076210045259661,0.20192420726269636,0.0
0.1972361528934608,0.199704281801866,0.18917407604222272,0.20723013576340193,0.20665535349904854,0.0
0.1992437643901969,0.20315682083701436,0.1848049823502802,0.20871114103614125,0.2040832913863673,0.0
0.19890294144054743,0.2002956224981532,0.18920738141770005,0.2070796419552349,0.20451441268836446,0.0
0.20156414887891635,0.20384647162968297,0.18537348055960165,0.20536449857324976,0.20385140035854912,0.0
0.19879916702798295,0.2022192255648676,0.18840996391118528,0.20616563476213912,0.20440600873382506,0.0
0.19739764086660944,0.20669046968255597,0.18248827311726137,0.2080463404703888,0.2053772758631844,0.0
0.1996713561954826,0.2060732753826835,0.1861510206596256,0.20480402053672828,0.20330032722547997,0.0
0.2,0.2,0.2,0.2,0.2,0.0
0.1982712351413375,0.19377822141055634,0.19675695799310103,0.20897914966119627,0.20221443579380888,0.0
0.20082490674903805,0.20078510547457645,0.1899772609801631,0.20694818517630986,0.2014645416199125,0.0
0.2018921865942885,0.20131717810417196,0.1887839497090528,0.20479875266046751,0.2032079329320193,0.0
0.20102467192123102,0.20263398591319323,0.1870679970575233,0.20769506426166143,0.20157828084639112,0.0
0.2033941131148208,0.20235382991326417,0.18722288286053076,0.20669157519049727,0.2003375989208869,0.0
0.2001087886385963,0.20503476822824993,0.18807588890397972,0.20448068399664743,0.20229987023252663,0.0
0.19878441821326226,0.2058174776383741,0.1870339958695484,0.20548476950700237,0.2028793387718128,0.0
0.19934403887767999,0.19941318940553968,0.18864552239901902,0.2099150334835902,0.20268221583417123,0.0
0.19976638156453466,0.19973515824995738,0.18821749189015188,0.20784941282232028,0.20443155547303588,0.0
0.20058693785249931,0.19962008172487403,0.18795146757349362,0.211418506292852,0.2004230065562811,0.0
0.20039210857874679,0.20360221713466947,0.18765229725772115,0.20596842510373256,0.20238495192512995,0.0
0.1991288759305059,0.20425848956972265,0.186790869414086,0.20770715999531228,0.20211460509037316,0.0
0.19767002261628644,0.19983045638597632,0.18630725966883557,0.21077071644131404,0.2054215448875875,0.0
0.1987394171281198,0.2019526961125019,0.18779987304440496,0.20561624364680967,0.20589177006816373,0.0
0.2,0.2,0.2,0.2,0.2,0.0
0.1954185392135883,0.1998920736813356,0.1906032611148438,0.2108788618041993,0.203207264186033,0.0
0.19740095091629084,0.1989543157721964,0.18867258820372257,0.2107033808699879,0.2042687642378022,0.0
0.19942447158325827,0.20382159049180848,0.1889567123174646,0.20504904436952462,0.20274818123794408,0.0
0.19830000944091114,0.2003643347434516,0.1912189686287165,0.2062470348195548,0.20386965236736593,0.0
0.19779439002951962,0.2049510911318206,0.18211600987671595,0.20855792469761056,0.20658058426433326,0.0
0.19734621512873698,0.19430866692649015,0.1886697110983122,0.21047818289978965,0.20919722394667106,0.0
0.19810640601351961,0.1992470934888754,0.19368919680803107,0.21029601626739103,0.19866128742218284,0.0
0.1980514360797031,0.2000805416737501,0.19160280012755046,0.2089847957245629,0.20128042639443328,0.0
0.19650397775508063,0.19788453763977884,0.18964385877726792,0.2108994879818627,0.20506813784600986,0.0
0.20015979652427113,0.1987473053478721,0.19149545530994966,0.20633323987694627,0.20326420294096093,0.0
0.1975461270092895,0.1967769996863454,0.1893463332301124,0.21251761044760825,0.20381292962664443,0.0
0.198849940518034,0.19678123798669717,0.20060118335005214,0.20233575686458274,0.20143188128063402,0.0
0.20073588347111848,0.19976656581565697,0.18706038458482344,0.21099957702048328,0.20143758910791792,0.0
0.1978286853817442,0.19877052939222292,0.1885158640229413,0.21096068921167033,0.20392423199142115,0.0
0.19968544688503836,0.20164498418186297,0.18753569875714984,0.20836934675928498,0.20276452341666396,0.0
0.19876119104068823,0.20220667833386644,0.1826085170896675,0.20992627857716062,0.20649733495861713,0.0
0.19653604502374444,0.20298276842648938,0.1838845856891965,0.2095347651936068,0.20706183566696285,0.0
0.20046103968547047,0.2027996642166692,0.18893423139954893,0.204710897327423,0.20309416737088862,0.0
0.20263584092073866,0.2050015092414109,0.18619254164364016,0.20490196774204297,0.20126814045216745,0.0
0.19909941738907827,0.2013909264685246,0.18803376631222776,0.20821369864614964,0.20326219118401964,0.0
0.20119403807506803,0.2013017221679574,0.1907305099388532,0.20572776339666318,0.20104596642145822,0.0
0.19655064556389168,0.1997320918187976,0.1916236107985417,0.2063446054959274,0.20574904632284174,0.0
0.20135223200892452,0.1962573531995788,0.18957503987834645,0.2102719794900256,0.20254339542312452,0.0
0.19987900331018152,0.2003638057447074,0.19375867915596715,0.20620521332720648,0.19979329846193739,0.0
0.20256519735239473,0.20187990338304343,0.1981915945334942,0.19925135510426303,0.1981119496268045,0.0
0.20515977073638844,0.20277107252123455,0.1883758263052736,0.205701431266464,0.19799189917063942,0.0
0.2020648150606043,0.20555416650577532,0.18516248014333736,0.20492241409819423,0.20229612419208878,0.0
0.199061514220084,0.20525779480165934,0.18579032210869564,0.20706879438342665,0.2028215744861345,0.0
0.19925288126359333,0.1986893547254269,0.19182294380297912,0.20724887358215394,0.20298594662584665,0.0
0.19948859860254636,0.20068239492844453,0.1856120026068389,0.20978756393402667,0.2044294399281435,0.0
0.19999796970963665,0.20365701884098966,0.1866745749497543,0.20783231561690244,0.20183812088271696,0.0
0.20040344477470323,0.20458916331009555,0.18764988474161526,0.20678273135931277,0.20057477581427316,0.0
0.19837663364226338,0.20029972744388128,0.18443798819819837,0.21016215340800423,0.2067234973076527,0.0
0.19827808635215322,0.18590588873540861,0.2091110697517588,0.2059994822715095,0.20070547288916996,0.0
0.2027606826127431,0.20484297244436886,0.19390462127794045,0.1995603838395449,0.19893133982540273,0.0
0.2025076423345158,0.19967813578654475,0.18802140433952652,0.20884585858342772,0.2009469589559851,0.0
0.1977574319205143,0.20054770852665715,0.18606681846429263,0.20816366225923247,0.20746437882930346,0.0
0.19848178979909992,0.19723440465859407,0.19014031134611745,0.20793621664685863,0.20620727754932994,0.0
0.1963766039743295,0.1949392181613591,0.1925883164355367,0.21263379997662157,0.20346206145215312,0.0
0.196643771963233,0.20429234176863253,0.1840718081275856,0.20825245389743235,0.2067396242431164,0.0
0.19638169745098222,0.19391731608959548,0.2091973589148243,0.19900614693319602,0.20149748061140202,0.0
0.19807370317845052,0.20340221944206913,0.1821384402154508,0.20997296082046665,0.20641267634356275,0.0
0.1983408807211688,0.2048277718348162,0.18686305650930948,0.20605315586270798,0.20391513507199752,0.0
0.19853961213726776,0.19831174196587772,0.19050515336550347,0.20901711693369532,0.20362637559765565,0.0
0.19857968866795575,0.20233833198929987,0.18698624729535782,0.20757015115646651,0.20452558089092004,0.0
0.2040516840718914,0.20407123344480788,0.19114127710599738,0.20138003248695727,0.19935577289034617,0.0
0.20517776832914983,0.2047164209531533,0.19436484188559772,0.2017484462303609,0.1939925226017383,0.0
0.19944843011876567,0.20282012193342308,0.1914594844455029,0.20704652085899886,0.19922544264330957,0.0
0.19917745009375554,0.20210519394315923,0.1861720435831534,0.20874592733919525,0.20379938504073664,0.0
0.20035092559293352,0.19658758016864888,0.18883864844500942,0.2123028945355493,0.2019199512578588,0.0
0.19894200858344735,0.19909891008748187,0.18974820481130653,0.20927164197536216,0.20293923454240215,0.0
0.19727482466335697,0.20200673341586664,0.1901129428689086,0.20784366040626778,0.20276183864560002,0.0
0.20018362524049219,0.19614424506891762,0.18982701451303532,0.2096401877776388,0.20420492739991616,0.0
0.19997022043530593,0.20193959333568715,0.1879175039434342,0.20536072915637169,0.2048119531292011,0.0
0.20199095830094854,0.20255326338251933,0.188796051432844,0.20872971676076885,0.19793001012291933,0.0
0.19815106831707538,0.19852618949303988,0.1931940579184197,0.20578255789791527,0.2043461263735497,0.0
0.199486228920885,0.202998286538953,0.18638094977860803,0.20997187493596528,0.2011626598255887,0.0
0.22607451257167613,0.18468022349227017,0.19588962696726328,0.19666740690122383,0.1966882300675665,0.0
0.20078892104059004,0.19810760299331773,0.18877996858444648,0.20937216316895155,0.20295134421269417,0.0
0.2007890961598994,0.20120315674711323,0.18628858892466427,0.20855501922525116,0.2031641389430721,0.0
0.20131960996351747,0.19659221800039986,0.1889700272217924,0.21051336662404457,0.2026047781902457,0.0
0.1975818350377808,0.2023878460180774,0.18541526281025802,0.2091103592080277,0.2055046969258561,0.0
0.1997775595182033,0.20378413630781392,0.1840351638329128,0.20746230930697185,0.2049408310340981,0.0
0.1967156217429063,0.2040103556769046,0.18578610115758482,0.2064953406299172,0.20699258079268693,0.0
0.19685060854897288,0.20373201035991417,0.18507337944765567,0.20747028001179535,0.20687372163166184,0.0
0.2002611566087555,0.20361397866800154,0.18232373232560498,0.20603698070246643,0.20776415169517162,0.0
0.1955824257259602,0.19716642939581194,0.18947698512684344,0.21167379917433704,0.20610036057704734,0.0
0.19977067564776219,0.2024854876943657,0.187799602200404,0.20625360746599633,0.2036906269914717,0.0
0.19755893827634724,0.1939811609328727,0.19389357123416312,0.2109768502149783,0.20358947934163862,0.0
0.1991085887305868,0.19933966889860727,0.1855783154256545,0.20661403594988487,0.20935939099526651,0.0
0.19722368845214944,0.19699844616474577,0.19010492405708881,0.21105616305134448,0.20461677827467145,0.0
0.1976452324565436,0.19634902925255218,0.18908282125882336,0.2101116724114228,0.20681124462065795,0.0
0.19766485248989785,0.1981724651880621,0.18885179333518476,0.20752876546393734,0.20778212352291792,0.0
0.19969099697086853,0.19577084723546687,0.19187536782503797,0.20991549771981094,0.20274729024881558,0.0
0.196768716655036,0.19363977733042803,0.19690840391793535,0.20734019149489585,0.2053429106017047,0.0
0.19991882010857423,0.19824450252026854,0.18355129311080584,0.21165126574505544,0.20663411851529595,0.0
0.2034863926597383,0.19938274059567548,0.1872025113032774,0.20542589622946358,0.2045024592118453,0.0
0.19951649483684755,0.20392319462616446,0.1883977187905119,0.20434900195584058,0.20381358979063566,0.0
0.19975029998435448,0.20480972581973497,0.18879850133628095,0.20720420514743879,0.1994372677121909,0.0
0.19756639708748955,0.20624910804227284,0.18338911528259041,0.20965026423762698,0.20314511535002017,0.0
0.20009720400360295,0.20486663600071361,0.18676095936203732,0.2060432664080615,0.2022319342255845,0.0
0.2000636469673667,0.20277650512665168,0.18562226286458114,0.20771639314867543,0.20382119189272502,0.0
0.20036859428701048,0.1989440975905573,0.18631359333525518,0.21050706920195603,0.20386664558522105,0.0
0.2017031552260343,0.20204484216968724,0.18663514488524613,0.20823332453903068,0.2013835331800017,0.0
0.20328494925928609,0.20117864573246252,0.19017951827119414,0.2054848541422125,0.19987203259484482,0.0
0.19901722250483622,0.20470618656992814,0.18715635779766207,0.20578642199779937,0.20333381112977414,0.0
0.19841240889389528,0.20054081366120016,0.18566387237015483,0.20968014851256314,0.2057027565621865,0.0
0.19827118764318571,0.19846806324874486,0.19653941230059824,0.20392886596382895,0.2027924708436422,0.0
0.19589019151729445,0.2004776927054529,0.1878327814392668,0.21010060406632283,0.20569873027166308,0.0
0.19903789332581223,0.20170261119482016,0.18664671321615078,0.20735834514519078,0.20525443711802607,0.0
0.19895252618597922,0.19755582817675105,0.18624982577284457,0.21290262659963882,0.20433919326478622,0.0
0.19506689552765072,0.19803949579119168,0.19042554914057916,0.2084166734806338,0.20805138605994458,0.0
0.19815196534719007,0.20266040434824695,0.18321240631099373,0.21004272965567025,0.205932494337899,0.0
0.20094288823705198,0.19847428999827976,0.19204293406286205,0.20844660081951516,0.2000932868822911,0.0
0.19925820630982646,0.20434313956552266,0.1859588513084602,0.20652876554520452,0.20391103727098608,0.0
0.19940138632867288,0.19914267673706834,0.18652848859170446,0.21231035443836027,0.20261709390419402,0.0
0.1968175662930154,0.2029087097846707,0.18172344029229615,0.21124237618123334,0.20730790744878438,0.0
0.19699020841182907,0.1968614618890299,0.18824205505809405,0.21096980390164594,0.206936470739401,0.0
0.1993222314365775,0.20006271437435136,0.18561965421022425,0.20755894648907341,0.2074364534897734,0.0
0.19718092255377978,0.19915654548823758,0.19768610409883003,0.2062497493494402,0.19972667850971243,0.0
0.19794139781182196,0.19669142304796675,0.1914519438697451,0.21183367297478545,0.2020815622956808,0.0
0.19906820289906413,0.20426475449036202,0.18780443544832387,0.2087718216410536,0.20009078552119633,0.0
0.19890575595194482,0.2032764160741041,0.18945170623118132,0.2060440430627185,0.20232207868005117,0.0
0.19571853630027788,0.19473396138102933,0.19132686043184177,0.2094768944388839,0.20874374744796712,0.0
0.1986227675302796,0.1910072024255978,0.20680621310330718,0.2058355193709457,0.1977282975698698,0.0
0.1991383693553197,0.20054684770215453,0.19010169495806714,0.20847484630085883,0.20173824168359974,0.0
0.20292569538349617,0.20186804721841795,0.18636147929967165,0.20636977773748197,0.20247500036093238,0.0
0.1958041035908487,0.19665536520442908,0.1893320645014477,0.21090138376424303,0.2073070829390316,0.0
0.20002698331035565,0.20369647044905934,0.18342412569658328,0.20886196714540292,0.2039904533985989,0.0
0.19765636274624454,0.20605317722265729,0.18586950549549167,0.20806789210083798,0.20235306243476844,0.0
0.20018840202894417,0.20262463040452547,0.1862518270570119,0.2072207779931334,0.20371436251638497,0.0
0.20053051857172777,0.20161945408236284,0.19381170813560725,0.2067808903811237,0.19725742882917854,0.0
0.20086363453539516,0.20061778994371413,0.1855600804544319,0.20644437410824557,0.20651412095821328,0.0
0.19866096615547227,0.20035509818917738,0.202218592472537,0.19645600219383447,0.20230934098897885,0.0
0.1997925809114472,0.20466113100650402,0.18866317711580746,0.2037214055168657,0.20316170544937556,0.0
0.19789191825479174,0.19788812614557796,0.18944435262151407,0.21139022132572938,0.2033853816523868,0.0
0.199680953309766,0.19897282782160003,0.1921310802266556,0.20830035157758003,0.20091478706439836,0.0
0.19926392940420729,0.19628526250843234,0.1927420769019983,0.2094661735580203,0.2022425576273418,0.0
0.19602936147834923,0.197502346505692,0.19188251028314549,0.21175396857088483,0.20283181316192841,0.0
0.19973881559117998,0.2023692727218866,0.1889896704621349,0.20791901157275053,0.20098322965204807,0.0
0.1993291527282405,0.1988851430733941,0.18941445790246414,0.2109490851433347,0.20142216115256645,0.0
0.2022432192886084,0.20100144249590202,0.19437702688507869,0.20394299340425087,0.19843531792616018,0.0
0.1971814676688857,0.19366174459301252,0.18939589526706313,0.2100664541637505,0.20969443830728823,0.0
0.19603068748419034,0.19452787520964399,0.19524136681526869,0.20965650143395081,0.2045435690569463,0.0
0.20411316378725025,0.20402808422330282,0.1873382555790646,0.20651632638377562,0.1980041700266066,0.0
0.199078863384097,0.20073820705276516,0.18902311380429135,0.20903478164833011,0.20212503411051633,0.0
0.1981927340531269,0.20051385295706878,0.1859723979591725,0.2104114073994083,0.2049096076312235,0.0
0.20018549520853654,0.20187494385844806,0.18324005334660026,0.2085270547682075,0.20617245281820767,0.0
0.199396765401053,0.2013547783693204,0.18693129344563475,0.20719597595918712,0.2051211868248049,0.0
0.19813653284615526,0.20264854405689883,0.1871102437068591,0.20862993683165856,0.2034747425584283,0.0
0.20110534848664563,0.1983048444238832,0.18869499490350108,0.20873242366350261,0.20316238852246749,0.0
0.1974243577682654,0.20560350860309246,0.18420801348350396,0.20775635196947656,0.2050077681756616,0.0
0.19926541404417433,0.20572163812849809,0.1854276634320092,0.20556815809016377,0.2040171263051546,0.0
0.20143794119570615,0.1975386867506859,0.18922403198560034,0.20925546960015712,0.20254387046785052,0.0
0.1995836968722316,0.20404103491869502,0.18638822517799458,0.20515486406826308,0.20483217896281575,0.0
0.19777968069930024,0.20116858275541674,0.18248107699318794,0.20929557456456585,0.20927508498752917,0.0
0.2002891834815624,0.19748672640365866,0.1877581384202227,0.21032599907812535,0.20413995261643086,0.0
0.20287161040103074,0.19907017710774258,0.18862801449712735,0.20701739507457184,0.2024128029195273,0.0
0.20028160573029838,0.20067446750051676,0.189176276658849,0.20793001616270798,0.20193763394762776,0.0
0.1990800226349451,0.19760187862541517,0.18969387752266412,0.20998144416746078,0.20364277704951492,0.0
0.1997002973850992,0.20166483372798244,0.18778009320459235,0.20825600585927448,0.20259876982305167,0.0
0.2,0.2,0.2,0.2,0.2,0.0
0.19699740990976544,0.20022859954151925,0.19033298703119264,0.20952181986198817,0.20291918365553444,0.0
0.19984163739610003,0.20478488052851765,0.18731671979849404,0.20477309369859076,0.20328366857829755,0.0
0.2003912202573363,0.20307203558277112,0.1863787858414865,0.2070764187801311,0.203081539538275,0.0
0.2029830303146861,0.20241783622649387,0.19394252116953214,0.20163814239356226,0.19901846989572577,0.0
0.19966905297610965,0.19905068935596223,0.18916487938056115,0.20840456021115714,0.20371081807620986,0.0
0.19578152713077354,0.1993152566089855,0.19505491826677487,0.20755932741555544,0.20228897057791073,0.0
0.2000733450972601,0.19771271960404918,0.18978644396825076,0.20910064017066665,0.20332685115977328,0.0
0.19934184200748092,0.20141744246260979,0.18810812429046456,0.20878533516844516,0.2023472560709996,0.0
0.19924140143385852,0.20313334907499905,0.1877040133258913,0.20420102867351994,0.20572020749173126,0.0
0.20146980954287785,0.19898107773198456,0.18790350817263607,0.2102828594702342,0.2013627450822673,0.0
0.20298235909046758,0.20357446034232538,0.1872509852106348,0.20969866651870567,0.19649352883786664,0.0
0.19397152524184563,0.19598923191261033,0.1945772031326982,0.21314422589781493,0.20231781381503094,0.0
0.19766074889466903,0.20534069875235209,0.1851457060792492,0.20755174202618962,0.20430110424754008,0.0
0.19518234719862618,0.19884752403841288,0.1862423299122911,0.20919655406336624,0.21053124478730365,0.0
0.19792750852149574,0.20091403042575234,0.19032480802441473,0.2094458051590668,0.20138784786927053,0.0
0.19608701947477192,0.19641885361485695,0.19623268695612614,0.20792112892556855,0.20334031102867642,0.0
0.19990275293363668,0.20107232142176137,0.18608221137485842,0.20933095860910123,0.20361175566064235,0.0
0.19823745241214252,0.2002196876960863,0.18667692445857706,0.20861075146326705,0.20625518396992712,0.0
0.19651417600039858,0.19909372437256762,0.18919107070367142,0.20653812706684346,0.20866290185651898,0.0
0.19843719984943733,0.20308494237754002,0.18509998201085645,0.2086832764288172,0.20469459933334908,0.0
0.1976152138752325,0.20445651163427453,0.18691440547346125,0.20754726395117828,0.2034666050658533,0.0
0.19801137659393506,0.2057473300144573,0.18604639046417765,0.21010590606845203,0.20008899685897794,0.0
0.1987057081409382,0.19988103738107152,0.18678070289072363,0.21179741476131975,0.202835136825947,0.0
0.20051142013239137,0.2004930970543021,0.18420981846285714,0.20981360233948074,0.20497206201096863,0.0
0.1974768590582548,0.1996698523255842,0.18913512683613207,0.21209120303394657,0.20162695874608233,0.0
0.2001820965152001,0.2005321916201693,0.18595105623960026,0.21297034545416707,0.20036431017086337,0.0
0.19728235692268214,0.1978336127870701,0.19099437417913387,0.20745884911408782,0.20643080699702604,0.0
0.20376538509470316,0.1995591201104456,0.1898440849421885,0.20687001449342446,0.1999613953592384,0.0
0.1944961292680921,0.18885739633836002,0.2073763508769054,0.20558802664942777,0.2036820968672147,0.0
0.1992642023199797,0.20238321233670475,0.18695342599447362,0.20881659931235685,0.2025825600364852,0.0
0.19931626520623205,0.20307278461527672,0.18992320844255475,0.2058181956074474,0.20186954612848912,0.0
0.19889056442558758,0.20426155371252244,0.1863270140181426,0.20642919881866742,0.20409166902507997,0.0
0.19925233708357784,0.19819982146328943,0.18820744754606938,0.21235053363159523,0.20198986027546814,0.0
0.1997668734176012,0.20169331897023224,0.18917258214292243,0.20621285879498868,0.20315436667425543,0.0
0.19787067916653195,0.2008658208249707,0.1864669282148498,0.20952159627415903,0.20527497551948853,0.0
0.19824232142876763,0.19947505857778774,0.20498218116687422,0.19762149615487803,0.19967894267169228,0.0
0.20153014478843337,0.2014918519773456,0.18788289668510666,0.206750698267755,0.20234440828135958,0.0
0.19820362856570747,0.19512422888049968,0.18786475871315503,0.21267674445068582,0.20613063938995188,0.0
0.19701278496534216,0.20285494723255104,0.18799176793241576,0.210776105622234,0.2013643942474572,0.0
0.19926427697887744,0.2004878406366055,0.18701621207889066,0.20840470743389972,0.20482696287172666,0.0
0.19861626649182487,0.201581470845245,0.18488532942199995,0.20941782778347665,0.20549910545745342,0.0
0.2004781811604819,0.20048852547929455,0.1885952762163635,0.20655153925594122,0.20388647788791883,0.0
0.19694390412107599,0.20272920543842263,0.18614569429045827,0.21218820953008363,0.20199298661995957,0.0
0.19971043320596096,0.20267608157999387,0.18593053721863223,0.2100064846243866,0.20167646337102643,0.0
0.19863362260588022,0.20151043669725197,0.1867868542040422,0.20804826684007813,0.2050208196527475,0.0
0.2000894607366732,0.20464826713418288,0.1851402298513186,0.2069160971486997,0.20320594512912563,0.0
0.20398365211210942,0.2045406078129362,0.18536853641757683,0.20808360939199944,0.19802359426537808,0.0
0.19849214699154352,0.20574813678414366,0.18487960620555471,0.2067616334794523,0.20411847653930582,0.0
0.19874060262557927,0.20086627064457327,0.18781837148588668,0.21014648072260922,0.20242827452135154,0.0
0.1996508114419307,0.20077255900820076,0.1895199671782113,0.2082298681424573,0.2018267942292,0.0
0.19883561529399438,0.20249801946504592,0.1850531558120099,0.20590075600027227,0.20771245342867756,0.0
0.1977039566340801,0.20438045647787087,0.1869986011837931,0.2075974532210787,0.2033195324831773,0.0
0.2010631549652148,0.20224170302403974,0.18546408803135395,0.2051257728317959,0.20610528114759577,0.0
0.19855580576354126,0.1992649449620654,0.1932839013467025,0.20628572913702742,0.2026096187906634,0.0
0.20166308507651604,0.20133771132676137,0.18736443990973503,0.20697070119769073,0.20266406248929678,0.0
0.200957748084877,0.19163446557600913,0.20327705155567927,0.2054390180977806,0.19869171668565397,0.0
0.20056115351728615,0.20067934444959862,0.18892390384387844,0.20747774412474562,0.20235785406449125,0.0
0.1980325031215452,0.19922768201476443,0.18794206290937812,0.2085594791431601,0.20623827281115215,0.0
0.19833109848415736,0.19861503172408138,0.19104999496860753,0.21154388957897963,0.20045998524417405,0.0
0.19795923229618143,0.2030157282453031,0.18709148904744652,0.2093823171189921,0.20255123329207697,0.0
0.2000528817211887,0.2054940689253637,0.18553295735986008,0.20745413945572483,0.2014659525378627,0.0
0.20015569076321235,0.1979442933544075,0.1841945215250843,0.20857582512431597,0.2091296692329798,0.0
0.19687861273422175,0.2042418189099484,0.18493519736321515,0.2072430790400709,0.20670129195254383,0.0
0.20135850843270575,0.2050001532033044,0.18561568225763422,0.20546255824386755,0.20256309786248802,0.0
0.19679599310324603,0.1979835419294403,0.19218375635788554,0.20784743532571018,0.205189273283718,0.0
0.20259429394997314,0.20164196503271214,0.19131146451645115,0.2080205374038158,0.19643173909704792,0.0
0.19697244651779602,0.19602349637968022,0.1874782535741847,0.20884779154980368,0.21067801197853533,0.0
0.20101172867565506,0.20131274761722803,0.19155243000515965,0.2055232373044173,0.20059985639754,0.0
0.19696480852655696,0.19516732267360468,0.1932709092210807,0.21218982833406153,0.20240713124469611,0.0
0.19657557798054778,0.2042246741100105,0.1861718174473341,0.20888896355321915,0.20413896690888853,0.0
0.19692757716618411,0.2005965088718818,0.1844064293560989,0.21177888182115986,0.20629060278467537,0.0
0.2032335658652036,0.2009841653972501,0.18881920702543414,0.20483295606906132,0.2021301056430509,0.0
0.20106246113839968,0.19922689142153954,0.1862570916787746,0.2080365143070407,0.20541704145424547,0.0
0.19817251372758113,0.1994127778762355,0.18922548288918728,0.20959649816679682,0.20359272734019934,0.0
0.2005318175735013,0.1931414562020118,0.1939360220016988,0.2097087782347181,0.20268192598806997,0.0
0.1985734143928041,0.2005017627243015,0.18758629186732403,0.20851478871077336,0.20482374230479702,0.0
0.1998025010244741,0.19634851272199497,0.1918278447451008,0.20748043085617754,0.20454071065225266,0.0
0.19594948144924856,0.19883591011830995,0.1913274078066518,0.20704441543143623,0.20684278519435348,0.0
0.19819369978242185,0.20159412893853118,0.18871900655040055,0.20840013619815448,0.20309302853049196,0.0
0.1999419614475007,0.19974345359177847,0.18534348332634815,0.2107094596292483,0.20426164200512417,0.0
0.19708989599411147,0.19508646424393183,0.19908203476798855,0.2063166093026423,0.20242499569132572,0.0
0.19385038103259208,0.2029352999088545,0.1873956256825159,0.20893960326351527,0.2068790901125222,0.0
0.2002560252551569,0.19961205954542746,0.18642277095980225,0.20835694480953534,0.205352199430078,0.0
0.19576773639927172,0.1996155754386358,0.18833372223000036,0.208010228726196,0.2082727372058962,0.0
0.20128709048072493,0.19886359961415506,0.18579162083584622,0.20912976221543894,0.20492792685383482,0.0
0.19703561165921582,0.19999962908198077,0.18880134906976723,0.2083595718291267,0.2058038383599095,0.0
0.19977703632504354,0.20437790454982788,0.18811929505658356,0.20503242821154555,0.20269333585699942,0.0
0.19913108886662156,0.20544724354313157,0.18765907414600075,0.20379903301619007,0.2039635604280562,0.0
0.2009081942619743,0.19808442161346781,0.18424231675407032,0.2073921818497946,0.20937288552069294,0.0
0.20033883541124836,0.203257438332646,0.18764007133000096,0.2065996209194114,0.2021640340066932,0.0
0.20023874293996966,0.20269948077409292,0.18619262485950533,0.20553375114172462,0.20533540028470748,0.0
0.19825968403614078,0.20118955933060387,0.18710516253961135,0.20971595649658853,0.20372963759705565,0.0
0.20019449245967247,0.1997988857459224,0.18499006174055363,0.21126280232268294,0.20375375773116847,0.0
0.19979734499984064,0.20356410830923063,0.18656205075703805,0.20535051035930235,0.20472598557458835,0.0
0.19936642824448328,0.19719785953926589,0.18700753906871842,0.20805198415385645,0.20837618899367605,0.0
0.20137815893143043,0.200556509556406,0.18632837049724305,0.2099838292051271,0.20175313180979335,0.0
0.1987154596034683,0.20315854832871416,0.18816494518798127,0.20554357233098472,0.2044174745488515,0.0
0.19861484906608648,0.2037746897787877,0.19162494152269824,0.2059008008090641,0.2000847188233635,0.0
0.19950546886569276,0.2019907412332665,0.18539173924821217,0.2087779495667471,0.20433410108608155,0.0
0.19831511413544808,0.19822819316283727,0.18636057400621392,0.21106162807821338,0.20603449061728732,0.0
0.19943976492419638,0.19982247119638727,0.1858864693427299,0.20857987330653666,0.20627142123014977,0.0
0.19925775180719682,0.20549627465709777,0.18670969431917755,0.20672417725275982,0.20181210196376814,0.0
0.2004891015192756,0.2029231887805355,0.18628984112770822,0.20604227357353697,0.20425559499894372,0.0
0.19982969736802877,0.20498827854677504,0.18608866518345463,0.20503186280264835,0.20406149609909333,0.0
0.19897562935379656,0.20369982556209693,0.18767796910430554,0.20544202306572237,0.20420455291407863,0.0
0.1974223287036996,0.20427550117950527,0.18609238369321396,0.20682667985195144,0.20538310657162986,0.0
0.2041141990990665,0.2038944471594856,0.18702727686293077,0.20171866719772294,0.20324540968079424,0.0
0.19804346536177936,0.18854094078183023,0.2056796203158903,0.20762275883204886,0.20011321470845125,0.0
0.19986627731034065,0.20200469324055384,0.18637742710438873,0.2098346882437509,0.20191691410096585,0.0
0.20097779864556567,0.20002973871515548,0.1842973394857071,0.2144658449094005,0.20022927824417122,0.0
0.19751143245215197,0.19507610651545207,0.1925353621260924,0.21167925007789257,0.20319784882841113,0.0
0.19858537392616668,0.20297770724291592,0.1839598536267642,0.21169384875473513,0.20278321644941805,0.0
0.19876287130190698,0.2014361895393011,0.18690322994162786,0.20457342815315901,0.20832428106400525,0.0
0.20028151762302657,0.19684751454081434,0.18504561399399785,0.20962110171932105,0.20820425212284024,0.0
0.20078967896651398,0.2017570827897355,0.18654565525073277,0.20742230101438164,0.2034852819786361,0.0
0.19947154546181645,0.20179635126308454,0.1839368157834554,0.20916556393103633,0.20562972356060719,0.0
0.20034557592859353,0.20477341998215454,0.19451850343230537,0.19883929929961536,0.2015232013573312,0.0
0.19872656723624327,0.20348553243955736,0.18870469695011585,0.2046656647763372,0.20441753859774636,0.0
0.1992795374921219,0.2021504843169748,0.18848695144588637,0.2067164980264739,0.20336652871854288,0.0
0.19962326724051577,0.2026231084410397,0.18739469620775034,0.20526666473546698,0.2050922633752272,0.0
0.19859120575551148,0.20472906496815457,0.1872309473580036,0.20954926035811186,0.19989952156021834,0.0
0.2029108965760094,0.20553964952353176,0.1865295021094346,0.20532692565346938,0.19969302613755507,0.0
0.1985399171092786,0.19965677538966048,0.18680930660279546,0.20941708723978594,0.20557691365847952,0.0
0.19793127028863422,0.20337156225294603,0.18412981018015978,0.20873730265204768,0.2058300546262122,0.0
0.19810214398541315,0.197116114796624,0.18884477177817474,0.2100215002521946,0.20591546918759346,0.0
0.20141989528914833,0.19630575160340957,0.1906837537784247,0.21126180980079085,0.2003287895282264,0.0
0.19971302686792955,0.20244884300401636,0.18725038376993464,0.20777718036223336,0.20281056599588596,0.0
0.19964508242317644,0.19999260464595742,0.18708883683140803,0.20821558950285504,0.20505788659660304,0.0
0.20038250062065321,0.20359065275726032,0.17953128248255362,0.20789984444918994,0.20859571969034293,0.0
0.1999399040538481,0.20195201473200156,0.18815980504658647,0.20549772402099184,0.20445055214657193,0.0
0.20058314483758335,0.20314545415482035,0.18635261117737212,0.2055955817087276,0.20432320812149657,0.0
0.20065212161919882,0.20063520010051408,0.18539366858435005,0.21009624611238872,0.20322276358354827,0.0
0.20110765013408954,0.19914044087843003,0.18813822929234267,0.207429092005142,0.20418458768999576,0.0
0.19945888031029893,0.1979055955649393,0.18661261963037856,0.21203407232698884,0.2039888321673945,0.0
0.19688622269460457,0.20596694826253703,0.1860065772970856,0.20620343485535136,0.20493681689042137,0.0
0.19980616334266543,0.19598931185924437,0.19031044855772125,0.20814563655011595,0.20574843969025297,0.0
0.2001348344450568,0.20260199601988532,0.18524363427371676,0.20861869433249652,0.20340084092884456,0.0
0.1976465550855847,0.19623967714349583,0.19005906005521087,0.21287317822320348,0.20318152949250493,0.0
0.19582558538697867,0.19858862160814345,0.18995198751184036,0.21080477333806744,0.20482903215497017,0.0
0.2004455610727816,0.2003877017383869,0.18723746490885862,0.20939849318044942,0.20253077909952352,0.0
0.1960850515166606,0.19578407076971116,0.1943061987049574,0.2110539319035219,0.2027707471051488,0.0
0.19719066586024644,0.20001273848279755,0.18896803722242075,0.20755755374863308,0.20627100468590223,0.0
0.20348138204857055,0.2039134447997058,0.18567220601736598,0.20751462381231472,0.19941834332204292,0.0
0.19678053427344627,0.20048165811348054,0.18656517833777653,0.20819828444134822,0.20797434483394844,0.0
0.19706558706168828,0.20286100420823278,0.18240962243032732,0.21057838139107046,0.20708540490868105,0.0
0.1993190644953031,0.19957822187556967,0.18569423155842707,0.20976632463465947,0.20564215743604075,0.0
0.19942882387316505,0.1989513070425274,0.1883664813290851,0.2086085230212937,0.20464486473392873,0.0
0.198849940518034,0.19678123798669717,0.20060118335005214,0.20233575686458274,0.20143188128063402,0.0
0.20120279317552603,0.20326500059856747,0.18360650588812497,0.20922274261026405,0.2027029577275174,0.0
0.1970208281147731,0.19391121489250884,0.2025890959553609,0.20561602869319373,0.20086283234416338,0.0
0.19981499916562975,0.19964632655002792,0.1887712009834574,0.2085694966738338,0.2031979766270511,0.0
0.19791580786712745,0.20411461361664757,0.18480259662129336,0.20809115358128924,0.2050758283136424,0.0
0.19843523521662135,0.2012256927102087,0.18789945184248139,0.2097784257788934,0.20266119445179503,0.0
0.19841105361830766,0.19909711582220826,0.1906749339181605,0.2075140423643128,0.2043028542770108,0.0
0.2013370692435264,0.19834104502331404,0.18745255692699672,0.20726932178356747,0.20560000702259532,0.0
0.19943271157800996,0.20206671439366147,0.18750351918107627,0.20598755184392642,0.20500950300332596,0.0
0.19848458508171116,0.20338323668285552,0.18838944447391348,0.20528500750627368,0.20445772625524622,0.0
0.19634584603471242,0.19164755523866178,0.19745614553288002,0.21087889362228227,0.2036715595714636,0.0
0.19537809947980192,0.2020706190069825,0.18442824115128278,0.2117736587610541,0.20634938160087854,0.0
0.19617953156387472,0.19978754542813174,0.18681517046364046,0.2075495912645395,0.20966816127981358,0.0
0.2,0.2,0.2,0.2,0.2,0.0
0.20009624239123133,0.19992821370639374,0.18564884910676258,0.20729164293255403,0.20703505186305832,0.0
0.19808379096449633,0.19860219689438216,0.1850570491132903,0.20891763115213485,0.2093393318756964,0.0
0.19877593477752073,0.19865305616890108,0.1945006006569558,0.20819825410480197,0.19987215429182048,0.0
0.20163913639847852,0.20314199144935555,0.18666714291826872,0.20895042971131123,0.19960129952258607,0.0
0.20064554474487323,0.1982151723132875,0.18561813306964878,0.2094674525146542,0.20605369735753637,0.0
0.2,0.2,0.2,0.2,0.2,0.0
0.19804378314258658,0.19984272320370972,0.1872119630864218,0.21012682919589287,0.2047747013713891,0.0
0.19799020161714062,0.1950560788697936,0.19133935995790602,0.21159485785344548,0.20401950170171432,0.0
0.19709102354310698,0.19923500091024163,0.18780531297891534,0.20823468788422764,0.20763397468350842,0.0
0.19685485316437784,0.1987664604862281,0.18959682214262377,0.21062862809488095,0.20415323611188935,0.0
0.196042323384244,0.1988928232228045,0.19095533501255343,0.21161156082055074,0.20249795755984737,0.0
0.2000443903056796,0.19873948378770973,0.19021207856307973,0.20828491627738055,0.2027191310661505,0.0
0.19868129823451217,0.202940561785206,0.1881967073268939,0.20756479515824905,0.2026166374951389,0.0
0.2047683729994446,0.20302692537370692,0.18703158528964817,0.20847115034459648,0.19670196599260384,0.0
0.1984559601190605,0.20082251359563094,0.19027741374851367,0.20669426635814117,0.20374984617865377,0.0
0.19702855551258716,0.2056465808956328,0.18467220603615334,0.20743536535175341,0.20521729220387322,0.0
0.20253621696805052,0.20470724779659244,0.18755178951829468,0.20562606388451118,0.19957868183255123,0.0
0.1991698760304288,0.20038431957794034,0.18602562526900876,0.21083701171405725,0.2035831674085648,0.0
0.19672023768410876,0.20068698869765553,0.18535364717795985,0.2114891115645252,0.20575001487575081,0.0
0.20104013407115584,0.19893844351360618,0.1867684759627972,0.2124674643625456,0.2007854820898953,0.0
0.19984951531603887,0.20243616055192618,0.18898889464668656,0.2054052211790212,0.20332020830632716,0.0
0.20023899446770962,0.2009991300067119,0.1883169381736075,0.208959332047014,0.2014856053049569,0.0
0.1977091299905908,0.20077806927921732,0.18259608675334743,0.20953626977176795,0.20938044420507657,0.0
0.19878667464274657,0.19567869311226269,0.18649962688089272,0.21163909626178945,0.20739590910230857,0.0
0.19761489966505721,0.20006732763544552,0.18464592341095587,0.20908625873577122,0.20858559055277004,0.0
0.19846881101543856,0.20082381409652367,0.18791214875290796,0.21194167690654672,0.2008535492285831,0.0
0.1975978254974107,0.20395420192272498,0.18796485651601588,0.20446829013393175,0.20601482592991677,0.0
0.19930237283570776,0.2000953169609922,0.18461587896846718,0.21245070434208826,0.20353572689274457,0.0
0.19877237561678587,0.19950953530220344,0.18534939922945975,0.2073808966966768,0.20898779315487412,0.0
0.19876531610166878,0.20262498875759444,0.18801265515808033,0.20595209040202098,0.20464494958063553,0.0
0.1995961812707949,0.20147007267128816,0.18490226979203153,0.20744782867367603,0.20658364759220943,0.0
0.19724705135139325,0.20238062190442757,0.18475672477355143,0.2101727052341829,0.20544289673644495,0.0
0.19841129949082803,0.1958465741383774,0.1895186244832849,0.21376850973361963,0.20245499215388996,0.0
0.19762384573436204,0.19783731204190536,0.19124096967366988,0.21189820611770332,0.20139966643235946,0.0
0.19868710290696281,0.20348968561099062,0.1896699401052517,0.2048990412589688,0.20325423011782606,0.0
0.19932274887640924,0.20630675685948174,0.1845541561040201,0.20686080097251983,0.20295553718756906,0.0
0.20136130283343698,0.20126479666392422,0.1878829514082087,0.20648509776623533,0.20300585132819485,0.0
0.19796390279426984,0.19960666483208547,0.1900915902014627,0.2127032444664198,0.19963459770576222,0.0
0.19530196287880655,0.20516382391882285,0.18622703365356463,0.2104662994939783,0.20284088005482773,0.0
0.20072325128911386,0.2044797837609923,0.1873412294399624,0.2078456147927135,0.19961012071721815,0.0
0.19826072958908453,0.19915452161872016,0.1922240748524748,0.20931955505518,0.20104111888454057,0.0
0.2,0.2,0.2,0.2,0.2,0.0
0.20029618361195314,0.2009032602391585,0.18775834178811407,0.20805316275892705,0.20298905160184733,0.0
0.19897805368768193,0.20558879387025744,0.18390340264277347,0.20656310444321185,0.20496664535607545,0.0
0.19929926936863854,0.20337224623777742,0.18809824028356664,0.20703451871810344,0.20219572539191402,0.0
0.19782488815265656,0.20658372383825424,0.185985263138608,0.20498474330859856,0.2046213815618827,0.0
0.1984932059834716,0.20311647967946359,0.1849111421429017,0.2081148502514426,0.20536432194272058,0.0
0.19938801992223823,0.20358654743933155,0.1867505143725316,0.20661684384347592,0.2036580744224227,0.0
0.19869502103832595,0.2030956987001723,0.18651125275866204,0.2082134479344264,0.20348457956841334,0.0
0.19783488460693516,0.20479243712329254,0.18716336641705061,0.20612130086903796,0.20408801098368362,0.0
0.19887286366823748,0.19852230612020436,0.19390322761256357,0.2072645007904653,0.20143710180852936,0.0
0.19749205834036632,0.2021165002856024,0.18453015748433862,0.20996863558719683,0.20589264830249585,0.0
0.20068012084378728,0.19985430697380374,0.1864463717563771,0.20704396868456382,0.2059752317414681,0.0
0.20024989986830669,0.2016165767011609,0.18657588886230767,0.20612859365193303,0.20542904091629166,0.0
0.19981766806793552,0.20462610019874392,0.18463823847737618,0.2077084670751111,0.2032095261808333,0.0
0.1993828916986323,0.20136973898126248,0.18904748669782773,0.2063740801402208,0.20382580248205673,0.0
0.1986486065313549,0.1967324201607173,0.19204872927562647,0.2078452447240387,0.2047249993082626,0.0
0.19684687456512065,0.19952200230600753,0.18754484979560315,0.21194493875079917,0.2041413345824695,0.0
0.1987908784217383,0.1994164076707511,0.1938605367268772,0.20650747616539814,0.20142470101523532,0.0
0.1967836391448281,0.19683947767564386,0.18593405868431293,0.21065675630260317,0.20978606819261197,0.0
0.200173412978689,0.19888000660210006,0.18933389171152376,0.20865681478236017,0.20295587392532694,0.0
0.19791421514373994,0.19800711707891935,0.1887051621938033,0.20812338039540576,0.20725012518813166,0.0
0.2014678392959494,0.20648741022746844,0.1877966965582291,0.20626299295659953,0.19798506096175353,0.0
0.2,0.2,0.2,0.2,0.2,0.0
0.20053259822272315,0.19916602519210275,0.18898028431643765,0.21008153701653207,0.20123955525220447,0.0
0.198863526289327,0.20541004051284578,0.18518104770966162,0.2064647146674065,0.20408067082075917,0.0
0.200812822114608,0.20469171085771212,0.1852921220909733,0.20621377614628408,0.20298956879042254,0.0
0.19828101365305864,0.20448959083929716,0.18797390238211276,0.20539746062023342,0.20385803250529802,0.0
0.19670343130223747,0.20341658718474234,0.18499484803952845,0.20754513822307055,0.20733999525042107,0.0
0.19978117187159894,0.20428062411655917,0.18681621963201286,0.20771292563602795,0.20140905874380105,0.0
0.19789594636608224,0.20016580784941976,0.18570646231181837,0.20986969689674193,0.20636208657593774,0.0
0.2,0.2,0.2,0.2,0.2,0.0
0.19660912818679124,0.19621189863940725,0.19204816987598392,0.2128912212869688,0.20223958201084877,0.0
0.20076454068273855,0.20473294430755176,0.1854284547469704,0.2047052283359848,0.20436883192675448,0.0
0.20090517303051647,0.20098477393387726,0.19220106829550027,0.2071567377801489,0.19875224695995702,0.0
0.19752634032867566,0.20133123093589678,0.1886207320645378,0.20802740821390284,0.20449428845698683,0.0
0.19954446802596507,0.19637002458603797,0.1910642322982904,0.2093569755514354,0.20366429953827106,0.0
0.19906000327337567,0.2031475743498166,0.18466242006859088,0.20783171597541347,0.20529828633280342,0.0
0.19680381083284207,0.19628010549120853,0.1987857878150999,0.20501378531124329,0.20311651054960614,0.0
0.1971630758484186,0.18642857974522636,0.20822813621722333,0.20650723675327795,0.20167297143585378,0.0
0.19985266044472966,0.20118023426563322,0.18691560623341277,0.20652435785105416,0.20552714120517016,0.0
0.200332687925652,0.19747074809897966,0.18717659298047123,0.2081413625169282,0.20687860847796893,0.0
0.20022587918059837,0.2010007537642173,0.1898009433848915,0.20665105200339312,0.20232137166689962,0.0
0.1964924555947618,0.20178659455209877,0.18603399098164522,0.20940909899485555,0.2062778598766387,0.0
0.20125278010571637,0.19966024748905056,0.18672109944018656,0.2106588214091465,0.20170705155590007,0.0
0.19778246388334653,0.20067320371403705,0.19009281250118507,0.20728844518821843,0.20416307471321296,0.0
0.20230052408470636,0.1978770245784278,0.20055163812610535,0.2023076010263367,0.19696321218442375,0.0
0.20011223943080544,0.20044283843233882,0.18807056193403457,0.20855270549599636,0.2028216547068247,0.0
0.19950168790463121,0.189549655067798,0.204236590762591,0.20730662248645854,0.19940544377852126,0.0
0.19822324035370176,0.19564128161802116,0.20294099872790788,0.20330153158581787,0.19989294771455127,0.0
0.19710449711308242,0.20402555508970463,0.18664953066087037,0.20833353323315568,0.20388688390318696,0.0
0.19506978234982636,0.19756579254101547,0.18742810524509076,0.21002226655886105,0.2099140533052063,0.0
0.1994363685019328,0.20303851323159955,0.18670356715706948,0.20577804215729084,0.20504350895210738,0.0
0.19957210617300283,0.20323797440511976,0.18573144672362554,0.2092303957298024,0.20222807696844938,0.0
0.1997337021171929,0.2039627395578033,0.18711755929653082,0.20654884738663545,0.20263715164183754,0.0
0.2027979498998891,0.20161745121647923,0.18628661194125226,0.2096258995251833,0.1996720874171961,0.0
0.1989371917124321,0.204913156779761,0.1877185365957576,0.20393767805312552,0.2044934368589239,0.0
0.19916408239843125,0.2038843172258271,0.18525626861155983,0.20572895219477128,0.20596637956941063,0.0
0.1991512509072303,0.19993032818634038,0.18822808607188518,0.20704507585622972,0.20564525897831443,0.0
0.19755926506995275,0.20600716554440526,0.18256428563331012,0.20791728077263325,0.2059520029796986,0.0
0.20060383192867864,0.20317758341922668,0.1867113552238511,0.2097959092495959,0.19971132017864776,0.0
0.19727712117154336,0.20018853504638687,0.1844177214956082,0.20768147491539532,0.21043514737106633,0.0
0.19888901801236084,0.20506446855621313,0.18708127843752234,0.20528665913780356,0.20367857585610005,0.0
0.19667386142122165,0.20302397903580882,0.18607493245213946,0.2087808852840193,0.2054463418068109,0.0
0.19808877778353018,0.2004302300438011,0.1872160497347356,0.2087670050935077,0.2054979373444253,0.0
0.19913182416567776,0.20817337295333682,0.18383757425242317,0.20614699130869962,0.20271023731986262,0.0
0.1961077250809687,0.19743682258741493,0.19235538849588235,0.21250209686642246,0.20159796696931157,0.0
0.19913087051164854,0.20626422863930624,0.18663899066639145,0.20476392553003986,0.2032019846526138,0.0
0.20019750664800098,0.20104941426800135,0.1849497862556838,0.20764545464654455,0.20615783818176933,0.0
0.19910490075050333,0.2031454551889891,0.1884147768317811,0.205591710992237,0.20374315623648936,0.0
0.1984862858482161,0.20365163541906672,0.18402974301310643,0.2095189263808398,0.20431340933877093,0.0
0.19875520063680593,0.19867669047235975,0.19027539361697055,0.20908295601713275,0.2032097592567309,0.0
0.20022890458690865,0.19986371471739378,0.18886058817463922,0.20704152520951785,0.20400526731154048,0.0
0.19662967263678718,0.20381285095544274,0.18792853603897494,0.20678313938365447,0.20484580098514069,0.0
0.2000975454235801,0.2008380719879674,0.18879289054610648,0.2108761443558166,0.19939534768652933,0.0
0.20051408034826987,0.20204749378312356,0.18947912015842983,0.20585067843479096,0.20210862727538575,0.0
0.2037296264310325,0.2034407648878852,0.1850421858723734,0.20646376608670075,0.20132365672200822,0.0
0.1982358695054327,0.20414734386955272,0.18381115508009244,0.21014462922318905,0.20366100232173318,0.0
0.20045788053269026,0.20489751743095475,0.18465067728838813,0.2070522405446784,0.20294168420328842,0.0
0.20123139151591785,0.20350006491522105,0.18270866310834344,0.20721016000209913,0.20534972045841846,0.0
0.20182103416553146,0.19976381489020978,0.1880334648276649,0.2065861337563665,0.20379555236022734,0.0
0.19693624329775156,0.2016351735699799,0.18810141195187738,0.2101560865955755,0.2031710845848157,0.0
0.19422698981382022,0.20164908864870676,0.18967817937338874,0.20850724683388835,0.20593849533019587,0.0
0.1979633074938497,0.19954882809418448,0.18704073636769153,0.21176162961099348,0.20368549843328085,0.0
0.19739067633044255,0.2016764749821544,0.18510526333366262,0.2074979841452151,0.2083296012085254,0.0
0.19723876736126356,0.20175460499350245,0.18764925186021827,0.21039781281278053,0.20295956297223516,0.0
0.20215694200171658,0.20018001144696324,0.19056942944827077,0.20512541271174306,0.20196820439130633,0.0
0.1975411551072731,0.20345501921044834,0.1875078037595361,0.20795442698378333,0.2035415949389591,0.0
0.19796940814867053,0.18610801604331756,0.20840936879488636,0.20677135549642792,0.20074185151669763,0.0
0.20077736134255647,0.20010961035137814,0.188414471828836,0.2108325455113367,0.19986601096589277,0.0
0.19840829026188292,0.19732040231307618,0.18862571903797426,0.21008853328469643,0.20555705510237024,0.0
0.19955495060666759,0.19521069798359483,0.18843833323552503,0.20891486591977623,0.2078811522544364,0.0
0.19956889520445628,0.20062817802421554,0.18746242313972503,0.21116751947618975,0.20117298415541346,0.0
0.19864784044502273,0.2047613525992745,0.18920477201730077,0.2046912582468301,0.20269477669157188,0.0
0.19789128375864048,0.20126722797384214,0.18979361869617553,0.20768040158598208,0.2033674679853597,0.0
0.19760926316220975,0.1987799828901321,0.19036814191247586,0.20700687671499898,0.20623573532018324,0.0
0.20104604282153102,0.19994042557776262,0.19204288548525275,0.2067028829250645,0.20026776319038908,0.0
0.20138951413726378,0.2027698159657964,0.1875103925772141,0.20563085082379376,0.20269942649593195,0.0
0.1995271537857241,0.20374738440224519,0.18676498704308472,0.20629176475428898,0.20366871001465717,0.0
0.19919006374699197,0.2011416300403397,0.185844772974836,0.21132375454274852,0.20249977869508395,0.0
0.2004236471246254,0.19505840163995652,0.18990720770018588,0.21273601288001173,0.20187473065522044,0.0
0.19956848057342538,0.20345559278053693,0.18781000665245992,0.20564132899026957,0.20352459100330814,0.0
0.1984750029667235,0.20234659140144517,0.18825488593286038,0.20826504614547398,0.2026584735534969,0.0
0.19875381852614138,0.20584670228471194,0.1896034949491475,0.20353912748889916,0.20225685675110006,0.0
0.20024766332836041,0.19835820067776816,0.18518076428507926,0.21013045493614685,0.20608291677264512,0.0
0.198500889283919,0.19882439403466115,0.19084351459124424,0.2099493371271215,0.20188186496305416,0.0
0.1998576833433929,0.19538771353159118,0.19426238653960579,0.21020297429981158,0.20028924228559844,0.0
0.2037018393136596,0.20252936268873897,0.18805538763777363,0.20511670435374826,0.20059670600607957,0.0
0.19510941876191654,0.2130906970725881,0.18030525615356008,0.21752347161045388,0.19397115640148146,0.0
0.1990880294987094,0.19599039648750932,0.1924831777664046,0.2099550576538106,0.20248333859356615,0.0
0.1978746863622015,0.19918532611540968,0.1910748161188716,0.2087240819352353,0.2031410894682818,0.0
0.19941165811481426,0.20442825261276146,0.18618297864282266,0.20585430735882607,0.2041228032707756,0.0
0.1993735587855333,0.2077352083153977,0.18858603906058097,0.20365539429418883,0.20064979954429912,0.0
0.19791112885570317,0.197895523714952,0.18680448435135166,0.20762884786750646,0.2097600152104867,0.0
0.19975876046039956,0.20086003989157392,0.18660277388323326,0.20939573986857402,0.20338268589621925,0.0
0.19853614980457107,0.19944478892258152,0.18593525018163307,0.209751991373004,0.20633181971821035,0.0
0.19801492166679113,0.19680450057432508,0.20056002503711687,0.20331207374820845,0.20130847897355858,0.0
0.19679717987176795,0.2017165090864825,0.18587817452074,0.20841345137678347,0.20719468514422612,0.0
0.19636003451385178,0.2010555906926621,0.1860962042258219,0.21138162059325585,0.20510654997440833,0.0
0.2001014400657257,0.20383018215341822,0.18578500498144315,0.20544099303732918,0.20484237976208372,0.0
0.20232915317284542,0.20074128494717045,0.18782498571080217,0.20602983208149372,0.2030747440876882,0.0
0.19633009593961742,0.19925324289261148,0.18923246954270392,0.2108418013670413,0.20434239025802586,0.0
0.20084029301256304,0.20679625307077143,0.18389510777289336,0.20782708299210872,0.20064126315166353,0.0
0.19883880614969088,0.20061241816571923,0.18713121977729202,0.21002379673484328,0.20339375917245467,0.0
0.1993477168674107,0.20314239829299063,0.18823763773580174,0.20572438636722704,0.2035478607365698,0.0
0.19944583617520692,0.20012644398588436,0.18616524537102308,0.20734560705999763,0.20691686740788787,0.0
0.1985909676416085,0.20355443560480058,0.1875730742223436,0.2065713847474622,0.20371013778378508,0.0
0.2060956555140501,0.2023593405807236,0.1868962513182589,0.2077978602861382,0.19685089230082917,0.0
0.19850679621223385,0.19513283453693317,0.1925159715719599,0.21161215655439214,0.20223224112448102,0.0
0.19789788575935863,0.1980797096609255,0.1875443449032122,0.21099399366695906,0.20548406600954464,0.0
0.19826801783098777,0.20323781338220026,0.18888559542122363,0.20546707438220657,0.20414149898338177,0.0
0.19920775207403624,0.1948770859287119,0.19239145714935593,0.2124867682377311,0.2010369366101649,0.0
0.20015518760360343,0.20301790741222686,0.18819799315996155,0.2055730026984657,0.20305590912574245,0.0
0.19605458715755433,0.20290640872857332,0.18887627935438117,0.20836821671341763,0.2037945080460735,0.0
0.19640333028689355,0.202070928233433,0.18850799413540198,0.20905023322639144,0.20396751411788006,0.0
0.19902137177199145,0.20520796465096192,0.1852973938809959,0.21015725584707007,0.2003160138489805,0.0
0.1986832871937862,0.20192660513606586,0.189706286352652,0.20781263217876786,0.20187118913872817,0.0
0.1980206377575936,0.20394911048891756,0.183545987665806,0.2095378267077119,0.20494643737997106,0.0
0.1990455478823613,0.20240759001947578,0.18376233751266793,0.2092272965586587,0.20555722802683632,0.0
0.20636994129976935,0.2031506807078014,0.19246589023918295,0.20167589829493815,0.1963375894583081,0.0
0.20024789443545044,0.20245389700326366,0.18362468531954707,0.20638760753018057,0.20728591571155827,0.0
0.19963911683699267,0.20156081646181842,0.18603780242572604,0.20653126960731918,0.2062309946681436,0.0
0.19674416550387197,0.1941929434191935,0.19354908481459313,0.21088246516579015,0.20463134109655134,0.0
0.19917350911659354,0.2022955857883926,0.19005052036444425,0.20540750856159118,0.20307287616897832,0.0
0.19817398818396087,0.19739834063542133,0.18935448088100904,0.20925078632268315,0.20582240397692564,0.0
0.20247823186702135,0.20458947708560654,0.1829536782206274,0.2080215913586801,0.20195702146806455,0.0
0.19756015802763946,0.20059571716406988,0.18914894591810855,0.21020222015728257,0.20249295873289963,0.0
0.20204951313276837,0.20407111876685935,0.18670273892548853,0.2058895086691121,0.20128712050577177,0.0
0.2025301655182734,0.20062984073700482,0.19140643920094827,0.2035876883884492,0.20184586615532432,0.0
0.1992861515623865,0.20184163397820204,0.18446146990225376,0.20763011813948068,0.20678062641767703,0.0
0.2005946935827231,0.20278010467857102,0.18700644052289103,0.20718370660957305,0.20243505460624167,0.0
0.1965784568222613,0.20571643608824078,0.18702476560137415,0.2068835356007949,0.2037968058873289,0.0
0.19834184621267129,0.19663568906405246,0.19102816846912674,0.21159299392503095,0.20240130232911857,0.0
0.20050043900305675,0.20176955209490252,0.18826984879476605,0.20498986940860167,0.204470290698673,0.0
0.19920170813403543,0.1987911514356007,0.18736127551763457,0.20725847252759716,0.2073873923851322,0.0
0.1991096766690087,0.20029882714729877,0.18367903134298227,0.21139867321270753,0.20551379162800265,0.0
0.19963018707104865,0.20238365339514944,0.1913315709167836,0.20637245948779304,0.20028212912922533,0.0
0.1980936002622255,0.20164183637137684,0.1860525484423437,0.20855942463094332,0.20565259029311073,0.0
0.1972933275569633,0.20079764867668512,0.18367073033391473,0.21204302023014834,0.20619527320228845,0.0
0.20148025789878332,0.20076953175263684,0.18833789273856685,0.20858280233419715,0.2008295152758158,0.0
0.1972141973161924,0.20520373596586733,0.1864657448355972,0.2076252347604423,0.20349108712190075,0.0
0.2012839933045565,0.202191662330306,0.1868380767562126,0.2061918626140767,0.2034944049948481,0.0
0.1967444951503143,0.20101807154307896,0.19061557365942278,0.20862330792902642,0.2029985517181575,0.0
0.20092954400972382,0.20132448640171946,0.1892890409289358,0.20666292298435787,0.201794005675263,0.0
0.19941636967809626,0.20577849092974687,0.18616644109634833,0.20442070936228024,0.20421798893352847,0.0
0.1979292626717437,0.20602225899461388,0.18495052750954366,0.20666235343523326,0.2044355973888654,0.0
0.1975440582130675,0.19476527045359066,0.19464695613491126,0.20805592586816749,0.20498778933026304,0.0
0.1988455057491681,0.19868614080829516,0.19134559957532146,0.20819610915503797,0.20292664471217736,0.0
0.19686046685197692,0.20341605407447516,0.19061273018548733,0.20888460937408118,0.20022613951397938,0.0
0.2039420786817756,0.2008208757498035,0.19079242056248077,0.20567333097096063,0.19877129403497948,0.0
0.19939805197082877,0.19894843999309877,0.1870508390067019,0.20840630087130146,0.20619636815806908,0.0
0.19909318949027263,0.2039249378535037,0.1850582524415322,0.20678187713612275,0.2051417430785687,0.0
0.20042445353516788,0.20270510844132902,0.1866308132370054,0.20833224320086904,0.20190738158562874,0.0
0.19738472316586056,0.19625229356636675,0.1919884786753683,0.21019638240560853,0.20417812218679599,0.0
0.19378807095564493,0.19640572449502752,0.19322924928928525,0.21403217297527147,0.20254478228477069,0.0
0.19763238810006709,0.20315749104717337,0.18566775740684374,0.2110295305803067,0.20251283286560912,0.0
0.20401919345480382,0.19943011741611713,0.18999828562540041,0.20591540195672886,0.20063700154694972,0.0
0.19837904070439352,0.19082917193282245,0.20542116219951306,0.2041469449147332,0.20122368024853768,0.0
0.20074202941883956,0.20185978540369057,0.18652574953551654,0.2074167075965071,0.2034557280454461,0.0
0.19889846529195496,0.202830477858359,0.18806581330834668,0.20721503946490302,0.20299020407643648,0.0
0.19702748032658854,0.2045631321241513,0.18570470907787587,0.2121838451188661,0.20052083335251805,0.0
0.19993347332829636,0.20114442040570127,0.18808408398671916,0.20894491495032222,0.20189310732896099,0.0
0.20203185298649512,0.20516472984373915,0.19100452424737763,0.2048932740109039,0.19690561891148434,0.0
0.1978068359375503,0.19992082652959292,0.1909523144286174,0.20583723237953966,0.20548279072469983,0.0
0.19987487195894194,0.20266141478582028,0.18628618161087504,0.20787520993439315,0.20330232170996948,0.0
0.19974575176793333,0.205536269228097,0.18869064592012044,0.2062861650991542,0.19974116798469513,0.0
0.1983837720900917,0.1948429011395033,0.19535590548377013,0.2109270967224104,0.20049032456422441,0.0
0.20067575534268742,0.20336792364387637,0.18671559626184228,0.20510720984268377,0.20413351490891019,0.0
0.20208153129494555,0.20063938011767976,0.18796829548655897,0.20610960261911565,0.20320119048170013,0.0
0.20088827773731738,0.19910095551420703,0.1858302066272248,0.21067797724842496,0.2035025828728259,0.0
0.19788033086113385,0.20128685243689215,0.1878325934873287,0.2102510335235526,0.20274918969109268,0.0
0.20094729272443718,0.2007773665389138,0.18896423258120076,0.208863962514563,0.20044714564088517,0.0
0.1981183814798087,0.19767683505384204,0.1896023707124111,0.20970592346394135,0.2048964892899967,0.0
0.1968422221615385,0.2032528465144798,0.18503823424140137,0.2129804144736211,0.20188628260895924,0.0
0.198987516189096,0.20266440269023447,0.1894241802589739,0.2081996722702312,0.20072422859146438,0.0
0.19596347746918683,0.20177878423017606,0.21851158551170807,0.1870184262796734,0.19672772650925568,0.0
0.2004658129769529,0.19991006949133555,0.18678650405831315,0.20761032136293334,0.20522729211046495,0.0
0.20395201080509598,0.20448508867996243,0.18514982108101455,0.20473301468398084,0.20168006474994632,0.0
0.19913158835627756,0.19730222216201104,0.1883370916874603,0.20909672978655494,0.2061323680076962,0.0
0.19845843213014022,0.20227004064713794,0.1906219298889399,0.20643882598924757,0.20221077134453433,0.0
0.1984099132013045,0.20112432667813235,0.18863543008715553,0.2074262428949037,0.204404087138504,0.0
0.19934783397964206,0.2020324358257452,0.18203334073916294,0.21060662818267017,0.20597976127277967,0.0
0.19703296554981217,0.2034011092597559,0.18533295649929704,0.21022450000719223,0.20400846868394265,0.0
0.20027779248317037,0.19840232525780663,0.18690765181538674,0.21111283525333918,0.20329939519029708,0.0
0.19990650284939654,0.20517443371509278,0.18469625461772118,0.20566920677623854,0.204553602041551,0.0
0.1960828897603799,0.20575854046940636,0.17921121757603936,0.21068889448095893,0.2082584577132154,0.0
0.19934527068355645,0.1974556002283917,0.18904349805633341,0.21052228251403882,0.2036333485176797,0.0
0.1990232006081567,0.20172210045548453,0.1849422054121351,0.2100392679967937,0.20427322552742994,0.0
0.19784085153017952,0.19748607662039655,0.19002826638004747,0.2068524561581316,0.2077923493112448,0.0
0.1987720976830149,0.20339817546219907,0.18646314060839464,0.2084395176972924,0.2029270685490991,0.0
0.20266995308645938,0.19958850004439507,0.19469936084316614,0.2029554507271831,0.20008673529879634,0.0
0.19807965889920756,0.19776252081133167,0.18727462683047735,0.2113800613824942,0.2055031320764892,0.0
0.2034860240692265,0.20455539340934945,0.18279793842685696,0.20780586635519527,0.20135477773937183,0.0
0.19948127159722875,0.20222499443566502,0.18654405928631757,0.20822610996937585,0.2035235647114128,0.0
0.1985665839691454,0.19943265445368208,0.1860887728398879,0.20871281737754074,0.20719917135974392,0.0
0.2016205091318268,0.1972705813909861,0.18958456091231607,0.2085284729210137,0.20299587564385735,0.0
0.19850799366498084,0.202934895225275,0.1830929669241189,0.21011826903983577,0.20534587514578947,0.0
0.2024159931976694,0.2046673439634703,0.18625359765736227,0.2052186775460944,0.2014443876354035,0.0
0.19979798612623004,0.20135646933084023,0.18847904096010631,0.20573685479060394,0.20462964879221943,0.0
0.2010105510222293,0.20202889291590514,0.1881135659602979,0.20797148393495188,0.2008755061666157,0.0
0.1975083142138091,0.19521413546992353,0.19048462579909697,0.21362323251216994,0.20316969200500046,0.0
0.1962912450926951,0.19541892654555723,0.19480550546111727,0.20762890390696942,0.20585541899366105,0.0
0.19441039084859865,0.19666000555705906,0.19632691804383,0.2018007526024024,0.2108019329481099,0.0
0.19688459696868418,0.20571796849436755,0.18588461315344926,0.2059099323990093,0.20560288898448978,0.0
0.19883115750316796,0.2053554592284983,0.18494767668357795,0.20591171855045162,0.20495398803430426,0.0
0.19759711169066949,0.20684945462062637,0.1839385961860395,0.20844780850129097,0.20316702900137368,0.0
0.19845342490285484,0.20082804363300677,0.18951911045076253,0.2091339186531819,0.20206550236019405,0.0
0.1971457442488589,0.2013817312481216,0.1889043564236171,0.20630882637957132,0.20625934169983107,0.0
0.19628436861346943,0.1982177017885759,0.18886266633902005,0.2109440841434192,0.20569117911551532,0.0
0.1981775301245864,0.19826426575849024,0.18985179222988838,0.21296169003641063,0.20074472185062447,0.0
0.1988989252447927,0.20228962179092994,0.18484634495475297,0.20743469162323608,0.20653041638628844,0.0
0.2005089336519236,0.20246794005421204,0.19196607924158873,0.20595236129288447,0.19910468575939125,0.0
0.19949644235509215,0.2000218272859978,0.18645959013565605,0.21220070910525599,0.20182143111799802,0.0
0.201145081537572,0.20192764902802968,0.1896947235936048,0.20600210697380686,0.20123043886698663,0.0
0.20370134219349406,0.20389724610730597,0.1874450864240491,0.2059602451809302,0.19899608009422068,0.0
0.19878701822288775,0.20051741669822207,0.18704534274473406,0.2075066780117558,0.2061435443224003,0.0
0.1980765143469178,0.20309092809349633,0.19103155314178838,0.20528864882223477,0.2025123555955627,0.0
0.20147094525418144,0.198937754682589,0.18494419339036192,0.2097650409295772,0.2048820657432904,0.0
0.19627911996708802,0.1977471179536239,0.1852401176780733,0.20980734622810704,0.21092629817310765,0.0
0.19834301032960366,0.1998214452686017,0.19293635411555454,0.20801480319066132,0.2008843870955787,0.0
0.19954033311204628,0.2019116899964933,0.19028077659049475,0.1996369351441729,0.2086302651567927,0.0
0.20163815397229456,0.20282596645263973,0.18358340757613048,0.20651984322073577,0.20543262877819934,0.0
0.19902878601605908,0.20162568516472756,0.18542278248577237,0.20731519414669802,0.20660755218674293,0.0
0.19735972510794086,0.18741832509167666,0.20767800324254912,0.20582412959414273,0.20171981696369073,0.0
0.19950028204747727,0.20228644457418699,0.18918009034521913,0.20621758907284105,0.2028155939602756,0.0
0.20174382419898104,0.20140873685416566,0.19000026688041044,0.20619406865488862,0.2006531034115543,0.0
0.20008580278606744,0.20393964582222704,0.18552877440186932,0.20747169157081552,0.20297408541902068,0.0
0.19862645199461093,0.19590399983039594,0.2043818856497036,0.2016885077410958,0.19939915478419368,0.0
0.19569322393904565,0.19737836001400014,0.18794056169671722,0.21062077201757287,0.20836708233266416,0.0
0.19995887961631717,0.19304436032990702,0.1922735076448757,0.21296820160317875,0.20175505080572134,0.0
0.1985240621597347,0.20555429841790968,0.18503983545333022,0.2050188372584957,0.20586296671052975,0.0
0.1979812213773619,0.2023311584853932,0.18266226419599926,0.21136512121288933,0.20566023472835632,0.0
0.20010278067120832,0.20161621057666898,0.1853803465314273,0.20683381259890868,0.20606684962178673,0.0
0.19849789271915688,0.20154662763990086,0.18511952921953106,0.20970834175731756,0.20512760866409357,0.0
0.19908571303562034,0.20287051776917925,0.18559368178299374,0.20697823088358497,0.20547185652862168,0.0
0.19680821955635283,0.1958218708252724,0.1989789024555954,0.20455182316768736,0.2038391839950919,0.0
0.19821010678539222,0.20209914399404255,0.18891899121870584,0.20796035238148927,0.2028114056203701,0.0
0.19949351919334476,0.20147466087848195,0.18317459801719216,0.20908566621970534,0.2067715556912757,0.0
0.19958940403077302,0.20083706725171666,0.18646206730585652,0.20496803832813723,0.2081434230835167,0.0
0.20005388547685615,0.19577288299670834,0.1879317434117379,0.21259816024522132,0.20364332786947625,0.0
0.19937764682225673,0.19711893870192926,0.1923178738955901,0.20710444800306896,0.20408109257715495,0.0
0.19766363670097614,0.20115254088910733,0.18648985565013224,0.2090550199676622,0.20563894679212202,0.0
0.20183575034395088,0.20322839906138734,0.1850649530748789,0.20577010100875892,0.20410079651102403,0.0
0.19856963117353885,0.20635717086251762,0.18430713119848494,0.20836587980328813,0.20240018696217038,0.0
0.1995069958807201,0.20384216075507308,0.1842249407105707,0.20851695707100848,0.20390894558262768,0.0
0.19724373148409696,0.1957541258345774,0.1860412841685622,0.2099581250860532,0.21100273342671014,0.0
0.19426981408998825,0.20079894575550158,0.1891905827281021,0.21067998440825073,0.20506067301815725,0.0
0.20058659087439787,0.20075633594804723,0.1846336951230659,0.20849595418326466,0.20552742387122444,0.0
0.20088709001975522,0.20324490196000852,0.18902785629255373,0.20433898453342997,0.20250116719425254,0.0
0.19774026223783053,0.20009868953144164,0.18919153646630393,0.2087562403146281,0.20421327144979576,0.0
0.20153072506798742,0.19996831257077646,0.1870312839017156,0.20788277847978917,0.20358689997973142,0.0
0.19657226563303595,0.2000635919857244,0.18930349639781863,0.2119431600624938,0.20211748592092724,0.0
0.19964463968039847,0.2038815433287913,0.1872935318834135,0.20620867426222486,0.20297161084517182,0.0
0.20103141405588013,0.2035358775769249,0.18621505586159753,0.20793653064651677,0.2012811218590808,0.0
0.20241987697187555,0.19905542832455178,0.18726363649706232,0.2064113181544247,0.2048497400520856,0.0
0.1959946182726197,0.20291374483535227,0.1858414272247613,0.2073909418276304,0.20785926783963643,0.0
0.19905090297022887,0.20175836282535708,0.18826486917566962,0.20644851690928517,0.20447734811945933,0.0
0.20068770504373157,0.2017673421554366,0.1865916528578166,0.20734858562889402,0.2036047143141212,0.0
0.20048549425767778,0.19927840594478,0.1852410453698194,0.20937940084368495,0.2056156535840379,0.0
0.19697211267107037,0.20484263388456994,0.18882396954043382,0.2065380351178081,0.20282324878611765,0.0
0.19997557542025282,0.19783887926184487,0.18808671490189224,0.21078000532144298,0.20331882509456717,0.0
0.19864072117877715,0.19781450193997338,0.1868849013221446,0.21105283798374067,0.20560703757536397,0.0
0.1980504598334387,0.20253948648343564,0.18746590564127938,0.20774812426492076,0.20419602377692547,0.0
0.1980296208682492,0.18747343579703524,0.20752615759843174,0.20600797831957574,0.20096280741670808,0.0
0.19847601442734225,0.2043063748397397,0.18465561219643595,0.2082134102192172,0.20434858831726482,0.0
0.2,0.2,0.2,0.2,0.2,0.0
0.19907019215664912,0.19965401773182592,0.19020404088868897,0.20694606176569874,0.2041256874571373,0.0
0.20165857488779612,0.1977562023309781,0.1903921340996146,0.20907388257229367,0.20111920610931744,0.0
0.19813432862180855,0.2030217320290755,0.18790329963970512,0.20675757870906994,0.2041830610003408,0.0
0.19952556969817767,0.1996276065367011,0.18981196079264379,0.20826668557000227,0.2027681774024751,0.0
0.19905421259891035,0.19629879580357426,0.1871896119119947,0.20946261691110768,0.207994762774413,0.0
0.20047543323509856,0.20428079144239703,0.18851191658497654,0.2053073713187423,0.20142448741878546,0.0
0.19866883124495396,0.20060327130932143,0.1871863852920226,0.20861822802015736,0.20492328413354463,0.0
0.19783482000354832,0.20004344283625375,0.18970793323082719,0.20977102487598143,0.2026427790533893,0.0
0.19819109787963612,0.20031886822068143,0.18324254243219623,0.20995752873473034,0.20828996273275574,0.0
0.19847181883879905,0.2017159431462739,0.18926016057442382,0.2059146253070634,0.20463745213343984,0.0
0.19990146614726287,0.20353231734982785,0.18707889994577523,0.20640650347942216,0.20308081307771184,0.0
0.1958594288156888,0.19893289779519943,0.19265884735228353,0.209352551926,0.20319627411082827,0.0
0.1999066230503103,0.20059190449007433,0.18684886866173034,0.20952007217884816,0.20313253161903685,0.0
0.1984056468818739,0.1988645905352208,0.19005337450228385,0.20790938389088306,0.20476700418973848,0.0
0.2002513517996483,0.1989701094617453,0.18796770241802027,0.20951469565555889,0.2032961406650273,0.0
0.1971465900339622,0.19843647838035697,0.19005959530115848,0.2084104890018201,0.20594684728270232,0.0
0.19964306321791248,0.1990206037168815,0.1909227922637761,0.20703813719145084,0.20337540360997916,0.0
0.19913727127235278,0.20369290122415987,0.18718512621840727,0.20483019831187485,0.20515450297320517,0.0
0.20068937626424221,0.2070552227365317,0.1857689845586111,0.20609707941460062,0.20038933702601436,0.0
0.19733717739081946,0.1987046069969983,0.1883474006107911,0.20999959200999355,0.20561122299139759,0.0
0.19938086808809524,0.20240213004524074,0.18674727551657863,0.2091385861092848,0.20233114024080054,0.0
0.19726130200857686,0.20063155176102923,0.19183584614808083,0.205651389771251,0.20461991031106205,0.0
0.20465398527545306,0.2001760046215916,0.18863703733762738,0.20600676646176286,0.20052620630356502,0.0
0.1973111415091627,0.20073612545066444,0.18974117100577312,0.2093365058744051,0.20287505615999463,0.0
0.1955804905072073,0.20243820988593775,0.19166862127894957,0.20959676387779647,0.20071591445010903,0.0
0.19899216285563176,0.19907714339763075,0.18907563546661285,0.20805710704425492,0.20479795123586972,0.0
0.19918156761890707,0.19724815930263864,0.18668372701670571,0.20974969331582283,0.20713685274592575,0.0
0.1962109364410376,0.19901440429361525,0.1893170631042914,0.2129470811368115,0.20251051502424422,0.0
0.19909555003996388,0.20038701095675301,0.1884118794086803,0.2103996529122157,0.20170590668238716,0.0
0.1987081730469639,0.2050876969848329,0.18341617376917368,0.21058265965433054,0.202205296544699,0.0
0.1991585968979435,0.1974292936936188,0.18912942246722247,0.20877804667403796,0.20550464026717735,0.0
0.20109948203134997,0.19997348389717806,0.18703143593582214,0.2076228449285322,0.20427275320711757,0.0
0.19988500828247857,0.2026243029676726,0.1885820339693203,0.20604914130929589,0.20285951347123266,0.0
0.19690372267135428,0.19997470444005863,0.18700921830407805,0.21050439121981765,0.20560796336469137,0.0
0.20038059047581028,0.20297974066952987,0.18497358508566292,0.2071184546047168,0.2045476291642801,0.0
0.200179851199182,0.2018110050997843,0.19019068361164732,0.20838688668024774,0.19943157340913858,0.0
0.20080028488856022,0.20136636141835185,0.1835793932550302,0.20886393372695986,0.20539002671109793,0.0
0.19929740884717015,0.20291697135718356,0.1932526766893824,0.20360469200013853,0.20092825110612528,0.0
0.19693936734547796,0.2028538572090914,0.18485156303153116,0.21063837488341894,0.20471683753048053,0.0
0.19865961799697504,0.2058374638987677,0.18521329380691107,0.20751823859437624,0.20277138570297,0.0
0.1981290287529595,0.20407790469222634,0.18805661509081045,0.20566949032017026,0.2040669611438335,0.0
0.20110016233207262,0.20611764554286024,0.18617442633322218,0.20795128293716092,0.198656482854684,0.0
0.19999744940190528,0.20056108666002365,0.19014763451432384,0.20723210607946083,0.20206172334428643,0.0
0.19797139366856698,0.20409337201155617,0.18557924592770014,0.20631769682629808,0.20603829156587872,0.0
0.20001378609385478,0.19867024067861683,0.18813230979594706,0.20839667446617693,0.20478698896540437,0.0
0.19813476545731507,0.20586371593193561,0.18805330951578597,0.20803351783977128,0.19991469125519215,0.0
0.19858135981528235,0.20542934896512677,0.18542526175603696,0.20786903783851068,0.2026949916250432,0.0
0.19933724578057835,0.20523295158092206,0.18626987286578045,0.20529307683194217,0.20386685294077705,0.0
0.20001872034998255,0.2034182995805451,0.1892424177130092,0.2063596964831927,0.2009608658732705,0.0
0.20093208138388655,0.1985352949541894,0.1862644759540849,0.20829978561946597,0.2059683620883731,0.0
0.1964987989576396,0.20007514090006218,0.18592790265857165,0.20839118614383675,0.20910697133988995,0.0
0.19793914374323227,0.19872794735722676,0.1889335771685876,0.20977562456828042,0.20462370716267295,0.0
0.20054597430833584,0.2007974447500389,0.18594196083373243,0.20854414067064642,0.2041704794372465,0.0
0.19957557010642887,0.20493705672229467,0.1866588433038581,0.20541399645320374,0.20341453341421445,0.0
0.2,0.2,0.2,0.2,0.2,0.0
0.1979083196288874,0.20160033455797116,0.18796292458556985,0.20622150277209064,0.2063069184554808,0.0
0.1997252696018324,0.20122896970151755,0.1898219220942904,0.20579990112570734,0.20342393747665227,0.0
0.1991802420536312,0.2047186117563246,0.1894022661401099,0.20375282542134482,0.20294605462858947,0.0
0.19799794827059575,0.1979982152566608,0.1927380746745341,0.20958582173390017,0.201679940064309,0.0
0.19984061457231736,0.19695560834721612,0.18963232808550992,0.20905039866016054,0.2045210503347959,0.0
0.19913981385161564,0.19677003106348986,0.1888930815559585,0.2128941950123273,0.2023028785166087,0.0
0.19569664410633444,0.19457773585895805,0.19630568858643305,0.20894199919902917,0.20447793224924538,0.0
0.19888359357009247,0.19685191118748005,0.18540131097681922,0.20869869731219115,0.21016448695341722,0.0
0.19950039592836896,0.19741795658929784,0.19159990994473075,0.21048144294697305,0.20100029459062932,0.0
0.19914328820840135,0.19444158670454215,0.18989173119586,0.21206992847900677,0.2044534654121897,0.0
0.19965641674234108,0.20353313178782137,0.18591372323819427,0.2064924545102129,0.2044042737214303,0.0
0.19812588782609308,0.201609672657623,0.1840167193457436,0.2102586294223835,0.2059890907481568,0.0
0.19865241593143745,0.20648794304633605,0.1888871030804965,0.2034626783606298,0.20250985958110018,0.0
0.19837571856742128,0.20594944820840858,0.18878184542153065,0.2058750683775474,0.20101791942509198,0.0
0.1971141161265978,0.19412805910547723,0.20217203891938995,0.20470456385811053,0.20188122199042455,0.0
0.19867628564591056,0.1996128269918442,0.1878607240208372,0.20707113123278334,0.2067790321086246,0.0
0.19896323328757043,0.19781103000504213,0.19248066354648152,0.2103189991286367,0.20042607403226917,0.0
0.19741258027358302,0.20217485030777904,0.19252406632413477,0.20780541335807778,0.20008308973642544,0.0
0.19796940814867053,0.18610801604331756,0.20840936879488636,0.20677135549642792,0.20074185151669763,0.0
0.19789287389826993,0.2029396945476468,0.1851281314240762,0.21224286079518412,0.20179643933482314,0.0
0.19961272637767916,0.20356190213127467,0.18684025534580379,0.20859545945600624,0.2013896566892361,0.0
0.19909465597737747,0.20264415324162868,0.18511494805264953,0.20720212532145652,0.20594411740688787,0.0
0.19602536827682715,0.2060586788505695,0.1832082259341995,0.20810778240006605,0.20659994453833777,0.0
0.1987441945158446,0.20515568572916107,0.18787370863541575,0.20487169041237602,0.20335472070720254,0.0
0.19890309144054424,0.20550799748052165,0.18812964948501587,0.20481055357292327,0.20264870802099502,0.0
0.19814744983620566,0.19670784790009516,0.1901316416524103,0.209663322860237,0.20534973775105192,0.0
0.19481550651727295,0.20033628959294628,0.18740851108534562,0.21257901834847762,0.20486067445595754,0.0
0.19671803990153902,0.2036970955102613,0.18719477983721097,0.20779882685707798,0.2045912578939108,0.0
0.20093590353310437,0.2047450715211779,0.1871029432687378,0.2053245395333584,0.20189154214362148,0.0
0.20119938065060738,0.20165176443787097,0.1877937581954304,0.20642574830277574,0.2029293484133155,0.0
0.19920652671874892,0.20280291385661403,0.18498064501202865,0.20677758804704743,0.2062323263655609,0.0
0.1988127352981779,0.20006674784845402,0.18474138727482728,0.2097834148918199,0.20659571468672094,0.0
0.19570649814754582,0.20224630707410965,0.19028287714129016,0.2056540363839485,0.20611028125310574,0.0
0.2,0.2,0.2,0.2,0.2,0.0
0.19887900185659335,0.1985152925533658,0.18954209715092696,0.21143852313353997,0.20162508530557383,0.0
0.19726426462070845,0.19789705407077912,0.1915736184352256,0.211161495832712,0.20210356704057492,0.0
0.20007912501218286,0.195646277258416,0.19430653958726196,0.20682739155948132,0.20314066658265797,0.0
0.20307377439317478,0.20133268785236716,0.1865893675668597,0.2053021162041479,0.20370205398345048,0.0
0.1970261070459586,0.1947380951733257,0.2128991822820172,0.19897344917464474,0.19636316632405373,0.0
0.2013936786970282,0.2025881749200297,0.19011999648570857,0.20578209738224745,0.2001160525149862,0.0
0.19930805305337476,0.20200267921384454,0.18579620987901935,0.2067856780486681,0.20610737980509325,0.0
0.2000832729828589,0.2029202890677879,0.18811902182242374,0.20819687718940247,0.2006805389375269,0.0
0.1971897585253706,0.20372156513146825,0.18880014797209127,0.2067033465593411,0.20358518181172874,0.0
0.19863320279407334,0.19907835579096114,0.19111435625990966,0.21008956584874866,0.20108451930630722,0.0
0.19663422313660428,0.196914205647648,0.18738510954281226,0.21224601219837966,0.20682044947455586,0.0
0.199014190308306,0.20416725075246145,0.18857910131075953,0.20574368891460487,0.20249576871386818,0.0
0.2002649162245396,0.2026686305743133,0.18453073823513852,0.20923042987390236,0.20330528509210627,0.0
0.19932013690203962,0.2037819267634445,0.1879362317717662,0.20501761425173745,0.20394409031101224,0.0
0.2,0.2,0.2,0.2,0.2,0.0
0.19922560281843735,0.20301163697714625,0.18570553321272004,0.20798935395200843,0.20406787303968796,0.0
0.2008789746016558,0.20152855450004192,0.1876611989401302,0.2071888878855247,0.2027423840726473,0.0
0.1964867322906547,0.19871219159114697,0.18624365173765065,0.2131162621077378,0.2054411622728098,0.0
0.19652616027131697,0.20403995578284395,0.1852193155853275,0.2077440267419437,0.20647054161856782,0.0
0.20104898095094276,0.20589824094146714,0.18500084898349065,0.20469427387363712,0.20335765525046232,0.0
0.19949520052959263,0.2007531367301755,0.18780230399145786,0.20726481268782646,0.20468454606094758,0.0
0.1963352457281742,0.1983664060884179,0.18954391015085814,0.20884504124045886,0.20690939679209092,0.0
0.19853445179018916,0.1999538699159879,0.19080255951623332,0.20692246318349422,0.20378665559409542,0.0
0.19892955814730628,0.19894187846649938,0.18636243172690706,0.2081795571184698,0.2075865745408174,0.0
0.2036916565787204,0.1980959393755429,0.18777090663650903,0.21065646553733344,0.19978503187189417,0.0
0.2000342455484898,0.2012746610072206,0.18781094617789554,0.2045759187526399,0.20630422851375413,0.0
0.19935399217361655,0.20113348849179133,0.18902493280579158,0.20863573587969445,0.20185185064910605,0.0
0.20095975757711823,0.19644776563655997,0.19007540997511518,0.20868404504547966,0.2038330217657269,0.0
0.2032545587148424,0.19739997796341882,0.20400633816031113,0.19756189627459633,0.1977772288868313,0.0
0.200781133627083,0.20364855433322104,0.1900028282669862,0.20070402727901954,0.2048634564936901,0.0
0.19796818843482242,0.20188727397984416,0.18702980052289686,0.20767599890464725,0.2054387381577893,0.0
0.20021561366924298,0.20301610448432267,0.18803681772461364,0.20497548476131416,0.2037559793605066,0.0
0.19912527495200857,0.2039878340928177,0.18350506703553587,0.20787054113198522,0.20551128278765265,0.0
0.2009004112825013,0.2030531393010904,0.18401922346648872,0.20951503028064045,0.20251219566927917,0.0
0.20179186675116909,0.19881591173903002,0.18809334865399968,0.21020290290603036,0.2010959699497709,0.0
0.19786320367002444,0.2034981896724314,0.18588326687682352,0.20698738619615617,0.20576795358456443,0.0
0.20103043769924256,0.20103120496376942,0.1923487137640249,0.20591532364820495,0.19967431992475806,0.0
0.19873616532771932,0.19962159828534798,0.18796842793364335,0.2115534720335381,0.20212033641975138,0.0
0.20118955532693028,0.19719238881163306,0.18825396501687508,0.21014046446159748,0.20322362638296418,0.0
0.19923210134707472,0.20287370780249636,0.1868752324183868,0.2070363413918738,0.20398261704016832,0.0
0.19627498590391318,0.19638709844960714,0.18891168506403813,0.21081102404952978,0.2076152065329118,0.0
0.1980893182618733,0.2018103126524379,0.18504017829789113,0.209197798146407,0.20586239264139075,0.0
0.19820631490571833,0.20391105796291994,0.18891469628761984,0.20596706510413446,0.20300086573960746,0.0
0.1967552677880904,0.1941911844457723,0.1911227219840862,0.21359960338851186,0.2043312223935392,0.0
0.20018498117088163,0.20248072347730411,0.19012663893198015,0.20570734395664284,0.20150031246319133,0.0
0.1992892362714611,0.19703733073700655,0.1890205071183775,0.20806851181896557,0.20658441405418923,0.0
0.19748823006866836,0.19775934187649552,0.19261613647002132,0.20874836041696265,0.2033879311678521,0.0
0.19614796808110194,0.1979091422601549,0.1912175225867769,0.20955125853796086,0.20517410853400558,0.0
0.1995917273180768,0.20266954915556826,0.1912705948235795,0.20741706995496154,0.1990510587478138,0.0
0.19851042214782158,0.20052088914311253,0.18754352447072892,0.20883016379821526,0.20459500044012166,0.0
0.19778833319743322,0.20128429580796658,0.1876653300813546,0.20875210457519,0.20450993633805553,0.0
0.19786301600139963,0.205585948840692,0.18593944060475717,0.20646534577032888,0.20414624878282228,0.0
0.20180962519804282,0.19834231174522707,0.18696883540809603,0.2110282245756083,0.20185100307302564,0.0
0.1982271480806869,0.20158688366008698,0.18719563670386213,0.20504197083864126,0.2079483607167228,0.0
0.19852075497099111,0.1999811605306807,0.1921018132865168,0.20718068445337023,0.20221558675844123,0.0
0.1990315666440925,0.19976857356656272,0.1860977456747586,0.20898456505628377,0.20611754905830246,0.0
0.20005367695884474,0.20027126814956556,0.18900915478128397,0.20821724196568853,0.20244865814461713,0.0
0.1979578617590553,0.20474450446144243,0.18549651909777348,0.2075642319875551,0.20423688269417356,0.0
0.1985327152511355,0.20629728690411822,0.18532400714127212,0.20886256310985876,0.2009834275936154,0.0
0.19696954521093085,0.20270052436480004,0.1860908477182118,0.20733999981141182,0.20689908289464548,0.0
0.1990720307056481,0.19988475119299656,0.18678096903531957,0.20907624548965487,0.205186003576381,0.0
0.19948585685986683,0.19967684842087527,0.18901733908994836,0.2062402609511583,0.2055796946781512,0.0
0.19976182752391874,0.19632899235707818,0.18908336407053505,0.210848690948439,0.20397712510002905,0.0
0.19836594506000552,0.19665132018006806,0.1931759491575879,0.20686825091528607,0.20493853468705242,0.0
0.19817415752627524,0.19329402593256448,0.1892326072459708,0.2103918721104621,0.20890733718472748,0.0
0.19677612623630517,0.20035332527818958,0.19121137006611613,0.20941040993205173,0.20224876848733733,0.0
0.2012767374235418,0.2048736591906497,0.1869773796197648,0.20452068484104816,0.20235153892499552,0.0
0.20013951170138006,0.20112303915207833,0.1872956630461564,0.2090452448137804,0.20239654128660464,0.0
0.20131444279674887,0.19598023726582847,0.18897295434425113,0.2130935572954246,0.20063880829774697,0.0
0.20070673898064856,0.20188700356918832,0.19165346484671641,0.20585691958111985,0.19989587302232684,0.0
0.20220458709398026,0.19967122590061673,0.18902279315890752,0.2088662017243502,0.20023519212214536,0.0
0.19849423873628053,0.20385896248550595,0.18732512879047292,0.20732240784570768,0.20299926214203298,0.0
0.19650340223941506,0.20371879942748544,0.18764089609290716,0.20774643527287226,0.20439046696732024,0.0
0.19872193917952666,0.2017670862638674,0.1889955773847944,0.20835878955550408,0.2021566076163074,0.0
0.20309386564094992,0.20237950732917945,0.19025011482558776,0.2040943464521887,0.20018216575209413,0.0
0.1962225032545421,0.1968245231610134,0.18958929056020934,0.21118285200170517,0.20618083102252996,0.0
0.19876989804686163,0.20249138416009427,0.18781280192049588,0.21005693170238351,0.20086898417016466,0.0
0.20085018546232153,0.20121963555128017,0.18684240568466232,0.2085773035305418,0.20251046977119425,0.0
0.19752246655827096,0.19786452997379975,0.18484191661381652,0.2109804200486644,0.2087906668054484,0.0
0.19697263577161084,0.1909540976877254,0.1948810041839483,0.2121660702699548,0.20502619208676065,0.0
0.20132257222000044,0.20084680527205356,0.1868040939431775,0.20668277148169312,0.2043437570830754,0.0
0.19951773932177286,0.19750677519621154,0.18836525777532712,0.20912921057260608,0.20548101713408237,0.0
0.20223184941046443,0.20203338603329288,0.18708529517793937,0.2063659529151892,0.20228351646311427,0.0
0.19633191664544158,0.19314220673347482,0.18978694068456783,0.21088184185102962,0.209857094085486,0.0
0.19779182890421887,0.20461755153216984,0.17971647706097427,0.2090991673258029,0.20877497517683413,0.0
0.199597351098332,0.2025080780468405,0.1867548436730806,0.20601020121587252,0.20512952596587428,0.0
0.2056655260419209,0.20100619354977026,0.18942211223280792,0.2047246848046557,0.19918148337084515,0.0
0.19768105715883352,0.1980630571066796,0.18919582330103948,0.20654895995791642,0.2085111024755311,0.0
0.20205576192078617,0.202343640368391,0.18397943998514146,0.20763733539565735,0.203983822330024,0.0
0.1994246984236646,0.1996458532539577,0.18800193739193632,0.21093328343254,0.20199422749790144,0.0
0.19968084428342922,0.19983397896778513,0.18861252471068493,0.21037765697684052,0.2014949950612602,0.0
0.19685880330786215,0.2023726859298374,0.18855795473507125,0.21105395760734774,0.2011565984198816,0.0
0.19980020660023046,0.20213221637632167,0.185094402885907,0.2063292516201616,0.20664392251737923,0.0
0.19870416046270856,0.20557627269511666,0.18719040312240937,0.2049539128378853,0.20357525088188008,0.0
0.20039754391108308,0.20568282303243532,0.18535853820941223,0.20707911493620043,0.20148197991086897,0.0
0.19970919877043566,0.20231282260738429,0.18781495142717725,0.20637165603805743,0.2037913711569454,0.0
0.1988902033806592,0.19845111126685205,0.18950165931624352,0.21016356317770693,0.20299346285853836,0.0
0.20164964298936539,0.20675475243495992,0.18502176985661584,0.20607678573753266,0.2004970489815262,0.0
0.19888467593116224,0.20387095159732552,0.18484022516279344,0.2067442050727918,0.20565994223592698,0.0
0.2013724424087988,0.19949612302787706,0.18810051455353208,0.20941084956401335,0.20162007044577868,0.0
0.19777135408485755,0.20163582867418678,0.19056442240673258,0.20916978491105478,0.20085860992316829,0.0
0.20582656423958884,0.2021266422490478,0.18825148092971813,0.20522329563775535,0.19857201694388982,0.0
0.1980460695026498,0.20214423400243475,0.18280403034343976,0.20980528026630377,0.20720038588517187,0.0
0.1978994376738888,0.2061796206375679,0.18695041184529665,0.2041406917976627,0.20482983804558388,0.0
0.198612407067911,0.19987199079914655,0.18769638246704215,0.2089089329630837,0.2049102867028166,0.0
0.19904630329075323,0.19676548964369925,0.18798266235488453,0.20886093831516483,0.20734460639549823,0.0
0.2011268395204769,0.2021355596076969,0.1881878999716705,0.20547975775581506,0.20306994314434065,0.0
0.20128351592429286,0.19515836612952076,0.1901755797987283,0.21222558142597925,0.2011569567214789,0.0
0.19970329613734392,0.19546970453025933,0.19074741011020177,0.20984372663045323,0.2042358625917417,0.0
0.19773028969694048,0.20334139348400074,0.1831725104292073,0.2092172924114256,0.20653851397842582,0.0
0.19848395835318342,0.20444924820966204,0.18563592471928825,0.20717901211390177,0.2042518566039647,0.0
0.19849236641680193,0.20058337316720387,0.1846348815475718,0.21283521192204874,0.2034541669463737,0.0
0.19929235357632683,0.19974619939584115,0.18627501183862555,0.21381826217377184,0.20086817301543466,0.0
0.19840009032993988,0.19503919281023763,0.20498604857352623,0.20231530656723684,0.1992593617190594,0.0
0.1994663149353357,0.20311301548241775,0.18757713223362857,0.2061855350645089,0.20365800228410907,0.0
0.2,0.2,0.2,0.2,0.2,0.0
0.20306937376486123,0.1985848587640666,0.18550471797982207,0.2113976645339658,0.2014433849572844,0.0
0.20304556795355663,0.20232321283002772,0.18723828728197708,0.20553183492851113,0.20186109700592733,0.0
0.19822343569990722,0.20335526539205948,0.1883385028137964,0.2074403411621581,0.20264245493207889,0.0
0.19787887704523133,0.19410777217200254,0.19186036466013495,0.21254720401235438,0.20360578211027688,0.0
0.20069676364636618,0.2053879661580803,0.18987965379529953,0.204758009863083,0.19927760653717105,0.0
0.1985259694832239,0.20128958548406847,0.18357328257383462,0.20790503290459023,0.2087061295542828,0.0
0.20031138907953153,0.20333050302434744,0.18504577367267203,0.20632965469766068,0.2049826795257884,0.0
0.20089878712690057,0.20062998236852841,0.1862310728887527,0.20971221685171088,0.20252794076410752,0.0
0.19787020241256034,0.20727385083442817,0.18053413324250767,0.20820333031103228,0.2061184831994715,0.0
0.19964349723578007,0.20321311166955267,0.1849666784240299,0.20689490932253335,0.20528180334810398,0.0
0.20075647380254075,0.2049268309660061,0.18681980750408805,0.20625637540761513,0.20124051231975004,0.0
0.20028295781114808,0.19957855581998363,0.18790264616074862,0.20888293438357133,0.20335290582454835,0.0
0.1957923066967776,0.198767856304735,0.18873600863415993,0.21437985199022683,0.20232397637410052,0.0
0.20019044337678563,0.199341667764412,0.19309374068991877,0.20568397326531723,0.2016901749035664,0.0
0.20002486049859333,0.203356490210099,0.19053340405390104,0.2037764160046079,0.20230882923279875,0.0
0.20222783044560194,0.1975804348219832,0.1859876820292782,0.20935461538540318,0.20484943731773347,0.0
0.19806288191492002,0.1939183874579329,0.19338877980471822,0.21126322479641998,0.20336672602600891,0.0
0.19954296752724007,0.19206115954761885,0.20106533979855945,0.20376182991471875,0.20356870321186285,0.0
0.200832034223571,0.19935349371049718,0.18455538647517644,0.2067503237936372,0.20850876179711816,0.0
0.19958238281521395,0.2006989689838015,0.18880062465538391,0.20825540926201938,0.2026626142835812,0.0
0.1991116426320805,0.2000976681444771,0.18731252867625678,0.20878012160027212,0.20469803894691346,0.0
0.19573687581565857,0.19329615878153505,0.1923723214425313,0.2122054797943818,0.2063891641658933,0.0
0.19898052092900642,0.20420578044676335,0.1844850232677766,0.20670110362805136,0.20562757172840238,0.0
0.19830765186374033,0.19735417494471758,0.1865817633673808,0.21109669259573197,0.20665971722842935,0.0
0.19891586240044565,0.20487932404568615,0.18922193945587462,0.20499048040798146,0.20199239369001218,0.0
0.1996348129636231,0.20302207031961955,0.18486305733572803,0.20591093591490778,0.20656912346612152,0.0
0.1943251659564749,0.1985556771028745,0.19100363919015984,0.21422795657378743,0.2018875611767034,0.0
0.19874991240287543,0.2034986582954878,0.18790619631199493,0.20585386165380087,0.203991371335841,0.0
0.20378248798094886,0.19998428243226177,0.19207389802116648,0.20564603846370944,0.1985132931019134,0.0
0.20187825043535204,0.20463062979549765,0.1834323793015887,0.20382226134359213,0.20623647912396947,0.0
0.19807305292580887,0.20379839213182394,0.18932929247300723,0.20586397286353453,0.20293528960582558,0.0
0.19955104585544284,0.1999761206162799,0.19220629086358737,0.20796240988610726,0.20030413277858264,0.0
0.19799419841853372,0.196687525984694,0.186970544880192,0.21096324163159866,0.20738448908498158,0.0
0.1973009594596633,0.2015805182068053,0.19130116041267406,0.20813910009541664,0.20167826182544074,0.0
0.19767471684664506,0.20132411004365924,0.18925065426855703,0.2073642710535903,0.20438624778754835,0.0
0.19655441345826852,0.19695108652587415,0.1912150980357265,0.2128569739176458,0.20242242806248517,0.0
0.1984357553651775,0.20188194187499633,0.18843009822418352,0.20855639746068352,0.20269580707495902,0.0
0.19826433377832645,0.20522193040185327,0.18634830343552042,0.20837876375113815,0.20178666863316166,0.0
0.19857983197909335,0.19511863107308192,0.1875216828060814,0.21072965549655673,0.20805019864518656,0.0
0.2,0.2,0.2,0.2,0.2,0.0
0.20045662941826803,0.19594618720417148,0.18915606422466275,0.2131741726520908,0.20126694650080693,0.0
0.20273501178029787,0.19636915670217164,0.19185326832980745,0.2084501672078524,0.2005923959798707,0.0
0.20203152304118127,0.20304035622067412,0.18357071492875818,0.20799534188880622,0.20336206392058018,0.0
0.20040142270170738,0.2058674167919526,0.18460242120838868,0.20629626192882722,0.20283247736912408,0.0
0.19873784776602768,0.20469674031143545,0.18797912573465345,0.20610861019544868,0.2024776759924347,0.0
0.19765929302538246,0.20424669233032175,0.1851864591435146,0.20605021238298538,0.20685734311779588,0.0
0.19799254255205664,0.2032708339287696,0.18556129982214473,0.20850806134336683,0.20466726235366214,0.0
0.19844972275424974,0.19499238816577527,0.1896879800188085,0.21085626517774445,0.20601364388342203,0.0
0.19558715558492332,0.19314514814225225,0.19121118186336938,0.21161559334597646,0.20844092106347858,0.0
0.1999278355048811,0.20303946666249578,0.18944620750626193,0.203011733802242,0.20457475652411924,0.0
0.1991143385443636,0.2011889533624289,0.18877970068838285,0.2081724351535796,0.2027445722512451,0.0
0.19942684589157858,0.19751797369334395,0.18533301206395883,0.21155246081915213,0.20616970753196645,0.0
0.1995195097905077,0.20507528143695827,0.18874062721301668,0.20633242739801752,0.2003321541614999,0.0
0.19938399912143492,0.2019479242372808,0.18800877107066308,0.2080080313043789,0.20265127426624227,0.0
0.19951214840004608,0.19887748547946218,0.1871878185217385,0.21035829711734194,0.20406425048141114,0.0
0.20118292560940493,0.20164065723291782,0.18150362423425462,0.2096282110213868,0.20604458190203584,0.0
0.19826662723752286,0.2025679299283669,0.1839344183221278,0.20716783659975416,0.20806318791222816,0.0
0.20032653754737118,0.20595350372395915,0.18572989358102776,0.20506037501639604,0.20292969013124598,0.0
0.1975381803188793,0.1986930946758906,0.18608072668130482,0.2112061078833001,0.20648189044062518,0.0
0.2010720367190931,0.19799563952095675,0.18862076085114435,0.20952372301740899,0.20278783989139676,0.0
0.19947339633542135,0.19988791423899965,0.18531713896948396,0.21034693322884662,0.20497461722724844,0.0
0.19888071108387165,0.1998734866758622,0.18670624208431963,0.2114328989721993,0.20310666118374707,0.0
0.2023413946325679,0.20346729378862577,0.18365351938346047,0.2050518982116999,0.20548589398364592,0.0
0.19850494408780536,0.20320752629820066,0.1852242409530326,0.2079221123214588,0.2051411763395026,0.0
0.20360497026097413,0.2039577803038601,0.19093126765872515,0.20475956934985448,0.1967464124265862,0.0
0.1946072911100698,0.20545921692499503,0.18360218449671403,0.21090722580431462,0.20542408166390655,0.0
0.19511334472775202,0.19410880901986313,0.19487319749862358,0.21147299888554055,0.20443164986822074,0.0
0.20052812291355174,0.2013377806024154,0.18593979632253002,0.2076231495183029,0.20457115064319994,0.0
0.2,0.2,0.2,0.2,0.2,0.0
0.1969860422242172,0.1992752763103976,0.19173287345036366,0.20860472210725364,0.20340108590776798,0.0
0.19790418385140318,0.20264544539415932,0.187174936960417,0.20887885851052218,0.20339657528349825,0.0
0.19908221229171066,0.20610066759079684,0.18452266464202016,0.20626991989738527,0.2040245355780872,0.0
0.19911783673063424,0.2024535176784939,0.18659668079301084,0.2073456190018663,0.20448634579599476,0.0
0.19661488196903648,0.19691547768279996,0.18754865095868484,0.2085676315992745,0.21035335779020414,0.0
0.1971897205029564,0.20229395383425555,0.19002195021521667,0.2089505516211477,0.20154382382642355,0.0
0.19854342629865115,0.19681597948017843,0.19051276375526843,0.21033402547912167,0.2037938049867803,0.0
0.20045502953937006,0.19476067321237772,0.19239977672616368,0.2103705721514468,0.20201394837064177,0.0
0.1952084673777935,0.2027474968843806,0.1840918642786435,0.20859684965061964,0.20935532180856276,0.0
0.20251705655566196,0.19988944092253166,0.1891402324950791,0.20780991867286167,0.20064335135386566,0.0
0.1998642971000643,0.19953279147632427,0.19040957729570412,0.2072590283077655,0.20293430582014182,0.0
0.19862976850912875,0.20525597492513178,0.1838512410115467,0.20690749419576226,0.20535552135843047,0.0
0.19906448014637718,0.2012137737323357,0.1898246305600162,0.20908386612108765,0.20081324944018336,0.0
0.19881792771759166,0.19989066605706587,0.18897363643079848,0.21004833508411655,0.20226943471042738,0.0
0.1978260153759441,0.200772088274452,0.19247869501831624,0.20779209476336863,0.20113110656791897,0.0
0.1967314510657642,0.20456578520256724,0.18577361864797365,0.20957417445224305,0.20335497063145194,0.0
0.1976367335033069,0.1881343655263348,0.207161966404565,0.20496243383861382,0.2021045007271795,0.0
0.19887987097385312,0.19531535088083704,0.20436031578213465,0.2030951100719524,0.19834935229122266,0.0
0.19914892424812475,0.20239956328849834,0.18715593742888112,0.20831802155545825,0.20297755347903754,0.0
0.2001853268358954,0.19869490745671245,0.1880986867572358,0.2075965793220003,0.20542449962815607,0.0
0.19937188735444317,0.20480375153336616,0.18756035938951726,0.2045100882387247,0.2037539134839487,0.0
0.19843227265095845,0.1974151684896087,0.1861791756586916,0.21198277640608004,0.20599060679466127,0.0
0.19776734612014812,0.19731526882342976,0.1897193862066275,0.20999705666199223,0.20520094218780255,0.0
0.20001202197718113,0.20425620972399447,0.18555144771875365,0.20669326976142016,0.2034870508186505,0.0
0.197991180865722,0.19763058298191952,0.18794214502917803,0.20867225077740173,0.2077638403457788,0.0
0.19866206812200637,0.2019879010483646,0.18844433722426918,0.20995596949191267,0.20094972411344722,0.0
0.2,0.2,0.2,0.2,0.2,0.0
0.19760023877030053,0.201231462291024,0.18777252462272473,0.209356287893864,0.2040394864220867,0.0
0.19543379018509208,0.2017083062433448,0.1888459325109894,0.2108671849655213,0.20314478609505232,0.0
0.2,0.2,0.2,0.2,0.2,0.0
0.19883622321818092,0.20317446554635044,0.19094853344481524,0.2046589184491296,0.20238185934152395,0.0
0.19559865317075492,0.204421515897649,0.1853039058876291,0.20648327757224813,0.20819264747171892,0.0
0.19872546416489179,0.2003370235848817,0.18623403545322634,0.207577096656449,0.20712638014055113,0.0
0.2,0.2,0.2,0.2,0.2,0.0
0.2,0.2,0.2,0.2,0.2,0.0
0.19605326928514433,0.2031971923709255,0.18737505564577103,0.20781679428725772,0.2055576884109014,0.0
0.19961640419362994,0.2014332227003972,0.18738860244066557,0.2059371875149575,0.20562458315034987,0.0
0.1985028069464609,0.1956754405173196,0.18971790536028857,0.20804124785995387,0.2080625993159769,0.0
0.2,0.2,0.2,0.2,0.2,0.0
0.1981989417789358,0.2017902906777311,0.1894043881634743,0.20730866150155963,0.2032977178782992,0.0
0.19790350833667333,0.1990846765444573,0.1861661801686711,0.21241749249175887,0.20442814245843938,0.0
0.20028137027965437,0.20541699862179222,0.18426417503344772,0.20627739086687535,0.20376006519823028,0.0
0.2002577646356882,0.20071952653058225,0.1883547263613775,0.20646850307425893,0.20419947939809308,0.0
0.20186075463771902,0.20284292244609498,0.18635950148500735,0.20424981779101636,0.2046870036401623,0.0
0.20052331849342306,0.20130403677882389,0.18991100091453544,0.2048037400800013,0.20345790373321634,0.0
0.19520031046007455,0.20039493717650034,0.18696058333258259,0.21133453973147953,0.20610962929936313,0.0
0.19778012312945628,0.20001137568643548,0.1874264248729194,0.20919662169121192,0.20558545461997688,0.0
0.19739384484153097,0.20626297666307022,0.18498933818253518,0.20577210342812977,0.20558173688473394,0.0
0.2013974433302717,0.19879466278962718,0.19244463307319756,0.20824685307196264,0.199116407734941,0.0
0.19748066038103662,0.20151774384814278,0.18916559463137136,0.20960019485764878,0.20223580628180046,0.0
0.19883868554648448,0.20664690378439232,0.18828239105654246,0.20403856441631207,0.20219345519626866,0.0
0.1971229123402559,0.20217228380253352,0.18299185328095524,0.2101568806251913,0.2075560699510641,0.0
0.19655810633938453,0.20265350706775973,0.19017743779792454,0.2077551748005846,0.2028557739943465,0.0
0.2045680916561811,0.20304008535847742,0.19186928446201273,0.19955090437132722,0.20097163415200145,0.0
0.1971266832675142,0.20317864194729884,0.18723733701093298,0.2085012028713299,0.20395613490292405,0.0
0.19776206186663334,0.1995025495798709,0.18924819258768805,0.20772637346944003,0.20576082249636773,0.0
0.19644831202575444,0.19436187962799614,0.19193564787722794,0.21247874791758717,0.20477541255143425,0.0
0.19901802424654255,0.2058076670350764,0.18526357578777333,0.2070576904073327,0.202853042523275,0.0
0.19889951808477518,0.1990880335987407,0.19297618812611828,0.2047469276487888,0.20428933254157708,0.0
0.20122269133824175,0.1984833820202651,0.18757205476676816,0.20749337905308787,0.20522849282163713,0.0
0.20526451435000148,0.20346234456140178,0.18479406244028812,0.20890466862843618,0.19757441001987236,0.0
0.1984235531406034,0.20134160859835082,0.18806371944366193,0.20804058135920286,0.20413053745818108,0.0
0.19834614430291236,0.20198391878633395,0.1911623369823655,0.20697826318572432,0.20152933674266396,0.0
0.1993159124346484,0.19829248758598275,0.18774165251427405,0.2103362667515726,0.20431368071352216,0.0
0.2009675760570177,0.2035693651286932,0.18784474201151227,0.20740810954559086,0.20021020725718594,0.0
0.1955730790562859,0.20152841951475617,0.19024946597185535,0.21018385791343738,0.20246517754366505,0.0
0.2012058458155411,0.19907345977413138,0.18623281654664373,0.20952103040208608,0.20396684746159754,0.0
0.20226428038729205,0.19932018309892321,0.19054884269937938,0.20454150229220303,0.20332519152220224,0.0
0.2021153545430886,0.20418112871184482,0.1901872910244363,0.20295221881079797,0.2005640069098322,0.0
0.1991606656034857,0.20043820932044076,0.1872733855369453,0.20826538077449122,0.2048623587646369,0.0
0.202448107078516,0.2026771098968478,0.1893195929503878,0.20644714576677195,0.19910804430747656,0.0
0.20094208115866083,0.20035982468706506,0.18828715858581518,0.20658109372273734,0.20382984184572162,0.0
0.19765502356317616,0.19915758124034363,0.18860736382773474,0.21195377361194392,0.20262625775680154,0.0
0.2001887410821257,0.19976237741716982,0.1891794178848861,0.20801782216513692,0.20285164145068138,0.0
0.19796940814867053,0.18610801604331756,0.20840936879488636,0.20677135549642792,0.20074185151669763,0.0
0.19921261654138783,0.19796345115962283,0.18939729765964863,0.20971335369738303,0.2037132809419578,0.0
0.1987448922866492,0.20242289116600776,0.18561495675153133,0.2067582043207431,0.20645905547506857,0.0
0.1999512762562035,0.19903934512520075,0.18777126503403035,0.20956284278751444,0.20367527079705086,0.0
0.19811930412611395,0.20216229344404382,0.18980959865706928,0.2064264340387183,0.2034823697340548,0.0
0.19890747653025576,0.1975701146894097,0.19417506807409549,0.20746658560401615,0.20188075510222295,0.0
0.19706614213676257,0.1960707491942371,0.18985730771273288,0.2132659042888131,0.20373989666745437,0.0
0.196557325017893,0.20341273756513603,0.18682048612610602,0.20867548487617357,0.20453396641469143,0.0
0.1985044905316073,0.20512116870586417,0.18678441408806293,0.20698124496529424,0.20260868170917143,0.0
0.19846897891168488,0.19698908879622468,0.19272442266562376,0.20517701194952062,0.20664049767694606,0.0
0.20014521390050097,0.2017013744557873,0.18485290188835418,0.20727500753377678,0.20602550222158075,0.0
0.19641040172695529,0.1998889926459317,0.1881396076786329,0.21293799061809182,0.2026230073303883,0.0
0.19839610115586614,0.20506426144347917,0.18397735143963764,0.2080650061331664,0.20449727982785054,0.0
0.20388109235016422,0.20457374424577332,0.18806126920149852,0.20490120990564575,0.19858268429691817,0.0
0.20045176786198482,0.19935448496142552,0.1876659012789599,0.20731389770621145,0.20521394819141825,0.0
0.19898142695570703,0.205037117592611,0.1879486380660148,0.20504637931022565,0.20298643807544153,0.0
0.19873628290111825,0.20323585925761659,0.18523772575933656,0.2080347077411282,0.2047554243408004,0.0
0.19986016461777661,0.20566837653190922,0.18658899646899416,0.20569596050169614,0.20218650187962378,0.0
0.19847183031682444,0.20130366050668788,0.1834297680986398,0.20949495761901854,0.2072997834588295,0.0
0.198240716493894,0.20562754278992762,0.18554365398313732,0.2051054529128897,0.20548263382015128,0.0
0.19937923282600264,0.20477374784884433,0.18484884630743428,0.209619673258871,0.2013784997588477,0.0
0.19670025576918623,0.20023303342183074,0.19061099757002764,0.20892180987243378,0.20353390336652172,0.0
0.19989446731587843,0.20396404934720533,0.18776375695531777,0.2054004177151579,0.2029773086664406,0.0
0.19873066183954433,0.2041726683343206,0.18281957471213575,0.20821434295690155,0.2060627521570978,0.0
0.19896741930305062,0.19575882692576613,0.19562128855843725,0.20933958811845382,0.2003128770942923,0.0
0.1990771212707143,0.20295175095921145,0.18907940153044955,0.20924121208472748,0.19965051415489712,0.0
0.19856580584758163,0.20157987871458935,0.1850926257790612,0.20928529698913492,0.20547639266963302,0.0
0.19988750534546354,0.19972165722431,0.18947953106743873,0.20646175744453452,0.20444954891825326,0.0
0.19906277552542676,0.19918139012007433,0.1876767273935875,0.20967318861887965,0.20440591834203176,0.0
0.19618830180780103,0.19537797261522796,0.19557298454654137,0.210208874009692,0.20265186702073765,0.0
0.1991857186180687,0.19654282119641628,0.1891573012398541,0.21196862602470593,0.20314553292095508,0.0
0.19801167784794685,0.1992096789646575,0.18639602276061992,0.21111876588411202,0.2052638545426637,0.0
0.20003816397824792,0.20326908911785746,0.18869172152762262,0.2044274440061898,0.2035735813700821,0.0
0.19896599008652718,0.19438694002806853,0.1927820968948641,0.21217274302048383,0.20169222997005642,0.0
0.19393838432615437,0.20201554909994282,0.18985417828077847,0.20917155898265974,0.20502032931046463,0.0
0.19804387439687646,0.1983843033520505,0.1886933444469647,0.20849189964056863,0.2063865781635396,0.0
0.20006228031591372,0.20012055744464533,0.184707074677017,0.20851988502494598,0.20659020253747787,0.0
0.19856518974325932,0.20099867981085545,0.18117610757163868,0.21168826065541663,0.20757176221882992,0.0
0.19984559028693155,0.19826354235517407,0.20320363961383744,0.19946286636433405,0.1992243613797229,0.0
0.19811189020677403,0.19713605998188816,0.18890016851283103,0.2107556153584847,0.20509626594002203,0.0
0.19917415703664287,0.19899545222434037,0.18422628697060683,0.20787708534619784,0.209727018422212,0.0
0.19867433961955394,0.19458189034878545,0.19051849733968051,0.21458737152344698,0.2016379011685332,0.0
0.198304923260296,0.19662457143246084,0.19217120537458324,0.20809374508178696,0.20480555485087298,0.0
0.1987819548605566,0.20263558256555433,0.18750229044126052,0.209584842876737,0.20149532925589164,0.0
0.19770282532157843,0.2019549380633686,0.18716415239299633,0.2081273097145251,0.20505077450753145,0.0
0.19846227996966026,0.2038192510707867,0.18997942079459476,0.20587877561600595,0.2018602725489524,0.0
0.19699399291467895,0.19889456828513238,0.18894413369895924,0.2106634414271848,0.2045038636740446,0.0
0.1990233084073305,0.19982806394942856,0.18399602679001012,0.20808968427993252,0.2090629165732983,0.0
0.1989577490495212,0.20458131101641247,0.1831471971833483,0.20795833283481635,0.2053554099159017,0.0
0.19977823117662133,0.20035477187295997,0.18866830117075403,0.20854957608277072,0.20264911969689403,0.0
0.19751326601729557,0.1959460139801216,0.191694397375722,0.21078450845743968,0.20406181416942112,0.0
0.19961087176981834,0.20404912193306735,0.18942314582349787,0.20478246933074842,0.20213439114286794,0.0
0.20225450701793113,0.19980395607487578,0.19174946998699752,0.20707453230027983,0.1991175346199157,0.0
0.19858743726115186,0.2048636806730211,0.18575517073868866,0.20663778637768923,0.20415592494944906,0.0
0.20075018031130004,0.20227366924851145,0.19427591768643748,0.20448675183543055,0.19821348091832056,0.0
0.19813846075515867,0.1956751121928781,0.190564047883581,0.21086312307268323,0.20475925609569898,0.0
0.19816211722471067,0.1988699546706789,0.18760706267337485,0.21066745424578195,0.20469341118545353,0.0
0.19930559246112411,0.2023996113523861,0.18273808910911468,0.2113395256636222,0.2042171814137529,0.0
0.20391398192735122,0.20364898936938772,0.1874905596098502,0.20643611547578394,0.19851035361762687,0.0
0.19977881027004266,0.20075961320259295,0.18942881472389803,0.20809989527674566,0.20193286652672074,0.0
0.19748607373511853,0.20225588907044809,0.18700907274277942,0.2111676113954443,0.20208135305620972,0.0
0.19856889406516096,0.202370096807456,0.18931084274960303,0.2060076518628675,0.20374251451491246,0.0
0.19941392205262162,0.19988631321705252,0.18637139470725647,0.20794321889160047,0.2063851511314689,0.0
0.19739152212017858,0.2030144620102311,0.18395281075309736,0.2110240988577069,0.20461710625878618,0.0
0.20071627437680742,0.20269657229054835,0.1879237853544664,0.20706280999352616,0.20160055798465162,0.0
0.19624044589892442,0.19807572655221523,0.190598108994805,0.20894224943722142,0.20614346911683393,0.0
0.19649493929829775,0.19106590171175145,0.1954032854230617,0.21262866047797882,0.20440721308891036,0.0
0.19866284636404588,0.1960437912492936,0.19350856927519655,0.20850353681328535,0.2032812562981786,0.0
0.19857239551642444,0.201909461421264,0.1873348020644667,0.20568165450384562,0.20650168649399925,0.0
0.1985363819796486,0.2029419047235596,0.18709836163963298,0.21015293101357232,0.20127042064358644,0.0
0.1999270044949654,0.1912435746192413,0.20587428761773424,0.2050353745767622,0.19791975869129688,0.0
0.1964421841182133,0.20379049505890298,0.18602473519202647,0.20877825154738702,0.20496433408347006,0.0
0.19605912189375624,0.1922787777546814,0.20546013881730665,0.2076385252512683,0.1985634362829872,0.0
0.197108006997917,0.19862943658122031,0.1899498128556838,0.21070973300258397,0.20360301056259483,0.0
0.19794452948837968,0.20455736044770415,0.18685470410478644,0.20479664720003238,0.2058467587590973,0.0
0.1974220986977619,0.19747452873515084,0.19230690067679276,0.21233732172374833,0.2004591501665461,0.0
0.20140720953539248,0.19959463322549642,0.18718791866833023,0.20813907191059128,0.2036711666601896,0.0
0.19837553723460066,0.2057306212000077,0.1858610160313368,0.2054476268420987,0.20458519869195607,0.0
0.1979954812699068,0.2031882971125106,0.1862044540554534,0.21100783863543845,0.20160392892669066,0.0
0.19785530224530665,0.19814850900825198,0.19253134434990932,0.20970485683598672,0.2017599875605453,0.0
0.19917339429141673,0.20321248119993546,0.18687997593051928,0.20648876064085253,0.20424538793727604,0.0
0.20196849630474584,0.19444562174764912,0.2032597851419998,0.20286049645305884,0.19746560035254634,0.0
0.1953299447941504,0.20419507690562197,0.1860214523031112,0.20924668642136243,0.20520683957575392,0.0
0.19662348915664937,0.19156726545615324,0.19931705530293709,0.20998427859977598,0.20250791148448427,0.0
0.19797708386641039,0.1986631417614322,0.19141439462129653,0.2082885487665883,0.20365683098427256,0.0
0.19856869688690104,0.20010853622341515,0.19056521668469417,0.2072366384624688,0.20352091174252093,0.0
0.1965760634491745,0.20181069976398272,0.18915057478488836,0.2067257117293537,0.2057369502726006,0.0
0.19789346574587208,0.1969768432456499,0.18854430522190796,0.2124714553744859,0.20411393041208414,0.0
0.20217073868326868,0.2021212771765699,0.1924109508308956,0.20517746678068394,0.19811956652858184,0.0
0.20012188914416787,0.20132085350403472,0.18665856798247454,0.20797993892017394,0.20391875044914895,0.0
0.19856229866193137,0.1994985482153036,0.18903982204074818,0.21024524230765837,0.20265408877435856,0.0
0.20041067578636723,0.2031037624863584,0.1841545537784265,0.20785635579753534,0.20447465215131247,0.0
0.1984033709419611,0.19857850547318637,0.18833381870921798,0.20817325231775263,0.20651105255788196,0.0
0.200136250343909,0.20209304698589994,0.1879709923301358,0.20934465285661363,0.20045505748344153,0.0
0.2,0.2,0.2,0.2,0.2,0.0
0.20139136408726788,0.20372678062029465,0.18417370002271768,0.20683884019372206,0.20386931507599762,0.0
0.2039745551545647,0.20376015407406156,0.18715197128166117,0.20618848061771222,0.1989248388720003,0.0
0.1995207889376647,0.20014490785676237,0.1857180086643006,0.20912525058893128,0.205491043952341,0.0
0.19819384819501068,0.19492227979708487,0.19172239270145858,0.21238582804968476,0.20277565125676122,0.0
0.1984644590058164,0.2054735792076945,0.18633283771504303,0.20610781744605142,0.2036213066253946,0.0
0.19567894123908802,0.19516634844537142,0.196795719036235,0.21010348220014213,0.2022555090791635,0.0
0.1974385303742178,0.1893121390411301,0.20662353515780246,0.20518667346354888,0.20143912196330072,0.0
0.20015507546956057,0.19874882322268242,0.19188372445545673,0.2085994750626467,0.20061290178965357,0.0
0.19839606453666347,0.19661919150577367,0.1915607227760548,0.20960516385614944,0.2038188573253585,0.0
0.19980295674151863,0.20241224472924943,0.18340185781871798,0.20849527100508852,0.20588766970542546,0.0
0.1976812197351012,0.19713461653456113,0.1872662106214908,0.20646254467783934,0.21145540843100755,0.0
0.19576476518012545,0.19603462965900328,0.18914434135944627,0.2099541843767717,0.20910207942465325,0.0
0.20109859839324098,0.20071752356031317,0.19607198878220602,0.19875445708091768,0.20335743218332214,0.0
0.19859554877852284,0.20166057727443262,0.18910002255763808,0.20859426161796227,0.20204958977144416,0.0
0.19851021843644315,0.2038992260102897,0.1865646728605613,0.20842092889797958,0.20260495379472612,0.0
0.19809041969930785,0.20207880216484067,0.18569104797014305,0.20742672301076154,0.20671300715494687,0.0
0.19871692330929813,0.20173922283172827,0.18874712148897202,0.20998070126877885,0.20081603110122273,0.0
0.19972758570181584,0.1991650105220451,0.19385949447346118,0.2055346833187781,0.20171322598389976,0.0
0.19836363760386988,0.20026825329076234,0.19023829579445153,0.20809104401214407,0.2030387692987722,0.0
0.19844213709620365,0.20062571556503486,0.1819930367334725,0.21081282296337636,0.20812628764191266,0.0
0.2003801613920843,0.20395762815176324,0.18650043405542435,0.20544004427698084,0.2037217321237471,0.0
0.20378000138282562,0.20150065372008108,0.18764879679228416,0.20804743093584444,0.19902311716896476,0.0
0.19834316471223964,0.19979158845125147,0.186057107323618,0.2094876046356833,0.20632053487720758,0.0
0.20268465659756427,0.19967392007672422,0.19074177641181034,0.20589790339410494,0.2010017435197962,0.0
0.20105986278210453,0.203307694109297,0.18983616071615106,0.20797277732358246,0.19782350506886495,0.0
0.2,0.2,0.2,0.2,0.2,0.0
0.2000892081564627,0.19860097016906775,0.1917557014867188,0.20966043166646212,0.19989368852128875,0.0
0.19970485217816825,0.2007346897053142,0.19042681657351015,0.20624721896690695,0.2028864225761005,0.0
0.19850007671201403,0.2031713814930891,0.18518877042199858,0.2067699699435884,0.20636980142930988,0.0
0.19842331503581326,0.20177247869296627,0.18422898565444634,0.2110271166053945,0.20454810401137974,0.0
0.198469119649037,0.19840181462279763,0.18586197743203212,0.21141480465431525,0.20585228364181796,0.0
0.20016646388846013,0.19882643536056815,0.19450667919925577,0.20617610862235244,0.20032431292936353,0.0
0.20084747977796316,0.1972257031243323,0.1898715813983083,0.21083995541634834,0.20121528028304786,0.0
0.19966792248584303,0.2013012850911169,0.18975663433009485,0.20782424337718694,0.2014499147157583,0.0
0.19815116930764917,0.20429675265887262,0.188857125875823,0.20626079352287935,0.20243415863477587,0.0
0.1973928369813451,0.20167242253530301,0.18923385611885934,0.2078536679329164,0.2038472164315761,0.0
0.20068868471717352,0.19964290759224051,0.18473473665019013,0.20781146226686517,0.2071222087735306,0.0
0.1980232778764609,0.20235971555867116,0.1890879478242432,0.20619615072396222,0.20433290801666262,0.0
0.19964209076416828,0.2024147218989757,0.1875412955838782,0.20835788024800433,0.20204401150497353,0.0
0.19492511835602222,0.19865683199234702,0.19081880371750368,0.2113264990242637,0.2042727469098633,0.0
0.1997511841145062,0.20321997542429027,0.1885470550463838,0.2055839994809927,0.20289778593382707,0.0
0.19633940932821808,0.19852875676603116,0.18904866511791346,0.21121467668652083,0.20486849210131647,0.0
0.2032788310241267,0.20207148417132126,0.18843338354951905,0.20545231109033804,0.20076399016469493,0.0
0.20409590529116098,0.20202456257844065,0.19245116437537316,0.20184290912127506,0.19958545863375018,0.0
0.1968875254522826,0.19857431750792065,0.18877148148149944,0.20763365937205316,0.20813301618624416,0.0
0.20058834768221792,0.1986861760062794,0.19003860823900606,0.2072355276028345,0.2034513404696622,0.0
0.19973681871245622,0.1985131718208223,0.18424209275916736,0.20989091717866956,0.20761699952888463,0.0
0.19950539823676122,0.20076819166115883,0.18989214410056107,0.20798167450960817,0.2018525914919107,0.0
0.20139933555080727,0.19795548361514453,0.18504550656452232,0.2124819426516858,0.20311773161784016,0.0
0.19982483539184281,0.20339655096729264,0.1872533870765483,0.20834621134287792,0.20117901522143847,0.0
0.1962443284055192,0.19960951138867908,0.1898634537676056,0.20810850884270138,0.20617419759549474,0.0
0.20113388074599525,0.1974785390822549,0.1868214197216399,0.20651454976968922,0.2080516106804207,0.0
0.19952563172568055,0.2042968763429932,0.18949955675225025,0.20557947824663686,0.20109845693243927,0.0
0.19674380772971578,0.20303340715319113,0.18719142257924698,0.20743526342005056,0.2055960991177956,0.0
0.19828768136692065,0.20120758319463009,0.18662981292022945,0.21076262629072204,0.20311229622749777,0.0
0.20055633681662166,0.19901623134488394,0.18802151910190504,0.20676583196122464,0.20564008077536466,0.0
0.19815362418262505,0.19735796530752467,0.19509455428966502,0.20876687950214134,0.200626976718044,0.0
0.19760597415740208,0.20082214786049035,0.18754633417223948,0.20735441471129182,0.20667112909857632,0.0
0.20171900800648812,0.20264300883558442,0.18766194362217162,0.20555161366199554,0.20242442587376033,0.0
0.19988744396945726,0.19689624141235557,0.1867294147023223,0.2097508499146977,0.20673605000116704,0.0
0.19828191787571098,0.20224668545922012,0.1895654119948589,0.20703794596235844,0.2028680387078515,0.0
0.19730396707825282,0.19841152661816194,0.1896995140972785,0.21155477280114282,0.20303021940516391,0.0
0.19798111185276493,0.19675021379787772,0.1904118249031357,0.21083604407944545,0.20402080536677622,0.0
0.1952529309570072,0.1915858762260585,0.19568410879552772,0.2133371613670494,0.20413992265435726,0.0
0.2008695102241266,0.20035675033522687,0.19134646050394022,0.20718176934997284,0.20024550958673354,0.0
0.19710165103412788,0.19770306619225902,0.19449973792401687,0.20860388098710037,0.20209166386249583,0.0
0.20072508565319494,0.19958074599472755,0.1914102487792029,0.20777909163191718,0.20050482794095745,0.0
0.19547220106961313,0.20199596643261844,0.1899162152588374,0.20927683409011938,0.20333878314881157,0.0
0.1979036073664442,0.20049020008835225,0.1898164019207044,0.21169371106458038,0.2000960795599188,0.0
0.19809411514811912,0.19577239327466203,0.1894557582935386,0.20756356486040572,0.2091141684232745,0.0
0.2,0.2,0.2,0.2,0.2,0.0
0.19651867791437683,0.19856594129336366,0.18572672908888416,0.20867317303250066,0.21051547867087478,0.0
0.19795462943764552,0.19904051948043602,0.188220228842087,0.21109085558991952,0.20369376664991193,0.0
0.19936412504852158,0.195336288383151,0.19237146680942843,0.20681669424555615,0.20611142551334297,0.0
0.19805953601467077,0.20117744522993625,0.18863029923524322,0.207364314528884,0.20476840499126572,0.0
0.20206318772990148,0.20212536473992143,0.18902186513792185,0.2057326337011086,0.20105694869114665,0.0
0.19759708134555695,0.2028821380251242,0.1860481546320769,0.20725962588827682,0.20621300010896515,0.0
0.20132355112181285,0.20194493236493966,0.18202514709004428,0.21053228103492813,0.20417408838827503,0.0
0.20133154276831527,0.1983287611983902,0.18453018302280205,0.2100203501405666,0.20578916286992577,0.0
0.20000751324573388,0.20077204701331192,0.1882628538624988,0.2124375843716524,0.19852000150680307,0.0
0.19811246192723372,0.19917199906901786,0.19063938336729266,0.20804071735799518,0.20403543827846068,0.0
0.20050618285652347,0.20128924910848808,0.1921031518687924,0.20584728847099856,0.20025412769519746,0.0
0.19755227772241774,0.2032681040157324,0.18735503352117816,0.207285894495401,0.20453869024527072,0.0
0.19763498169479743,0.20173779014955728,0.1848393714626325,0.21041977671867712,0.20536807997433565,0.0
0.19745340752338103,0.20122344600558167,0.18594195812482608,0.21107461520102408,0.2043065731451872,0.0
0.19523302854586738,0.20339705972550035,0.18874410577824527,0.20894674628226192,0.203679059668125,0.0
0.19917373401178975,0.20242627158907706,0.1888718914697654,0.20639792418901862,0.2031301787403492,0.0
0.2011732234208013,0.19974020101333748,0.19058826811596047,0.20631377300052736,0.2021845344493734,0.0
0.20259517607009211,0.19754279370907193,0.1884922421252427,0.21071861738979877,0.20065117070579452,0.0
0.1979484455513452,0.20260531120096742,0.18387789795385162,0.21031972330521492,0.20524862198862087,0.0
0.2,0.2,0.2,0.2,0.2,0.0
0.19668282192078806,0.19698753528610768,0.19304010187856188,0.21135737371161578,0.20193216720292656,0.0
0.19783035712658467,0.19628815643301104,0.19368951613932703,0.2094046439760755,0.2027873263250017,0.0
0.20108935434040892,0.20239419643988546,0.19221933403897673,0.2063067995387975,0.1979903156419314,0.0
0.1990268303554979,0.20428337830708548,0.18591307789017072,0.20771944866378414,0.20305726478346173,0.0
0.20049901999776373,0.19943385079171416,0.18990076361863906,0.20895084271810926,0.20121552287377387,0.0
0.19892183778510533,0.20453961227843187,0.1811412522321087,0.20941478331450605,0.20598251438984796,0.0
0.1992859335302559,0.2032626014935782,0.18406649434931624,0.20980425468525463,0.20358071594159516,0.0
0.19692230814054426,0.19868000640311853,0.1920489732240216,0.21102277401332,0.2013259382189957,0.0
0.20143091696032273,0.20045642807523453,0.18495206568459316,0.20743438831395392,0.20572620096589553,0.0
0.2023944048423266,0.20184810522277238,0.19278840307315148,0.205535522696857,0.19743356416489258,0.0
0.19944446667956064,0.19948949291396884,0.18765557127681556,0.20990011357271027,0.20351035555694472,0.0
0.1986460352050414,0.2011147644402471,0.18625326614287022,0.2069993791963915,0.20698655501544974,0.0
0.20140068457532082,0.19901523044726108,0.18736862833480264,0.20832173308502272,0.20389372355759283,0.0
0.20244741755933315,0.19972767615908274,0.19206969407921168,0.20584766757307396,0.19990754462929836,0.0
0.20021837627830685,0.19919799428682677,0.18739379170153875,0.2089228848709379,0.2042669528623898,0.0
0.19691447837625226,0.20590462049290711,0.18490542961394402,0.20834105032300496,0.2039344211938916,0.0
0.20256867082663121,0.19934867586489713,0.18714577114909825,0.20915558661563058,0.20178129554374272,0.0
0.20066752152371337,0.20242471353642855,0.18685960754903216,0.210579734932266,0.19946842245855995,0.0
0.2023045729750415,0.20276575315168302,0.1873609176743563,0.2051769937097412,0.20239176248917806,0.0
0.19958569384120237,0.19580320269817633,0.1896551911545521,0.2109835048447963,0.203972407461273,0.0
0.19870571613576687,0.20628586775200222,0.18347311283102166,0.20983307548810778,0.20170222779310137,0.0
0.2007933555053815,0.20214699038666326,0.186154211077553,0.20665579118570773,0.20424965184469449,0.0
0.19639652218972672,0.19165521481567124,0.1939043880010525,0.2134581750097844,0.20458569998376516,0.0
0.1992036174390463,0.199249633834674,0.19012619149943963,0.20790489941039456,0.20351565781644548,0.0
0.1968176495880765,0.20252901421025918,0.18774552372296305,0.20813439203167322,0.204773420447028,0.0
0.19759901460837176,0.19642336534279575,0.19972443846412338,0.20392499747132886,0.2023281841133802,0.0
0.19603015639108154,0.2011766874048678,0.1864260358747538,0.21000320543174636,0.20636391489755052,0.0
0.20002401267994865,0.20261483982783315,0.18440109857882195,0.2083986409926951,0.20456140792070118,0.0
0.19782675093750418,0.20309598765065506,0.188359953260643,0.2075590660797462,0.2031582420714516,0.0
0.19882822691026192,0.1999549414460671,0.18650327802160332,0.20922146267817798,0.2054920909438897,0.0
0.199451562464157,0.2040790656941958,0.18669067441769968,0.2053867009273149,0.2043919964966326,0.0
0.19939484111216135,0.20522802894593362,0.18820242153281408,0.20607769243343455,0.2010970159756564,0.0
0.19860027729609098,0.19792351116544962,0.1935624287918815,0.2091192876380989,0.20079449510847897,0.0
0.19948294137269557,0.19877825346017608,0.1866871655966487,0.21077819690501623,0.20427344266546346,0.0
0.2010119365431977,0.2047657421764418,0.18393717922906294,0.2071701066568233,0.20311503539447417,0.0
0.19535451036771123,0.19985979158926406,0.21548269617503038,0.1897212459863846,0.19958175588160962,0.0
0.19787297558405684,0.20158629258032257,0.18844428787419087,0.2079819041170568,0.20411453984437294,0.0
0.19684208093907668,0.2010249031797563,0.19018425287718532,0.21074617914152258,0.20120258386245915,0.0
0.2002871054783409,0.19971656486875344,0.18607357019346313,0.20809403549350675,0.2058287239659358,0.0
0.19989488078036216,0.2009371754284698,0.18902336305145107,0.20879345417840492,0.201351126561312,0.0
0.20219812665958242,0.19915427061812818,0.19117694573274585,0.20490301572954064,0.20256764126000296,0.0
0.20278380048558248,0.20276320159656386,0.18501729329192285,0.2056229667058694,0.20381273792006147,0.0
0.1977779706812047,0.20567202423476444,0.18627954702045305,0.206008375178366,0.20426208288521186,0.0
0.2026986873749556,0.2059376253614575,0.18722448765334487,0.20403500898992313,0.20010419062031898,0.0
0.19690551564859882,0.19814784077702643,0.19050014622936212,0.209830532216767,0.20461596512824554,0.0
0.19513094387142305,0.19847365970953362,0.1896856666979373,0.21011800163395414,0.20659172808715187,0.0
0.19879091473223576,0.2046447080911867,0.18782482767245268,0.20531915556552116,0.20342039393860387,0.0
0.2010559026757412,0.19551579478933806,0.19069913221868992,0.2102699093971686,0.2024592609190622,0.0
0.20077350392798848,0.20087172223134708,0.18934168108679278,0.20672068977524302,0.20229240297862863,0.0
0.19909305793282417,0.20275197654075316,0.18808678298229511,0.20669576208566845,0.20337242045845913,0.0
0.19880543816162308,0.20074751116015033,0.1910941087107208,0.20737001197579605,0.20198292999170972,0.0
0.20003379769482366,0.200803814106757,0.18787565044343058,0.21008602592076933,0.20120071183421948,0.0
0.1953662220845811,0.20179089324234964,0.18648057673079949,0.20827071598282498,0.20809159195944488,0.0
0.19727005106248077,0.2013616285216046,0.18837691812986956,0.209635083631949,0.20335631865409615,0.0
0.19693743310034478,0.20350686245229915,0.1882532752870248,0.21064450001620885,0.20065792914412248,0.0
0.19983852799183358,0.205052962691344,0.18620678657942685,0.2069167739865301,0.20198494875086562,0.0
0.20073769579785683,0.20253259177171223,0.1853014864928438,0.20811247382435405,0.20331575211323305,0.0
0.2002007877351923,0.20202671625705768,0.18817621069190668,0.2067913431535873,0.20280494216225606,0.0
0.19804067388680388,0.20486333541254334,0.18591067498869135,0.20431873478305004,0.20686658092891133,0.0
0.1990267022076642,0.2017522162487532,0.18427958438035505,0.21078384502438896,0.20415765213883855,0.0
0.1988752360666923,0.19900653162931486,0.18764276446631145,0.20871063742508641,0.20576483041259497,0.0
0.2007989656252889,0.20098005645222872,0.19003013699625726,0.20637789145267077,0.20181294947355433,0.0
0.2003546915818402,0.20068972312186717,0.1876238032896156,0.20689147703771407,0.2044403049689631,0.0
0.19909976006203797,0.19832491919557382,0.18610343614919306,0.20761687295352146,0.20885501163967365,0.0
0.20062450071645693,0.20390953303271583,0.18910440153840075,0.20430863749359338,0.20205292721883303,0.0
0.20339839683042885,0.20478267650135973,0.18835058310416766,0.20622390083323544,0.19724444273080827,0.0
0.20185829510438474,0.20119317275041276,0.18471756785361992,0.20925265360417325,0.20297831068740924,0.0
0.19868624279586705,0.2050224189761487,0.1871331601083704,0.20564393440469264,0.20351424371492127,0.0
0.19487113462560918,0.19844467719603637,0.19252031552929405,0.21029817010921506,0.2038657025398454,0.0
0.19598687647005256,0.1974725225224141,0.19175914302753322,0.20986438933512636,0.20491706864487377,0.0
0.19921197748117145,0.2011057173476309,0.18590434248556095,0.2070879842747716,0.20668997841086512,0.0
0.2,0.2,0.2,0.2,0.2,0.0
0.20063754002319842,0.19812953725221938,0.18916945482699046,0.20744641645751757,0.20461705144007414,0.0
0.19674251272476773,0.19459755331883635,0.1947090101913189,0.20734705394294878,0.20660386982212817,0.0
0.19834681374407062,0.2033223945116319,0.1874419531269188,0.20727740421934734,0.2036114343980314,0.0
0.19793334459190265,0.19967719733788625,0.1861606514126571,0.20864889918489427,0.20757990747265972,0.0
0.19874952455722733,0.1996554394532764,0.1891030520919858,0.21116308126914862,0.2013289026283618,0.0
0.19924257482443136,0.20374828868085257,0.186720192114544,0.20627698801798933,0.20401195636218272,0.0
0.19907543176971043,0.1985481962539876,0.1911938801147695,0.20739244541936064,0.20379004644217194,0.0
0.20168282564846537,0.19783428563663594,0.18921964564384658,0.21083616783567957,0.20042707523537256,0.0
0.20097614537942526,0.1990145694428109,0.19247375503465197,0.20455334307446313,0.20298218706864876,0.0
0.19757716532111394,0.1976488226585587,0.19049159088764628,0.2130398683577871,0.20124255277489395,0.0
0.19727763694350203,0.19974982172447997,0.19124724590623815,0.20894919583941557,0.20277609958636433,0.0
0.19491041227336703,0.19643378086711952,0.1926318682461254,0.21244303591574606,0.20358090269764212,0.0
0.19941625707310792,0.19622542928281755,0.19344158132097322,0.20891113499342714,0.20200559732967405,0.0
0.19972279051386332,0.19941338092182515,0.1879769888311487,0.2123183786677694,0.2005684610653935,0.0
0.19954122462628932,0.20519028107037415,0.18854529186861715,0.20612060440680063,0.2006025980279188,0.0
0.20122800819426623,0.1992555686999216,0.18700678533682946,0.2102064850684091,0.20230315270057372,0.0
0.2017401845699666,0.20222774856457126,0.18823837064499885,0.20707956279143372,0.20071413342902947,0.0
0.1973476163182259,0.1974785885212295,0.18565077293736912,0.21287532846270843,0.20664769376046707,0.0
0.20026455469873355,0.2017478042330262,0.19274704894451708,0.20706828988045994,0.19817230224326315,0.0
0.21537992466693986,0.19376869645389055,0.2112516809223351,0.18482687983414883,0.1947728181226856,0.0
0.19924546935485976,0.19963679725369846,0.19046635115532465,0.20861236132186672,0.20203902091425038,0.0
0.19799466433432306,0.20296817255997215,0.18642493793277773,0.20789832463156063,0.2047139005413663,0.0
0.20039729280973975,0.20137347502821254,0.1880031692664313,0.207335229639492,0.20289083325612442,0.0
0.19725442103057902,0.20547191695091277,0.1864096563305262,0.20960036709037602,0.2012636385976059,0.0
0.1982127447190912,0.20029401100758346,0.18535517230495613,0.20817627645032097,0.20796179551804825,0.0
0.19714843947588864,0.20635914788606785,0.18540549414774626,0.2098526853648085,0.20123423312548874,0.0
0.1990270843613295,0.20165474400300623,0.186539769729453,0.20896131473571167,0.2038170871704995,0.0
0.1998746800676052,0.20359088676017317,0.1874637668811509,0.20847736979539436,0.20059329649567634,0.0
0.19721998956679926,0.19971847172172266,0.19151962097427006,0.20944256100814296,0.20209935672906515,0.0
0.197482289378194,0.19803539204772444,0.18903152632243939,0.20904497021521692,0.20640582203642535,0.0
0.1997664259270272,0.20250189385929926,0.18543420771324642,0.20950475059713738,0.20279272190328976,0.0
0.20215707549102555,0.20040185130626764,0.1895325682473707,0.2039730078143888,0.20393549714094722,0.0
0.1992891104612203,0.20176465887250433,0.19014274441335002,0.20764461248102756,0.20115887377189778,0.0
0.20196576062779442,0.20034667367585224,0.19238668363611217,0.20818227203201178,0.1971186100282295,0.0
0.19690841792614364,0.19858858469922683,0.1908618058924823,0.20793441260524928,0.2057067788768979,0.0
0.1995331600766373,0.2026851800534191,0.18517665709317555,0.20996562813059091,0.20263937464617718,0.0
0.19877735322375165,0.20499195287141853,0.18723355709856218,0.2084731539098558,0.200523982896412,0.0
0.19814592098364409,0.20280699201367147,0.18852437615740728,0.205744037975086,0.20477867287019116,0.0
0.2005338475426182,0.20241260150896695,0.1871613786930345,0.2079734703989347,0.20191870185644561,0.0
0.19840203819100724,0.20435052145451113,0.1861054274127789,0.20733327245248515,0.20380874048921754,0.0
0.19534378633869126,0.20507409304183682,0.18802911091047664,0.20503258274567956,0.20652042696331574,0.0
0.1997936284672825,0.19990987207862268,0.1863329860902195,0.21079833632153394,0.20316517704234144,0.0
0.19774549045921877,0.19825332177397514,0.1927594202097909,0.20673059869721028,0.20451116885980486,0.0
0.19899594078741445,0.2004377500255436,0.18848290052799713,0.2087000311154842,0.20338337754356053,0.0
0.19864374123558243,0.1998052688756792,0.18899707358733392,0.20811598637520254,0.20443792992620197,0.0
0.202750066452937,0.20455266034541786,0.18475099135231313,0.20907072037097787,0.198875561478354,0.0
0.1963985212825604,0.20028247102321112,0.18789207932212063,0.20704282565633694,0.20838410271577093,0.0
0.19813296754023207,0.1975676401378795,0.19064607538395487,0.21034229157397252,0.20331102536396117,0.0
0.1943334303000406,0.20257401928549443,0.18898365187193394,0.2119617025854327,0.20214719595709832,0.0
0.1988448430305974,0.205264097353248,0.18361849801218214,0.2082114837410064,0.20406107786296607,0.0
0.1985913094394039,0.20448174903862837,0.18271255031376119,0.20877748021317136,0.2054369109950352,0.0
0.1977324830618451,0.20514775429262094,0.1848796713591053,0.2090821061255521,0.20315798516087652,0.0
0.19686644615279045,0.19886041034140944,0.19313980495965205,0.20981350463225645,0.20131983391389163,0.0
0.19901253999171675,0.20496297962254048,0.18313604951618795,0.20803711596139712,0.2048513149081576,0.0
0.19796742621209198,0.20552346152510356,0.1855046768156524,0.20758243886433622,0.20342199658281582,0.0
0.19902455977783876,0.20191658062535825,0.18384234388627302,0.2097559520067853,0.20546056370374458,0.0
0.19801161774093295,0.1933288948969894,0.19863478000664944,0.20454514399345003,0.20547956336197828,0.0
0.20140648789595583,0.20365204891020805,0.1865880361841052,0.2076931644802924,0.20066026252943858,0.0
0.19921784006090595,0.19878998665259168,0.18919922751944426,0.2082801681125934,0.20451277765446477,0.0
0.19946441074493976,0.20205391054101662,0.1840475408677751,0.20799893350123028,0.20643520434503823,0.0
0.19462003210162415,0.1923852570532802,0.19570677705520778,0.21318539204780548,0.20410254174208228,0.0
0.1982626804006961,0.19962363663336347,0.18626573153495382,0.20992627364612043,0.2059216777848662,0.0
0.1970073700470608,0.19807779879384133,0.19003425138162305,0.21175660097149948,0.20312397880597524,0.0
0.19673017424524275,0.19987432828069748,0.19208326046940524,0.21009895343527157,0.20121328356938284,0.0
0.20265469256689614,0.20344451876763103,0.18803993978453848,0.20455351592427923,0.20130733295665498,0.0
0.19854947879134438,0.2028422116692873,0.18729368984989261,0.21003188398445014,0.2012827357050256,0.0
0.1965736650725244,0.2036320390944657,0.18581507584669826,0.21085408717506632,0.20312513281124533,0.0
0.19973464423370232,0.20264834967424686,0.18967920571605337,0.205270147036476,0.20266765333952158,0.0
0.19849856665494175,0.19805777799854551,0.19330298617205774,0.20638494332622812,0.20375572584822677,0.0
0.19764728574933746,0.19935365067406347,0.1891423149949595,0.21090463560242673,0.20295211297921298,0.0
0.20182604592658757,0.20369194646149494,0.18984978185860396,0.20612716095022937,0.19850506480308414,0.0
0.19985110457219166,0.1968538436103874,0.18855853446668422,0.20901754308528595,0.20571897426545083,0.0
0.19969969873709353,0.20216547032025034,0.18534305813546142,0.20658769923904963,0.20620407356814516,0.0
0.20115345699201742,0.20282450121140874,0.18768910202316522,0.20657156832322243,0.20176137145018616,0.0
0.19831418846091423,0.2003684146788511,0.18655365586006736,0.20722541829954677,0.20753832270062053,0.0
0.1984613246748601,0.19702998218349124,0.1870159699601731,0.2118786978670611,0.20561402531441467,0.0
0.19481815743547976,0.1929480270967822,0.19437847263533184,0.21208600153806043,0.20576934129434563,0.0
0.1974141641760167,0.2023108544247386,0.19290830962946617,0.20876241597996661,0.1986042557898121,0.0
0.20259458457512924,0.20266647505121688,0.18564906638947576,0.20868633141447582,0.20040354256970236,0.0
0.19874199889233876,0.2057502830587277,0.18627638745105685,0.205121046005412,0.20411028459246466,0.0
0.19738843275939644,0.20070598010833637,0.18881388140635483,0.2111410815995632,0.20195062412634918,0.0
0.19921752573396115,0.19604839088364603,0.18669775999694602,0.21123377503782867,0.2068025483476182,0.0
0.19734101103278295,0.19753291069219173,0.1980109993008399,0.20582086152216775,0.20129421745201767,0.0
0.2011801220770131,0.2060068087474433,0.1866692210916381,0.20480129946648992,0.20134254861741563,0.0
0.197141626355575,0.2021616096734842,0.18467358000481665,0.21280804348179622,0.20321514048432782,0.0
0.1994973363081663,0.20291839553355387,0.183036332623936,0.2098631039349857,0.20468483159935813,0.0
0.20099071422849332,0.19020550454590585,0.20339109110398948,0.20397010112230976,0.20144258899930148,0.0
0.19781320286743242,0.1972149846394853,0.1895660461885471,0.21304893228295357,0.2023568340215816,0.0
0.1971889391329406,0.19896088318523797,0.1879021892946414,0.20973078699450493,0.2062172013926752,0.0
0.19765001631645268,0.2003845665999622,0.1897919339732722,0.20900842430309866,0.20316505880721417,0.0
0.19633048974904746,0.1908543002927504,0.19756585615962516,0.21153422186593618,0.20371513193264087,0.0
0.19941357017825181,0.2047618624695753,0.1870651891183276,0.20693614405005983,0.20182323418378548,0.0
0.19967659168915225,0.20646464211367702,0.1859030581200295,0.206241688284348,0.20171401979279321,0.0
0.19741163474668488,0.20539311098901766,0.18602522105337052,0.20962878020584536,0.20154125300508158,0.0
0.19809519806713038,0.1949387971075839,0.18874263424944296,0.21078441416433366,0.20743895641150914,0.0
0.19910034956822373,0.20393585091260286,0.18772759859386845,0.2058592357004569,0.203376965224848,0.0
0.19616020966762412,0.19787524049849192,0.19065091781681726,0.20918263659011396,0.2061309954269527,0.0
0.2,0.2,0.2,0.2,0.2,0.0
0.2011775027400519,0.20091456199938734,0.18581168185005192,0.2123400418581302,0.19975621155237872,0.0
0.20242889348913565,0.20110053936801855,0.18837298096464683,0.2088722589438938,0.19922532723430522,0.0
0.20052433208252637,0.19922090576796198,0.1852852242053839,0.20964550940832563,0.20532402853580206,0.0
0.1983750546669895,0.19485688531409903,0.1922498425080445,0.21018661211274628,0.20433160539812062,0.0
0.19635596480581324,0.19567747643839298,0.20066615254574244,0.2076828419145722,0.19961756429547897,0.0
0.19793392453138814,0.20202535116640713,0.1851856214662118,0.20604764598799988,0.2088074568479929,0.0
0.19774726859610192,0.20541963455569517,0.18723398683177767,0.20546105123961042,0.20413805877681487,0.0
0.19821614791479925,0.20157549726301158,0.18771364616455824,0.2070672757061492,0.20542743295148164,0.0
0.20068527196649624,0.1982679592525304,0.18934480536283757,0.2104283252077835,0.20127363821035218,0.0
0.19846744677372793,0.19648899219862534,0.20196738529597244,0.20336516278269004,0.19971101294898422,0.0
0.19867311737831633,0.20081414041564483,0.1896359169985805,0.20864381037595045,0.2022330148315079,0.0
0.20170006906178564,0.2028802819388338,0.18573461519731677,0.20494523420448074,0.20473979959758293,0.0
0.19885302107560338,0.20230363167206922,0.1883409259057524,0.20633948904986718,0.20416293229670782,0.0
0.1990845222424252,0.1972399034671182,0.19205306142708553,0.20782745194798058,0.20379506091539043,0.0
0.19982557862586525,0.20254356757784905,0.1856296153360052,0.21067694655414915,0.20132429190613135,0.0
0.19777575180092496,0.20160989544690114,0.18644617694301943,0.2079501480564755,0.20621802775267903,0.0
0.20115638129410293,0.20336478245484013,0.19133606023253374,0.2069565496854953,0.19718622633302793,0.0
0.19882663127667133,0.19904561821101882,0.18802611445951226,0.21225674978477937,0.2018448862680181,0.0
0.1983879791208077,0.20467040022619304,0.18716641229277506,0.206545730330079,0.2032294780301453,0.0
0.1991975257270378,0.20185188740379797,0.1888071370902077,0.207950814622729,0.20219263515622746,0.0
0.19989847213961084,0.200350364818046,0.1898316891756702,0.20814875136926222,0.20177072249741082,0.0
0.19778381429280614,0.20594192800433678,0.18673263081453428,0.20635065403537156,0.20319097285295126,0.0
0.20003914089718058,0.20234649347669922,0.18911482629630333,0.20553251061444758,0.20296702871536917,0.0
0.20016810095225687,0.19662387595364006,0.1874466170720823,0.20932919842089942,0.20643220760112135,0.0
0.19796940814867053,0.18610801604331756,0.20840936879488636,0.20677135549642792,0.20074185151669763,0.0
0.2000246884899204,0.20108739970958558,0.1862188629914719,0.2067862559035895,0.20588279290543263,0.0
0.20118864400578101,0.19733273708713459,0.184963193391229,0.21260946782622148,0.20390595768963393,0.0
0.1992680577371588,0.1969888385677249,0.18758521754766533,0.21148150144482492,0.204676384702626,0.0
0.19805511862620181,0.20450196376272076,0.18449587980488644,0.2059525953933258,0.20699444241286521,0.0
0.1974895673354908,0.2014621157073153,0.18525934806378824,0.2103915690796077,0.20539739981379812,0.0
0.19989636455117743,0.20319499593761062,0.18765103290411808,0.20636584943619996,0.20289175717089394,0.0
0.19910065401139107,0.19556739995120048,0.19009367083732906,0.21392198199932322,0.20131629320075609,0.0
0.19983842930929616,0.2000749778826444,0.18363117827510747,0.21118482152137144,0.20527059301158068,0.0
0.2030294082179398,0.1955701693840996,0.19084007803197808,0.2085664861404863,0.20199385822549626,0.0
0.20033508000501685,0.19931519258777297,0.18764627840359627,0.20823544065320526,0.2044680083504086,0.0
0.19745083954468812,0.1957070146242835,0.19877773817577352,0.20809352959555594,0.19997087805969888,0.0
0.1996711519395122,0.20172112415814883,0.18702883118888208,0.20786999969155215,0.2037088930219048,0.0
0.19953023249611368,0.20071690681221527,0.18683091238866303,0.20762335381839617,0.20529859448461169,0.0
0.1976272155811186,0.20473881833734453,0.18835012056600095,0.20928011463948473,0.20000373087605122,0.0
0.1981577665275328,0.1990286508422242,0.19160882274157987,0.20612746432243806,0.2050772955662251,0.0
0.20080590957194494,0.19906108729773025,0.18867904587281148,0.209378943859377,0.20207501339813627,0.0
0.1976734850805162,0.19638976194618082,0.18816144385541317,0.21076715927601503,0.20700814984187474,0.0
0.20101125233082903,0.20114861674439674,0.18995002973741515,0.20455712333069692,0.20333297785666218,0.0
0.20186589724346354,0.19832105307026093,0.18703221108643384,0.21028955108447223,0.20249128751536954,0.0
0.20229370371736852,0.2022439736038792,0.186425056184995,0.20556511675100161,0.20347214974275585,0.0
0.19954877318694914,0.202077245080493,0.18689407441484118,0.20861609100752956,0.20286381631018713,0.0
0.2005029644783059,0.20113114374912255,0.1895631253785626,0.20816867137293477,0.20063409502107418,0.0
0.20005538310765406,0.20123336743273335,0.18638128013951843,0.20727011333165649,0.2050598559884378,0.0
0.20060820462628823,0.20331722708571817,0.18375919257927809,0.20711795152227666,0.20519742418643888,0.0
0.19938785192691486,0.19916433952974105,0.18580950679258118,0.21214840778026248,0.20348989397050046,0.0
0.1969032584859938,0.20604493927323142,0.18387906696742667,0.20946969416732453,0.2037030411060236,0.0
0.19874264121640772,0.20283515235823293,0.18919229897499515,0.20436993559711264,0.2048599718532516,0.0
0.19654896859461757,0.19124183371235734,0.20392446387327176,0.20576379933387534,0.20252093448587782,0.0
0.2004112952303917,0.2024963243800183,0.183823890843161,0.20845431872076062,0.20481417082566844,0.0
0.19655178006174429,0.20319471902821598,0.18326706932209869,0.20870934909045624,0.2082770824974849,0.0
0.19916518493762994,0.20089463113648734,0.18942916023833622,0.20584658858565452,0.20466443510189194,0.0
0.20037948166787495,0.20397467496411226,0.18777671439793234,0.20531960128689689,0.20254952768318354,0.0
0.19753274330222775,0.20487140993478659,0.18629969397263157,0.20989712732774085,0.20139902546261315,0.0
0.19821322762383592,0.20464464945717925,0.18859519063180002,0.20732066798703241,0.20122626430015242,0.0
0.2046354216404893,0.20302731912406816,0.18655023973114537,0.20806735832271248,0.1977196611815848,0.0
0.20028760922126987,0.20253429572530354,0.18757414346293394,0.2075672178469752,0.20203673374351747,0.0
0.19912561785993715,0.20505955014437607,0.18845730034067693,0.2045700464396524,0.20278748521535747,0.0
0.19758715907295996,0.20338917636793005,0.18717711120771025,0.2080134332240819,0.20383312012731788,0.0
0.19854500175990836,0.20442502242969607,0.18519132139141836,0.2080389073095191,0.20379974710945817,0.0
0.20163674953601107,0.2029267992917952,0.18600035164352607,0.2075239510172766,0.20191214851139114,0.0
0.19740168865081606,0.19860457506913884,0.18808186730410914,0.21229708871494685,0.20361478026098917,0.0
0.1990244937808089,0.20522537652757095,0.18620912675440524,0.20534776736193094,0.2041932355752841,0.0
0.19868874298857456,0.19859465712339913,0.19308117250981763,0.20674132292278402,0.20289410445542475,0.0
0.1980698899666484,0.19837837786707038,0.1905198706302972,0.21125885321736704,0.20177300831861705,0.0
0.19648085474314428,0.20109828363356064,0.1914919825219685,0.20738316597757486,0.2035457131237518,0.0
0.197454978525015,0.19820408036588255,0.18548136314643618,0.2095980179008553,0.20926156006181093,0.0
0.19873486315904082,0.20097429284445276,0.1889461232617851,0.2073921014573112,0.20395261927741007,0.0
0.1972415811601333,0.20113868173701177,0.18428530021346548,0.21173916170999485,0.20559527517939452,0.0
0.198018272128881,0.20241915818104708,0.18692144851311465,0.20829328348372522,0.2043478376932321,0.0
0.19856506220308154,0.20667065045940164,0.182928670206285,0.20705873973898306,0.20477687739224873,0.0
0.1964620305840379,0.20381682572376258,0.18186696961711474,0.21007471581209447,0.2077794582629902,0.0
0.198800908048375,0.20340187010620045,0.1855452609987495,0.207527352765274,0.20472460808140103,0.0
0.19823164139994293,0.1988747901714253,0.1871076400169958,0.21157321971744106,0.204212708694195,0.0
0.19791765742107936,0.20542863079594556,0.18554870231852014,0.20902715060776114,0.2020778588566938,0.0
0.19500923901810366,0.1972603131501498,0.18764579307744642,0.2092765326294804,0.21080812212481959,0.0
0.2,0.2,0.2,0.2,0.2,0.0
0.20011048396482428,0.197227807744102,0.18708544525941948,0.21343386378710397,0.20214239924455016,0.0
0.1968763090201237,0.20532442429915712,0.1814915113111564,0.21033507514154037,0.2059726802280224,0.0
0.19770540684137225,0.19872020096422524,0.18944212985555417,0.20835740123273114,0.20577486110611715,0.0
0.19932263222208774,0.20338447693395922,0.1883714413700318,0.20547950128001952,0.2034419481939017,0.0
0.19942145110021112,0.1939213467402132,0.19133060900819202,0.2116402646998302,0.20368632845155346,0.0
0.20154388038239038,0.197355446101759,0.1868426083912771,0.21232985869926976,0.20192820642530382,0.0
0.1980156616860474,0.19949209173784888,0.1908335553971062,0.2109994322153741,0.20065925896362347,0.0
0.2014592298230088,0.2068112298299426,0.1838722701739063,0.20427866198253405,0.20357860819060838,0.0
0.19618983877532678,0.19279531278585796,0.19402106301668248,0.21149413728478114,0.20549964813735147,0.0
0.1972570165980131,0.2037079282683171,0.18776259140852722,0.2077617156561127,0.20351074806903002,0.0
0.20108459022878122,0.20343182819107547,0.19369969232524592,0.19601597461286613,0.2057679146420313,0.0
0.1987414322226186,0.20216512521181942,0.1906504717210174,0.20429294574389342,0.2041500251006511,0.0
0.20473025031744982,0.20336349031744225,0.18652026083094947,0.20894760240229038,0.196438396131868,0.0
0.20026346227053485,0.1974985520144676,0.19082000611870986,0.20966957332830877,0.2017484062679788,0.0
0.202689164284661,0.20602758503459287,0.18620125574627355,0.20394018452436297,0.20114181041010964,0.0
0.1966796533093542,0.1968709719047575,0.19233379498473419,0.21152131656773562,0.20259426323341856,0.0
0.19913731050127698,0.19929133877442426,0.18709041492773115,0.21012969757458186,0.2043512382219859,0.0
0.19765488043385895,0.1966469626269519,0.1912521393591057,0.2075270043256403,0.2069190132544432,0.0
0.1969645211744821,0.19785980298959857,0.18882057112076578,0.21087566497998317,0.20547943973517058,0.0
0.19839971037600682,0.2000654961502961,0.19037307464648826,0.20758769670946353,0.20357402211774536,0.0
0.19949909990444603,0.2025160776153262,0.1850431691597694,0.20838954129361736,0.20455211202684093,0.0
0.20245969538958547,0.20582844852919818,0.18760812341737185,0.20414608332244225,0.19995764934140228,0.0
0.1994691086054774,0.19855175758246735,0.19181241915374758,0.20841438123653236,0.20175233342177543,0.0
0.1998898845894255,0.20274535989397616,0.18794484183806137,0.20600662093952948,0.2034132927390076,0.0
0.1997430946685227,0.20349021605369208,0.18603169277809944,0.20805992093639916,0.2026750755632867,0.0
0.19981343301606108,0.19834712792966114,0.18995911608926122,0.20673015514426288,0.20515016782075354,0.0
0.20347044418904328,0.20384326440392114,0.18736251630700837,0.20641569447851207,0.1989080806215151,0.0
0.19805336152002526,0.2050749355667135,0.2141576717233532,0.18666136981448325,0.19605266137542482,0.0
0.1989723032113317,0.19878282899980737,0.1890442747804567,0.21145827224386407,0.20174232076454002,0.0
0.20035333237522435,0.19764156696897428,0.1909668226671414,0.21033294217039522,0.20070533581826489,0.0
0.20134761685334582,0.20066886949748852,0.18771374375195832,0.21070693992432574,0.1995628299728814,0.0
0.1998124632963136,0.20199002089733367,0.18875639483058496,0.20590207523449847,0.20353904574126933,0.0
0.19790659157455373,0.20057768930448525,0.19051405493343815,0.2072544886513643,0.2037471755361586,0.0
0.19982128997833654,0.20421564081584598,0.1856833447316174,0.2080856098860948,0.20219411458810527,0.0
0.1971427595027114,0.1961300675346978,0.19275619429258511,0.21044014043831968,0.20353083823168597,0.0
0.20148378292621766,0.19888156036032759,0.19003031077674026,0.20696636962622939,0.20263797631048502,0.0
0.19760460728483337,0.20493971271955988,0.18064174544641962,0.21074203596178814,0.20607189858739908,0.0
0.20004405117151203,0.20514747326843202,0.18679907362680637,0.20404018732787935,0.20396921460537037,0.0
0.1995173021183595,0.20099325165505455,0.1846875135993573,0.20879408637186492,0.2060078462553637,0.0
0.1961898686643654,0.20401962673700755,0.18586945696304663,0.20684702995804283,0.20707401767753753,0.0
0.19834077746937775,0.19482624937706894,0.18903624980609965,0.21051351480571687,0.2072832085417369,0.0
0.20066571150998364,0.20124807244691323,0.18757448565965565,0.20774373593653503,0.20276799444691238,0.0
0.1980614993208286,0.20051092253895528,0.18685304521642976,0.2069057994528932,0.20766873347089315,0.0
0.1978112859030346,0.20214030646612732,0.18432845036851736,0.20903799109845309,0.2066819661638677,0.0
0.20303323495047093,0.19881580841707291,0.19501602255080858,0.2037711368759288,0.19936379720571884,0.0
0.19809271089549343,0.19937277369421466,0.19062476038695106,0.20917873063392395,0.20273102438941698,0.0
0.19762724406058274,0.19995604227152733,0.18573603411375753,0.2057487517780737,0.21093192777605865,0.0
0.20342140757385688,0.20157757768844117,0.18962506409371502,0.20576411654183005,0.19961183410215683,0.0
0.20039370234643603,0.20297721921078749,0.18653484084805805,0.2065274776941004,0.203566759900618,0.0
0.19956715024509553,0.20120495105062736,0.1856033407358752,0.209457508994682,0.2041670489737199,0.0
0.1984714007438435,0.20262014042918425,0.1839464886042284,0.20979281349943277,0.2051691567233111,0.0
0.19787908728302897,0.20015136301598943,0.18926406603296428,0.20576773611329424,0.2069377475547231,0.0
0.1977929457181865,0.20342694326344526,0.18721515109055933,0.20726531397367756,0.20429964595413128,0.0
0.1989924516996517,0.1993920883879304,0.18893620472161027,0.21086305039638226,0.20181620479442536,0.0
0.19969537871992188,0.19712257119947882,0.18717144326447774,0.2130015780065673,0.2030090288095544,0.0
0.197304566322708,0.1978283216558426,0.19181391906733647,0.211463671102444,0.2015895218516689,0.0
0.19893555151445122,0.202956394241741,0.18402349039848734,0.21056551893180994,0.20351904491351053,0.0
0.19980736576183586,0.1972565917398526,0.190244161651403,0.20903487897848988,0.20365700186841873,0.0
0.19750421922173186,0.20118406580050596,0.18597296309349856,0.2072743122157626,0.208064439668501,0.0
0.1991541932564438,0.20022022009788512,0.1889089563702615,0.20901032869530622,0.20270630158010353,0.0
0.2017132299737363,0.20152918490187613,0.18749865432171267,0.20718674288638517,0.20207218791628967,0.0
0.196032654066693,0.20329804439704144,0.19103728074890527,0.2065526505712225,0.20307937021613778,0.0
0.19994039047537188,0.20425371080697743,0.18711078219077504,0.2053897846066073,0.2033053319202683,0.0
0.1979877303441234,0.20208591571135215,0.18969730208089716,0.20623695765717817,0.2039920942064492,0.0
0.19971892624022203,0.20126275313482186,0.1871951117287029,0.20590578626741962,0.20591742262883364,0.0
0.20424809634080285,0.20250990135064859,0.19276188451227522,0.20250260387356564,0.1979775139227077,0.0
0.19899547969154247,0.20202891274281926,0.18367813717469825,0.2111223399612418,0.2041751304296983,0.0
0.19964817348746472,0.20513355042472012,0.1831253604112224,0.2071488303340535,0.20494408534253925,0.0
0.19901898089848258,0.20243384819172786,0.18666338562302015,0.20898301188339322,0.20290077340337626,0.0
0.19825164756983507,0.20218724469405003,0.18696681676414442,0.21209082132375212,0.20050346964821825,0.0
0.1995707500501583,0.20245298446667387,0.18805503887632033,0.2066643799306113,0.20325684667623609,0.0
0.19941845706951042,0.2044297417982826,0.18883516824344154,0.2050337658651579,0.2022828670236076,0.0
0.2,0.2,0.2,0.2,0.2,0.0
0.1994874708110251,0.20041275268229392,0.19180510294577274,0.207648340938582,0.20064633262232626,0.0
0.19857225660540895,0.20117473985662654,0.18926200301001692,0.21045277206095628,0.2005382284669913,0.0
0.19997247342601704,0.20280390079620247,0.18707126188574885,0.2057355912214982,0.20441677267053346,0.0
0.20152269866079103,0.19832268251161062,0.18677875704008576,0.2065943575548238,0.20678150423268887,0.0
0.1999335158235743,0.19909496535364962,0.1863329273410167,0.21211006859541845,0.20252852288634102,0.0
0.1971908982074868,0.1986182070284535,0.1870118382325491,0.21022022392538098,0.2069588326061295,0.0
0.1995247592297393,0.20134564933900395,0.18490974268981739,0.2070323420604307,0.20718750668100866,0.0
0.19724153936378647,0.20322319268194144,0.18628522795951408,0.20659809032801776,0.20665194966674028,0.0
0.2005799034217278,0.20396844556242086,0.1860088494038663,0.20606796666108576,0.20337483495089928,0.0
0.19823551954600596,0.19868251175382842,0.18971161343890275,0.20989535498154235,0.20347500027972046,0.0
0.2013601233206465,0.1998391686175407,0.18284134734991817,0.21108108157302968,0.20487827913886486,0.0
0.19936489915063188,0.2036958131369269,0.18440612057919806,0.20727210097961216,0.205261066153631,0.0
0.19783498762240215,0.1971632510582553,0.19518141207901024,0.206201136651068,0.2036192125892643,0.0
0.19693768684576687,0.20195350614944874,0.18786171124325088,0.21000805023863442,0.20323904552289895,0.0
0.20131816334476482,0.2007464715373262,0.18790086687746893,0.20550812884753372,0.20452636939290636,0.0
0.19817330102097147,0.19972186891197513,0.18752650567144158,0.21309631495218395,0.20148200944342773,0.0
0.1990150715440884,0.20054476255406994,0.18705664377621628,0.2074878670561005,0.20589565506952479,0.0
0.20007996805239078,0.19964654225435255,0.18784014667442273,0.2104305975036082,0.20200274551522573,0.0
0.20028705664413324,0.19801807038868335,0.1841786091340304,0.20983905774061554,0.20767720609253756,0.0
0.19643797786427677,0.19733075319199794,0.1921026402939741,0.20908687374060503,0.20504175490914625,0.0
0.2018030895511102,0.20146216091975527,0.18684314542121194,0.20776641576106988,0.20212518834685264,0.0
0.2013889860762186,0.20324016160110833,0.18793541933189273,0.204546231479062,0.2028892015117183,0.0
0.19819684807817495,0.19607056490054126,0.1902017469910702,0.21300670826840182,0.20252413176181178,0.0
0.1972125592830134,0.19591061335450713,0.18728586911236578,0.21012388854483424,0.20946706970527934,0.0
0.1986299871482432,0.19979810987007862,0.19008759508821366,0.20829827105916676,0.20318603683429765,0.0
0.2007686977250106,0.19679825446048235,0.1914850752453307,0.20951487883312925,0.20143309373604712,0.0
0.19806599597740368,0.20481025192090477,0.18575113259360332,0.20850207013912583,0.2028705493689624,0.0
0.199697288136211,0.20171429144363603,0.1880511938106607,0.20846663272456595,0.20207059388492635,0.0
0.1972216236819297,0.20216256212082,0.1850957121072841,0.2102177624025073,0.20530233968745878,0.0
0.19696851757172182,0.20194345811609307,0.18514307510837547,0.2098406875161678,0.20610426168764195,0.0
0.19981777247146706,0.20365887273246713,0.1915719776418696,0.2040477864709732,0.20090359068322292,0.0
0.1971113070291171,0.20302491010533463,0.18333297533094176,0.21079882885919524,0.2057319786754113,0.0
0.1967908845152973,0.1946586367623825,0.19307841948790694,0.209622179250557,0.20584987998385623,0.0
0.1997699345328413,0.1948791600895266,0.19018829137213922,0.21164326480341783,0.20351934920207504,0.0
0.19690759088472848,0.2010714770124501,0.18613470909491225,0.20926712405331954,0.20661909895458952,0.0
0.19903416232174734,0.20353628145305383,0.18545790054290542,0.20666608465239703,0.20530557102989624,0.0
0.19885946771093807,0.20151189662869493,0.18480204951623544,0.20744679326524273,0.2073797928788889,0.0
0.19938292911012104,0.19668192651296754,0.18675767110869052,0.21198679474472215,0.2051906785234987,0.0
0.19669944486669644,0.20168327162179184,0.18533175547073275,0.20930782760004235,0.20697770044073668,0.0
0.1990641201460064,0.20297764596308843,0.18791122883355355,0.206032946025187,0.20401405903216457,0.0
0.20083239681868298,0.19832197514620187,0.18580990579785894,0.21327819977012527,0.20175752246713094,0.0
0.2020510327325679,0.20377879053043943,0.18887119116451595,0.20568118493540222,0.19961780063707454,0.0
0.19995336173374464,0.20413003565014182,0.18510066321030302,0.20590599198139845,0.20490994742441193,0.0
0.20096396960095197,0.2042211203231584,0.1849059682486394,0.20830901389120823,0.2015999279360421,0.0
0.19780379137219042,0.19830471452610676,0.19060481800976273,0.20828395088235288,0.20500272520958718,0.0
0.19935244058399088,0.19670113331456845,0.19115532784659733,0.2080393302867383,0.2047517679681051,0.0
0.19628289184684788,0.1983436440657062,0.19026035657259013,0.211431978907144,0.2036811286077118,0.0
0.19799939927597965,0.19841201244590279,0.1900085681163675,0.20748382316339664,0.20609619699835344,0.0
0.20111901798090476,0.20308300745739383,0.18329642396475232,0.20793111062755384,0.2045704399693951,0.0
0.2007670611854948,0.20431039980150037,0.18439733535259642,0.20842620722967137,0.20209899643073706,0.0
0.20132422807320133,0.19942197456685581,0.18567908742239242,0.20886329221846842,0.20471141771908194,0.0
0.20034830329936903,0.20260818343364936,0.18402550132261705,0.2084071690373099,0.20461084290705464,0.0
0.19735033477412528,0.20340959635662084,0.18470393475958524,0.2080840741395421,0.20645205997012653,0.0
0.19988320514197452,0.20263810891051226,0.18599504171658612,0.20727568092264928,0.20420796330827773,0.0
0.20004036060034772,0.2031184769879963,0.1845061777536579,0.20608424532832734,0.2062507393296707,0.0
0.20023816074780515,0.1998589630783194,0.18228209734940057,0.21198179743697362,0.20563898138750128,0.0
0.20099632790363564,0.2022388562352047,0.18796819182101177,0.2072595760770386,0.20153704796310926,0.0
0.2022884627119116,0.20319430844564337,0.18419796522216922,0.21114905297460776,0.19917021064566806,0.0
0.19986399272777036,0.20385891631782882,0.18572195837477368,0.20666013595612923,0.20389499662349786,0.0
0.198311866315502,0.20357177565392184,0.1851904588381991,0.20900613389815076,0.20391976529422626,0.0
0.20065665150184328,0.2025793456572689,0.1845757755918332,0.20847965170994137,0.20370857553911306,0.0
0.19992989319388904,0.20265058973627662,0.18708969609937345,0.20794989085513133,0.20237993011532956,0.0
0.19971053234400957,0.1964043281451876,0.19099640868587023,0.2074752142667129,0.20541351655821977,0.0
0.19762103624305025,0.19939667395902286,0.18681433697293814,0.20648780479346177,0.20968014803152699,0.0
0.20118962255925293,0.1974362616476306,0.18817697465927394,0.21019002805782772,0.203007113076015,0.0
0.19772728450234117,0.20114833109058858,0.1868686685401102,0.2074521473087055,0.20680356855825469,0.0
0.19987503614024585,0.20109984473168616,0.18826275618520646,0.2070471138548515,0.20371524908800995,0.0
0.19889592374260878,0.20633139357213862,0.18815010657191614,0.20420311937584826,0.20241945673748815,0.0
0.19867982608999615,0.20467592941274657,0.18758232199956043,0.20695937093257757,0.20210255156511928,0.0
0.19995136623241797,0.200902475392523,0.18953580564326966,0.208083452676606,0.20152690005518337,0.0
0.19917029671667152,0.19849293488216074,0.19029346655542942,0.20697727922951475,0.20506602261622356,0.0
0.1991968140164196,0.19684307578898796,0.18943982191049927,0.210448393008822,0.20407189527527114,0.0
0.19863197575240196,0.2046951866190302,0.1852432325183872,0.20795209793787944,0.20347750717230123,0.0
0.1986371266589792,0.20087225646408646,0.1847415402215889,0.20773686810311823,0.2080122085522273,0.0
0.19790979347973672,0.20219998823833418,0.18558673936563,0.20962205439827053,0.20468142451802868,0.0
0.20091855129335562,0.2011837358208229,0.18438601811303676,0.20997926285467605,0.20353243191810855,0.0
0.20031609628309197,0.2004362274431319,0.18555201584687597,0.20842967820865585,0.20526598221824432,0.0
0.19880129016448686,0.2037138245360012,0.18354882390024105,0.2081217302757674,0.2058143311235035,0.0
0.19813188374939442,0.20638885530785547,0.18545878170042301,0.20587055617863606,0.204149923063691,0.0
0.19689065950344015,0.2051130909987369,0.1842426435692943,0.21112561114487718,0.20262799478365146,0.0
0.19692797872146506,0.19670188196316446,0.18683822038556333,0.21090736498933282,0.20862455394047438,0.0
0.19902760066438707,0.20643051815540378,0.18350935232367052,0.20834655030229365,0.20268597855424497,0.0
0.196472005965312,0.20091637804971973,0.19179600457106347,0.20571307280151072,0.2051025386123941,0.0
0.1966427905164528,0.19978391912232002,0.1895912998420334,0.21194331759740406,0.20203867292178965,0.0
0.2,0.2,0.2,0.2,0.2,0.0
0.1981400893944254,0.20413091362793293,0.18608732775675185,0.2061023333861324,0.20553933583475742,0.0
0.19810691531933472,0.196977755333991,0.18780055634819562,0.2120931484610919,0.20502162453738673,0.0
0.19862544436927274,0.2016161849313835,0.1841233631224858,0.20950654439936187,0.2061284631774962,0.0
0.20145618293701714,0.20182976788271803,0.18764595028670736,0.20423797517110162,0.20483012372245582,0.0
0.1987697115132574,0.20361439281847332,0.1866436617081096,0.2068501898080241,0.20412204415213564,0.0
0.19757413079393124,0.20543474302496761,0.18444031745825618,0.20854192174473338,0.20400888697811156,0.0
0.1992995598692956,0.2007696951542587,0.19105737097195272,0.20777309202510183,0.20110028197939112,0.0
0.194117415856921,0.19727749547918955,0.19180029602873558,0.21244241742468284,0.20436237521047107,0.0
0.19962455380452193,0.20452723428403632,0.18445358312541058,0.2069192884340234,0.20447534035200782,0.0
0.20418197240551147,0.20485896883633425,0.1830794512376911,0.20618110364266687,0.2016985038777964,0.0
0.20049937531492779,0.20180142735022755,0.18711225814897045,0.2083972044164269,0.20218973476944743,0.0
0.19902327781260012,0.20074050888675476,0.18716158002624195,0.21160182015772955,0.20147281311667373,0.0
0.19784255950448557,0.20259391688353845,0.1831912141494878,0.20952115352167303,0.2068511559408152,0.0
0.1952745495940851,0.1995205411866404,0.192751249940387,0.2093334178109719,0.2031202414679156,0.0
0.20017475025754908,0.20173155391574166,0.18528963661975614,0.20927534732804645,0.20352871187890664,0.0
0.19942145110021112,0.1939213467402132,0.19133060900819202,0.2116402646998302,0.20368632845155346,0.0
0.19769418282304174,0.1977614326051477,0.18783609513058097,0.20434380605628194,0.2123644833849476,0.0
0.19627611331255973,0.20330342861283848,0.18813426502488842,0.20987966399371508,0.20240652905599818,0.0
0.2020376359347977,0.20195926843235953,0.18851519328443145,0.20273006711275704,0.20475783523565433,0.0
0.19576900639091643,0.1878186630549189,0.20707867069012953,0.20646851818588818,0.20286514167814698,0.0
0.2003249767070694,0.19860807843395284,0.18863680099823324,0.20781800659721697,0.20461213726352756,0.0
0.2,0.2,0.2,0.2,0.2,0.0
0.19698207121878386,0.19496251084879784,0.19459365160037592,0.2076549909258151,0.20580677540622722,0.0
0.19688959442278184,0.19445007849918067,0.19978084513478822,0.20538276797031052,0.20349671397293873,0.0
0.19972639822254812,0.2045542526989949,0.18499543695371104,0.20796428735789865,0.2027596247668474,0.0
0.20233292581359127,0.19922496855049268,0.19181096280097668,0.20642901780731956,0.20020212502761972,0.0
0.1977776546783823,0.1998999137947631,0.18720800025657897,0.20742772407259552,0.20768670719768012,0.0
0.19936211862828393,0.19976550407411653,0.18735612193891277,0.21193722590112138,0.20157902945756534,0.0
0.19987970574815087,0.19833265627662722,0.18899404045721724,0.21230283279614748,0.20049076472185717,0.0
0.19767495772620125,0.19663920410286212,0.18484423905897562,0.21020080559161136,0.21064079352034962,0.0
0.1974076053906441,0.19463858056005703,0.19428558691434464,0.21004957866312277,0.20361864847183148,0.0
0.19801978405047657,0.1967791781277138,0.1930427831332258,0.211961672892686,0.20019658179589783,0.0
0.19741918227259514,0.20299395534126105,0.18765554408985127,0.20699630005987943,0.20493501823641322,0.0
0.19942150892055166,0.2044705323541713,0.1847866917394893,0.20779547654424907,0.20352579044153873,0.0
0.20002127634807876,0.20071429514439826,0.1891652972351679,0.21057419210072933,0.19952493917162584,0.0
0.19947265501788086,0.19618854566194371,0.18911577679252983,0.21366889337809494,0.20155412914955068,0.0
0.19765372618516563,0.19587291833994994,0.1921927122883194,0.21092960176120526,0.20335104142535973,0.0
0.19925757230215332,0.19966698377393585,0.1824876699677128,0.21208515432644978,0.20650261962974845,0.0
0.19850313817925863,0.19913195074320683,0.1882031210289638,0.20575765207514973,0.20840413797342078,0.0
0.1991975425637634,0.19864146933466936,0.18844983783585728,0.21119070117887667,0.20252044908683334,0.0
0.19963922183638091,0.19688302854452905,0.19113327255044643,0.20969785410125302,0.20264662296739072,0.0
0.19759576245937194,0.2058185027489757,0.18553073201956183,0.20734720943790994,0.2037077933341806,0.0
0.19816803290286975,0.19797928600942377,0.1928856680062166,0.20781887872918842,0.20314813435230145,0.0
0.19587770819490644,0.19467232087162137,0.19507452560667274,0.2100357793011126,0.20433966602568682,0.0
0.1984125858696028,0.20233261600945918,0.18193018376127157,0.21186942356762462,0.20545519079204197,0.0
0.19972043724755686,0.2054175481898897,0.1874645818621616,0.2053561968594811,0.20204123584091066,0.0
0.20127666600407204,0.20058300770517867,0.190213157795289,0.20698074331478214,0.20094642518067815,0.0
0.19932577997629408,0.20322092620148288,0.18790054206488643,0.20583567086498225,0.2037170808923544,0.0
0.19617068034455606,0.20411653073549668,0.18346486593465036,0.20984822298572275,0.20639969999957417,0.0
0.19962280356302164,0.20238592982315445,0.188754518058093,0.2058763690139262,0.20336037954180472,0.0
0.2,0.2,0.2,0.2,0.2,0.0
0.19778165412714901,0.20212207467839366,0.1894226305679141,0.20737766333837396,0.2032959772881692,0.0
0.20374506365300593,0.19902591105963358,0.20340760887380954,0.19850720166415406,0.195314214749397,0.0
0.19801459504032812,0.1992440090648166,0.18770727128092082,0.20955589759459628,0.2054782270193383,0.0
0.19916155761272517,0.19738019388811268,0.18844122426098625,0.21237137073964574,0.2026456534985302,0.0
0.20288067412901856,0.19994438027476888,0.19368201046187397,0.20521612446700857,0.19827681066732997,0.0
0.20515722571133224,0.20633296777246946,0.19258654712456386,0.19984097257990702,0.1960822868117273,0.0
0.2014230316565763,0.20642618208303212,0.18618873850577355,0.2058576668242679,0.20010438093035013,0.0
0.1985566982808645,0.20404093014219157,0.1864454993259243,0.20669781337920096,0.2042590588718186,0.0
0.19908860876914156,0.20444354596766248,0.1870655191052081,0.20609343900598007,0.20330888715200793,0.0
0.19918365096266152,0.2029889154383346,0.18345580987232302,0.2073759407351161,0.20699568299156476,0.0
0.19780271043034278,0.203978589485963,0.1888732203050392,0.20517902900455656,0.20416645077409845,0.0
0.20082310263033282,0.19875324459471708,0.18927889645058682,0.20795833246466672,0.20318642385969662,0.0
0.19798884382504597,0.19448807330556125,0.20157711781537596,0.20409924348614217,0.20184672156787453,0.0
0.19965316365104346,0.2038669358807723,0.18617110002558068,0.2053569835406115,0.204951816901992,0.0
0.1987311508127566,0.20104256269233103,0.18556274029573994,0.20935101155523386,0.20531253464393853,0.0
0.20264489753017462,0.20356983493291175,0.18736413435910956,0.20927450843090442,0.19714662474689965,0.0
0.1969555487680203,0.19669521228956793,0.18763731660305186,0.20939341344189763,0.2093185088974623,0.0
0.19887998626191697,0.20268335629600082,0.18425459313460338,0.21356114973260887,0.20062091457486977,0.0
0.19901275576849167,0.19916929826013594,0.19176069729598402,0.21112397538124694,0.19893327329414143,0.0
0.20446873427693668,0.20574666685907622,0.1912630980934244,0.20016502575534065,0.19835647501522197,0.0
0.20041321503508788,0.20167694608079673,0.185081503723668,0.20790908942945013,0.2049192457309973,0.0
0.20046374465085426,0.20198788899863507,0.18966650121372025,0.20855810425063684,0.1993237608861536,0.0
0.1989478896631428,0.2016746022524094,0.1863837221038164,0.2071686975594554,0.2058250884211759,0.0
0.20145715917960527,0.20071129509488067,0.18478861167841926,0.2065528689824842,0.20649006506461043,0.0
0.2004236471246254,0.19505840163995652,0.18990720770018588,0.21273601288001173,0.20187473065522044,0.0
0.2000838181705013,0.2040437189861842,0.18530917820927087,0.20755759159128168,0.203005693042762,0.0
0.1974159157745976,0.19883796626086833,0.18694803221775508,0.21171505943662733,0.2050830263101517,0.0
0.19730336558040773,0.20462113006964672,0.18809553648696092,0.20614355166927012,0.20383641619371454,0.0
0.20458327009543578,0.20450042820994516,0.1903898015994619,0.20373070806009758,0.19679579203505954,0.0
0.19838592750134887,0.1997235652932624,0.18976934479271756,0.2083453571749403,0.2037758052377308,0.0
0.19796610176256718,0.19867299107869724,0.18826935697113603,0.20830373817163506,0.20678781201596447,0.0
0.199192770427409,0.19534503862719158,0.190057673611504,0.21255280950073321,0.20285170783316225,0.0
0.20360684929251752,0.20039972742896195,0.18763531081854076,0.204318812443695,0.20403930001628465,0.0
0.20002089034840345,0.19740685549598525,0.18675830386414086,0.21298870561077057,0.20282524468069982,0.0
0.19952747459429812,0.20073574702324687,0.1951558239815509,0.1973339619746409,0.20724699242626307,0.0
0.19993769190638536,0.2017862376830812,0.1860730849853085,0.2083406134754279,0.2038623719497972,0.0
0.19751016105686106,0.19951412741207458,0.18548368170431198,0.20936115078897427,0.20813087903777816,0.0
0.20023147457881102,0.1954705645398423,0.1932768408762235,0.21122458328928492,0.19979653671583833,0.0
0.197360196390528,0.2034262452810023,0.18572650035394686,0.21195547096094636,0.2015315870135765,0.0
0.19853433843765214,0.2052721564105871,0.188182729600747,0.20408329671054146,0.2039274788404723,0.0
0.19859157870195765,0.19702492468833793,0.19002057535597455,0.21020040170516005,0.20416251954856984,0.0
0.20093096708609554,0.20177788162102422,0.1888693238665333,0.20447506914302058,0.2039467582833263,0.0
0.20290349489329906,0.20212909668420795,0.18755799983903837,0.20590352638815287,0.20150588219530186,0.0
0.19864571740495668,0.20376646181674732,0.18108103575674978,0.20934168303998532,0.207165101981561,0.0
0.197309438595922,0.20022961935201727,0.18732395384246653,0.20853249534102308,0.20660449286857102,0.0
0.19563482844628752,0.19900398572419506,0.18929542174241074,0.21104530148402706,0.20502046260307968,0.0
0.19811697365041644,0.1982136466093865,0.19136635496576837,0.2119186732108891,0.20038435156353968,0.0
0.19970837580237505,0.2020056122873576,0.1886730761284831,0.20792033813962205,0.2016925976421623,0.0
0.19594649366541653,0.1979152136942127,0.188658983983976,0.21206832365252465,0.20541098500387014,0.0
0.19914665064597076,0.20003618747399504,0.18483685189713356,0.21171720261596721,0.20426310736693346,0.0
0.19933599134994118,0.19604223785690572,0.1884683052504383,0.21023832671114193,0.20591513883157284,0.0
0.2007219065649057,0.20450715883024892,0.1861808540485162,0.20516155854353832,0.20342852201279082,0.0
0.19850353053370037,0.1987500366143087,0.19052010019748725,0.2068263369333487,0.20539999572115478,0.0
0.2002212963830723,0.20077279659293804,0.1879162126614751,0.20850870231741264,0.20258099204510194,0.0
0.19732989979938967,0.20591213289268548,0.18364168287071972,0.20779245094212354,0.20532383349508165,0.0
0.19960188921262215,0.19822549151447655,0.18551154110651427,0.20877955604838627,0.20788152211800082,0.0
0.1986341568316652,0.20184385397369994,0.18979186908284676,0.20507519870919502,0.2046549214025931,0.0
0.19985375772197478,0.2018980167634107,0.18705755912024422,0.20652412063922213,0.2046665457551482,0.0
0.20110658323221234,0.2001890613647766,0.1845598583547596,0.2122745446180019,0.20186995243024966,0.0
0.19800273410443708,0.19310911823361643,0.1922475324905867,0.2085086396756444,0.2081319754957154,0.0
0.19799664662482253,0.20501038483916986,0.187796588222412,0.20735781611023543,0.20183856420336033,0.0
0.19898623896604092,0.2023569234318656,0.18812580793293035,0.20905256451980492,0.20147846514935822,0.0
0.19985333191599525,0.20257612550576218,0.18633152179270013,0.20766323627098318,0.20357578451455927,0.0
0.19952496448411777,0.2042805489359949,0.18647846130873935,0.20533703006510257,0.2043789952060455,0.0
0.19948958389175997,0.20544397791157712,0.1857172374507288,0.20639800560652774,0.20295119513940654,0.0
0.2007088710965331,0.19852546880374408,0.18719654901833316,0.2071884324081489,0.20638067867324078,0.0
0.19599635750900468,0.1969010470397095,0.1879358289580909,0.20800497293428402,0.21116179355891096,0.0
0.1968740449577386,0.20115175258585022,0.19323483639160177,0.20891313019440153,0.1998262358704079,0.0
0.19684153687275113,0.19513937604149645,0.19245458555782086,0.2125089801104325,0.20305552141749914,0.0
0.20233854578718105,0.20519921606192398,0.1835856472182813,0.20578609582060234,0.20309049511201135,0.0
0.20560959957599084,0.2036043645278721,0.18977502061122256,0.1999050925100354,0.2011059227748791,0.0
0.2019894653569588,0.19900243959565336,0.1874135491535963,0.20767090569325333,0.20392364020053816,0.0
0.1999469193436771,0.20252861488783186,0.1821420168689472,0.2089394140928238,0.2064430348067201,0.0
0.19664066347601644,0.19771127398151336,0.18712304952425754,0.2111760392142357,0.20734897380397704,0.0
0.19895464782849945,0.20200379454545753,0.18949393481678425,0.20794463111321954,0.20160299169603918,0.0
0.20139780260183263,0.20256702196870066,0.187471853589054,0.20828890327166977,0.200274418568743,0.0
0.2002309342800688,0.20160371340270486,0.18209751325823276,0.21003509343772186,0.20603274562127172,0.0
0.1985787706657937,0.20061646753015758,0.18717012448444778,0.20753116943713723,0.20610346788246364,0.0
0.19921069640837,0.2026062537909098,0.18505575732435672,0.21010684464539295,0.20302044783097056,0.0
0.19970227519410955,0.20316338648735038,0.1851985197578804,0.20839004609379214,0.2035457724668675,0.0
0.19930010643103704,0.2015245021862938,0.18537382722135862,0.20960258650143987,0.20419897765987072,0.0
0.20137596361136237,0.20192464255906434,0.18926387957381088,0.2083362928278806,0.19909922142788192,0.0
0.1971170303080614,0.20281114587880814,0.1874420263490802,0.21007833566551343,0.20255146179853695,0.0
0.19818924497990775,0.19726107363232462,0.1858565347222558,0.21002876111477545,0.20866438555073635,0.0
0.20380558382571776,0.20221165924766354,0.18990795650336256,0.20306004563415556,0.2010147547891007,0.0
0.19953883360051522,0.20178688004614967,0.185070383749662,0.20905437945378424,0.20454952314988883,0.0
0.19775595542883548,0.20509000143679404,0.18945028373477282,0.2042475130448468,0.20345624635475093,0.0
0.19792938396332496,0.2020389874658456,0.1926205163309235,0.2048174504448221,0.2025936617950839,0.0
0.19823816496193436,0.20187170758537532,0.1875867649483663,0.20853388183258273,0.20376948067174128,0.0
0.20262179916590137,0.2008911973084778,0.18312262489632156,0.20836126171057548,0.20500311691872378,0.0
0.20000002915496604,0.2028834403852125,0.18655059641757873,0.20771922732148593,0.20284670672075664,0.0
0.19888816248947158,0.19595155156708596,0.19442013289258547,0.20597996553356995,0.2047601875172871,0.0
0.19802625714142144,0.2036647913520217,0.18648598728625554,0.20794640777786796,0.2038765564424333,0.0
0.1998303902893356,0.19899179029404296,0.18393129970043862,0.20919637279532657,0.2080501469208562,0.0
0.1994380627723705,0.19967197083126878,0.1868178146832003,0.2086559784717652,0.20541617324139533,0.0
0.19997646191517016,0.2015535210649453,0.18673533174037757,0.20659123223912873,0.20514345304037823,0.0
0.19725559807864906,0.2029346872411349,0.18742243553342613,0.20644809679552936,0.20593918235126046,0.0
0.19653673927597234,0.19842504366063396,0.18928260009883988,0.20919212850527627,0.2065634884592775,0.0
0.1998431474523927,0.1999715358306957,0.18486772774264415,0.21115427875441944,0.20416331021984796,0.0
0.1980918743148822,0.19277044841673283,0.19286051854584413,0.20964276788081737,0.20663439084172347,0.0
0.19768601612442416,0.2024021818262616,0.1887195915049479,0.2053333752346842,0.2058588353096821,0.0
0.2,0.2,0.2,0.2,0.2,0.0
0.19726413041443297,0.18926541322309787,0.2064942521874591,0.2053827360860585,0.20159346808895165,0.0
0.19824951372547747,0.1989178050122421,0.19145297569827038,0.20980069543042765,0.20157901013358243,0.0
0.19798508596719647,0.2071432471410892,0.18644501708459588,0.20444892280997407,0.20397772699714445,0.0
0.19964578850706333,0.20437926347351804,0.18437396649150528,0.2084738734296699,0.2031271080982436,0.0
0.2002323969281803,0.20079831901475043,0.18700602611354206,0.20817519338866283,0.2037880645548644,0.0
0.1978505889178381,0.20487012904164603,0.185772250904095,0.20566287173007813,0.20584415940634282,0.0
0.19860552044139906,0.20293578856889707,0.18275375500807287,0.20990485387882438,0.20580008210280681,0.0
0.19825896826981879,0.2047635972158938,0.1861113154505468,0.20730005562116263,0.20356606344257788,0.0
0.2023854480354242,0.20181046246469236,0.18600024144314833,0.20880833177897215,0.200995516277763,0.0
0.20262519986050112,0.20198072833666553,0.18894289863892316,0.20270406732367663,0.20374710584023356,0.0
0.19807154947398029,0.20285878284114792,0.18547641980454568,0.20857964781163812,0.205013600068688,0.0
0.20317139569345802,0.19870156034868092,0.1940452177887545,0.20527726851321768,0.19880455765588873,0.0
0.1975098186919875,0.20114021894825104,0.18683450543059443,0.20772891459718978,0.20678654233197713,0.0
0.19897270541718035,0.20560667035244545,0.18826879904618077,0.2049535724906415,0.2021982526935519,0.0
0.19857159034727787,0.19315643643973643,0.19519296048133214,0.20983746503733647,0.2032415476943172,0.0
0.1982384277355472,0.20229212706382788,0.18312383214945654,0.20962939259577165,0.2067162204553969,0.0
0.1953799473806501,0.2032684983147918,0.18553597647561043,0.21009428549178763,0.20572129233716016,0.0
0.19651311420363438,0.20415591239522976,0.18584222424974864,0.21209315332554246,0.20139559582584488,0.0
0.19812033098907683,0.19890080980931685,0.1882258125475226,0.21239555907012656,0.20235748758395722,0.0
0.20047505230666265,0.20232833679619808,0.1903481186122531,0.20491181482727033,0.2019366774576158,0.0
0.1992340825000924,0.19632470773931607,0.18590818975040074,0.21123377545872793,0.20729924455146284,0.0
0.2008278692392194,0.20675114494685642,0.1911133256461021,0.20250675547680447,0.1988009046910176,0.0
0.20114171144236884,0.20344347284228576,0.18560858927139184,0.20677148575201054,0.2030347406919429,0.0
0.1987486672896387,0.20024637009795695,0.19074702536851607,0.20903634063858365,0.2012215966053047,0.0
0.20149092990235504,0.1969655547139527,0.1916275811512533,0.20829928341439566,0.20161665081804336,0.0
0.19999975278767199,0.20473971623911108,0.18564341406695034,0.2060987681719603,0.20351834873430627,0.0
0.19898921442826478,0.1983430832340403,0.1932040922106261,0.20699826578934238,0.2024653443377264,0.0
0.19852618513576617,0.20144497775904072,0.18790756281139864,0.2096497179366237,0.20247155635717065,0.0
0.19765122952247843,0.2042338757750304,0.18790892666916217,0.2088668002912881,0.20133916774204091,0.0
0.19634607612481303,0.2029367771716357,0.18911500880739612,0.20578950316438835,0.20581263473176695,0.0
0.19848902616808173,0.20192171503507372,0.1894946677761676,0.208905006538905,0.20118958448177204,0.0
0.1988511930172016,0.19922574265451914,0.18963258166430386,0.20624242280694355,0.20604805985703178,0.0
0.19954655343426175,0.19620180147013044,0.1891338686567109,0.21027569881758262,0.20484207762131432,0.0
0.19887546658391414,0.1966846523934221,0.19099780734647087,0.2077240041922152,0.20571806948397772,0.0
0.19640879027324157,0.20398215668939915,0.18089546828839653,0.20959373080404098,0.2091198539449217,0.0
0.19698453524050952,0.19466333040318204,0.1912307843357706,0.21000459602636926,0.20711675399416862,0.0
0.2004501286116924,0.20279987955240536,0.18475073644190593,0.20782875488367597,0.2041705005103204,0.0
0.2,0.2,0.2,0.2,0.2,0.0
0.20024970667498426,0.20244523378639845,0.1829969317694442,0.20963628105582446,0.2046718467133486,0.0
0.1977515082326825,0.2044040231116634,0.1820519711691994,0.20818175429865693,0.2076107431877977,0.0
0.19784704611894227,0.1927754859669198,0.19113891482937204,0.21224354693944902,0.205995006145317,0.0
0.19674578433397685,0.18795565505145137,0.206852449214829,0.20592230334803427,0.2025238080517086,0.0
0.19787617368147936,0.19799499797446451,0.18970135232589355,0.2066747804856015,0.20775269553256095,0.0
0.19840190139355227,0.2017181207752998,0.18952412084982556,0.20885597177055548,0.20149988521076684,0.0
0.19907017064623642,0.2013764592961675,0.18789174551871018,0.20783297408324775,0.2038286504556381,0.0
0.19811720698969612,0.19764756327596392,0.19066491721210532,0.21096560617589605,0.20260470634633854,0.0
0.2000792018985553,0.1998570887377703,0.18679027352595748,0.20854229976845015,0.2047311360692669,0.0
0.20267595647219147,0.20458423535282777,0.18566410716659104,0.21040950700303127,0.1966661940053585,0.0
0.1989315240409444,0.20359755010433192,0.188154071601891,0.2081167811389973,0.2012000731138354,0.0
0.20144982225084782,0.20201956045083083,0.1885791869640602,0.20304026449074328,0.20491116584351793,0.0
0.2031014977818251,0.20164264219196074,0.1903270597965957,0.20549658602853438,0.19943221420108412,0.0
0.19917402755908944,0.2024828773279993,0.18755350797642434,0.20628762370536372,0.20450196343112306,0.0
0.1976340532609404,0.19841525660388576,0.1909409010451106,0.2096822139766172,0.20332757511344599,0.0
0.19932661701414914,0.197375056073751,0.19046148285942038,0.20983908290713177,0.20299776114554766,0.0
0.19876473825054386,0.20631596884504427,0.18871976960361958,0.20338153663546885,0.20281798666532336,0.0
0.19851322033239,0.19669313480344489,0.19462748610198588,0.207654202303393,0.2025119564587864,0.0
0.19654809111675967,0.1987974690139362,0.18842015320256886,0.2106392825491906,0.20559500411754475,0.0
0.19828087114050338,0.2057946695839347,0.18422940798250662,0.20695821686503008,0.20473683442802518,0.0
0.20052145986266312,0.2028402645020582,0.1867273721019455,0.20558817165550328,0.2043227318778299,0.0
0.1986762717462236,0.20515929802697755,0.18673599019277418,0.2059404747048322,0.20348796532919255,0.0
0.20191112298325642,0.2012170907410529,0.1895592367635045,0.20888692946426207,0.19842562004792413,0.0
0.19837923353690232,0.20326463261795874,0.18401769276669708,0.20751192020025538,0.20682652087818645,0.0
0.1949612018276808,0.202310500969342,0.18583248813134265,0.21192199916573537,0.2049738099058992,0.0
0.19799454161963356,0.19913146750746794,0.18557273033675767,0.2083243875092644,0.20897687302687645,0.0
0.19710899187578676,0.20117150809612983,0.1920901273362982,0.20793869773293683,0.20169067495884838,0.0
0.19606170431633063,0.20066299378329325,0.1867776873742504,0.2105791941195595,0.20591842040656616,0.0
0.19751135729599792,0.19830435743622657,0.18535408877709544,0.21234500842775797,0.20648518806292213,0.0
0.20207172060671097,0.2018314785389784,0.18523254161340078,0.20706644031015145,0.20379781893075857,0.0
0.19727038604074243,0.20276275887184125,0.18462489090223602,0.2084803819383663,0.20686158224681395,0.0
0.20037377569989068,0.19871548291769928,0.18864195911366097,0.20778380304163893,0.20448497922711015,0.0
0.19942145110021112,0.1939213467402132,0.19133060900819202,0.2116402646998302,0.20368632845155346,0.0
0.20306944142495942,0.2020158219921816,0.1895371046875886,0.20405584602114618,0.2013217858741241,0.0
0.19893440528290693,0.1992845474086623,0.18889792210040152,0.2094072232750264,0.20347590193300288,0.0
0.19873586330271636,0.1894622664193971,0.20430777434296202,0.2070002599048596,0.20049383603006493,0.0
0.19760907560201632,0.2045909132962376,0.18577135038406162,0.206962364717109,0.20506629600057547,0.0
0.20026647459755495,0.1992663734457842,0.1887357776224432,0.2070099191222936,0.20472145521192386,0.0
0.19758306923185046,0.20316028918690404,0.18518222480183294,0.2087071306782594,0.20536728610115298,0.0
0.20098360468931575,0.20223975096527477,0.1919489218798535,0.20629411349972435,0.19853360896583175,0.0
0.19770836982368967,0.20100931058620386,0.1859887255689172,0.20877157299376314,0.20652202102742606,0.0
0.19930876938504194,0.20271900641422777,0.18998488363623983,0.20472604638615574,0.20326129417833474,0.0
0.195760090020836,0.19204938977231212,0.195124489358321,0.21262639733471217,0.20443963351381886,0.0
0.19798665118429776,0.20128171370710884,0.188012093487449,0.2087034078346105,0.2040161337865339,0.0
0.20112691970212862,0.198887890442862,0.19053662898987914,0.2082074802588737,0.20124108060625653,0.0
0.2043176385557638,0.2039933922977583,0.18673027248542973,0.20492420703539335,0.20003448962565476,0.0
0.20015335724884473,0.19986265773411532,0.18632017586128974,0.20895027398185104,0.2047135351738991,0.0
0.20059699331159792,0.19864318213128287,0.18944356347416091,0.20904022361450292,0.2022760374684554,0.0
0.19908921810165223,0.1885260789251219,0.2068183156783558,0.20574711796769055,0.19981926932717947,0.0
0.19953645614188686,0.19686918244751203,0.19208047412586915,0.21088329288587085,0.20063059439886116,0.0
0.1987157723851744,0.19779560283933587,0.1888441911454317,0.20836898201576248,0.20627545161429572,0.0
0.20013279752893307,0.2041374009049757,0.1871667974238175,0.2052422936876806,0.20332071045459302,0.0
0.19916462120674835,0.2000705575353329,0.18887655181455348,0.20935917391253395,0.20252909553083134,0.0
0.20078071899595767,0.20220831717722473,0.186824553203614,0.2053213795355639,0.20486503108763968,0.0
0.20014839970897494,0.2010083421820922,0.18686738123355734,0.20815193314025138,0.20382394373512414,0.0
0.19584297441020107,0.19362127331355472,0.18997990254424105,0.20992093169887013,0.2106349180331329,0.0
0.1986571316082161,0.1997670081472232,0.18446739368700704,0.21369075369277896,0.2034177128647747,0.0
0.19860307287657875,0.20261908968213133,0.18645044477603132,0.20904936180074365,0.203278030864515,0.0
0.19947745019899196,0.1990819454413587,0.18880936397055237,0.20887721351948196,0.203754026869615,0.0
0.20142621365644434,0.20135423755329793,0.18497809619947014,0.20755103737298958,0.20469041521779788,0.0
0.1992254480980427,0.20514682185519717,0.18944036140559203,0.20356746502380751,0.2026199036173605,0.0
0.1947441235564181,0.1917776323540835,0.1961831823066389,0.21290531224955503,0.2043897495333045,0.0
0.19611295147109725,0.2079513231096745,0.1872607937586965,0.20712749420297127,0.20154743745756043,0.0
0.19793699484063845,0.1982568899110028,0.19176981507210228,0.2067666320657545,0.20526966811050198,0.0
0.19868713570389243,0.2019181357764277,0.18288912223999013,0.21096946796678856,0.20553613831290107,0.0
0.2,0.2,0.2,0.2,0.2,0.0
0.19950944715041616,0.20457287062634358,0.18840501390376865,0.20695789225150954,0.20055477606796215,0.0
0.19978461127606723,0.20059148596821125,0.18772692711543099,0.20485150568067034,0.20704546995962012,0.0
0.1993763351567618,0.2009385753455461,0.187504997921662,0.20527049172829145,0.20690959984773863,0.0
0.19847994160874158,0.20401902645154224,0.1861988468101689,0.20883251428466681,0.20246967084488046,0.0
0.1991659850897155,0.2031945025595949,0.185450439873888,0.20857400281390415,0.20361506966289744,0.0
0.19611900195759657,0.19415017579505545,0.19592524139465214,0.21213773769971422,0.2016678431529818,0.0
0.19874639809936778,0.2016363376053017,0.1876258907804142,0.2098020884420344,0.20218928507288192,0.0
0.19988014529221024,0.20852098456809587,0.1852425738130053,0.2032927429451731,0.2030635533815155,0.0
0.19811969632581436,0.20212529451884012,0.1880192405820737,0.20796825099918975,0.20376751757408207,0.0
0.2001921116209675,0.19242151165889881,0.20243935327396892,0.20548809867590284,0.19945892477026184,0.0
0.1976160919747998,0.20304629530820775,0.1859723907184133,0.2086112226187062,0.2047539993798729,0.0
0.19909350923063762,0.20480676284446694,0.18589800035144566,0.20507140391793677,0.20513032365551304,0.0
0.19839541539417474,0.20364466895607314,0.1912167677586858,0.20828938851973156,0.19845375937133475,0.0
0.20059877324200753,0.20269101364677458,0.19029505358439777,0.20887572677593572,0.19753943275088437,0.0
0.1983784440543939,0.20311208933299976,0.18953493673101793,0.206747315761136,0.20222721412045233,0.0
0.20014668794456067,0.2005906552564152,0.18604057372816032,0.20853496042912198,0.20468712264174183,0.0
0.19776165581967362,0.19914585746741725,0.18881945640081454,0.21070574233095885,0.20356728798113563,0.0
0.19884473245051423,0.20245766595450812,0.18771596348314784,0.20768336078053984,0.20329827733129,0.0
0.1978235747588809,0.19645316295259702,0.19358169191045727,0.20928726999247416,0.20285430038559069,0.0
0.19798003676328346,0.20166650376093387,0.18599554540146734,0.2122243760073527,0.20213353806696255,0.0
0.19980374465243764,0.20197756250096693,0.1816764012687762,0.21083479666952934,0.20570749490828974,0.0
0.19855319075572395,0.19992017753804325,0.18673318095824643,0.2097072787842907,0.20508617196369575,0.0
0.20391415411600117,0.2035014947925793,0.18860426509249742,0.20487551806853324,0.19910456793038897,0.0
0.19574618174102662,0.20025660740987145,0.18679334091452157,0.20973905302022217,0.20746481691435817,0.0
0.19690425547853255,0.1899892290757214,0.20583769245168307,0.20459008570172355,0.20267873729233934,0.0
0.19692613923010532,0.2067552664371458,0.18565430158161875,0.20674665199285477,0.20391764075827543,0.0
0.19795268431765178,0.20554803666862087,0.17956855969019406,0.2108671830661334,0.20606353625739982,0.0
0.19909004103480596,0.20540212374911296,0.18650416408950632,0.20496600724561065,0.2040376638809641,0.0
0.19465880241024655,0.2010503517588607,0.1941520574584189,0.2090769331060314,0.20106185526644244,0.0
0.20002168838985007,0.20370811260082597,0.187548643275156,0.2069030468431585,0.20181850889100944,0.0
0.19975600531034765,0.20181681015778535,0.18904108949528964,0.20931662354927452,0.20006947148730292,0.0
0.19861059071932613,0.19919016694885652,0.19157383781501805,0.2069041039179288,0.20372130059887036,0.0
0.1987516189405198,0.20207963613450355,0.1845647771239885,0.20988626884317935,0.2047176989578089,0.0
0.19812916250228285,0.19676116141317984,0.19200611516908267,0.2115580975836953,0.2015454633317594,0.0
0.19898305495994248,0.1983917482002405,0.18855322708848718,0.20885127176186935,0.2052206979894605,0.0
0.1993766641972443,0.20101031479478948,0.1827965881939488,0.20981110282629575,0.20700532998772167,0.0
0.19524635814049088,0.2037533672573139,0.18234514238071628,0.2109081815813325,0.2077469506401464,0.0
0.19991623780953796,0.20247744829859193,0.18459051920198277,0.2087385606629186,0.20427723402696868,0.0
0.20183460892684807,0.20164549918992097,0.19206124520999024,0.20604400653388766,0.19841464013935312,0.0
0.1970110356209522,0.1935017274031175,0.19810450277484817,0.2072901465763029,0.2040925876247792,0.0
0.19816440985996903,0.19791157463494788,0.1901698000020268,0.20993460879919743,0.20381960670385896,0.0
0.20024021614176385,0.19502565647438133,0.19176614346206372,0.21164465276627972,0.2013233311555113,0.0
0.1984197261211485,0.19923933804323526,0.18875562323565423,0.21031810580743757,0.20326720679252458,0.0
0.20332454221159607,0.20421510682660812,0.18772702298324664,0.20583188490289578,0.19890144307565344,0.0
0.19825976679112456,0.20583064792422234,0.1839634341375712,0.20665181196136667,0.20529433918571524,0.0
0.19839010242535815,0.19633100602106743,0.1904727484463493,0.21156276495354184,0.20324337815368326,0.0
0.19744591171937384,0.20725357151576462,0.18789583608616908,0.20442945812355562,0.20297522255513673,0.0
0.19661519979645203,0.19911137010681523,0.18823167553800396,0.20775278871535746,0.20828896584337125,0.0
0.19849593821960587,0.19653812125874653,0.18976827254284503,0.21025779478035656,0.2049398731984462,0.0
0.1985044582692632,0.2018612522473255,0.1874823026383219,0.2047771654775825,0.20737482136750687,0.0
0.19540913558598988,0.20448397960720902,0.18794401382368847,0.21010938657694223,0.20205348440617046,0.0
0.19789625162312618,0.2056003926830012,0.18701183280318678,0.20759938709447784,0.201892135796208,0.0
0.19765905260570948,0.19870808927662487,0.1885990293201037,0.21023731858605352,0.20479651021150833,0.0
0.19885049878211325,0.1992348540721712,0.18769626570632716,0.2103039387391857,0.20391444270020273,0.0
0.19780160053815107,0.19864306136790522,0.1893053437947085,0.21192598771584423,0.20232400658339103,0.0
0.19747663911922408,0.20421596314593998,0.18521949560441242,0.20720236170757705,0.20588554042284637,0.0
0.20123039600133985,0.19848052134415903,0.18562913685021265,0.20902239850802337,0.20563754729626507,0.0
0.1996755484674607,0.2057113085675611,0.187929357259421,0.20417480042035982,0.2025089852851974,0.0
0.19823128185000904,0.19676937611556192,0.19173303178337595,0.2120073846003908,0.20125892565066214,0.0
0.199168019488316,0.20558715671503175,0.1887781746426636,0.2060208617276582,0.20044578742633035,0.0
0.2022976476623457,0.20180110253196812,0.18836385267261901,0.20523268494218969,0.20230471219087745,0.0
0.1980379461745706,0.20228520868214026,0.18686647412812257,0.206867727373121,0.2059426436420455,0.0
0.19846087747310906,0.18952604119491823,0.20170811874992647,0.20527403483675183,0.20503092774529436,0.0
0.19916495856319202,0.2044162483495502,0.1847539097305508,0.209876096713992,0.20178878664271505,0.0
0.19814925099963282,0.20060426563130326,0.18898092396225527,0.20782712609859216,0.2044384333082165,0.0
0.2007344986606708,0.2038001684868821,0.18570972516129827,0.20553720086891644,0.20421840682223233,0.0
0.1966533754232937,0.19738328671198033,0.19169622837997918,0.21146765431019035,0.20279945517455641,0.0
0.20039107406130072,0.20426325454215585,0.18697984261027956,0.20444919131146114,0.20391663747480274,0.0
0.19761838811180288,0.20278298800768596,0.18741148452152814,0.20812284825921748,0.20406429109976554,0.0
0.19597280890411894,0.1987547459957651,0.18704877166957523,0.2105343930924103,0.20768928033813047,0.0
0.19779828586701756,0.20445184720214482,0.189008031612743,0.2034597424863477,0.20528209283174703,0.0
0.19934573341136735,0.2050516506330775,0.1879812654151065,0.2065749677043973,0.20104638283605122,0.0
0.20086755970373213,0.20174079003096027,0.1876390587677812,0.2056517873454128,0.2041008041521137,0.0
0.19717651142464118,0.20391487431624764,0.18153681954709436,0.21035182590944113,0.20701996880257562,0.0
0.1979918119770666,0.1973132963855131,0.20912757397833165,0.1987684284562529,0.19679888920283573,0.0
0.19789402106284779,0.2009009012048644,0.18471796893113648,0.21119073079833936,0.20529637800281206,0.0
0.19666214504007315,0.1994134647132057,0.18715814607937517,0.20906433151302237,0.20770191265432372,0.0
0.19908001930747424,0.2045463573238515,0.18860884722187418,0.20568256307210192,0.20208221307469815,0.0
0.19914424572105915,0.20174505505136878,0.1862119642021986,0.20740516460962358,0.20549357041574998,0.0
0.1974890862773929,0.19734412443117713,0.18772342142347245,0.21106615263423714,0.20637721523372043,0.0
0.19550968981716374,0.20360580774157344,0.18574849391369522,0.20854206811387466,0.20659394041369286,0.0
0.19651787691897188,0.20277177019891707,0.18980314434483397,0.2060286616827866,0.20487854685449047,0.0
0.19723807729427797,0.2035377839853316,0.1903763147065115,0.20715080941421052,0.20169701459966846,0.0
0.1977556122012746,0.19685489762252212,0.19053370368515288,0.21010585447395314,0.20474993201709735,0.0
0.19850712219471442,0.19725298163366958,0.19086827526018818,0.20884096103544564,0.20453065987598223,0.0
0.19854649116277992,0.2013566095280858,0.1908485085811421,0.2082212741539299,0.20102711657406233,0.0
0.20033094440482552,0.1992324175467048,0.18937436817619188,0.20808087374879033,0.20298139612348742,0.0
0.19977463535767026,0.20430030414368502,0.18876396824727057,0.20456298489616306,0.20259810735521094,0.0
0.19887610257185276,0.2004449177729725,0.18747129068857718,0.2078330074397083,0.2053746815268893,0.0
0.19947708154545585,0.20091153272672974,0.186802758849829,0.2053494165196868,0.20745921035829867,0.0
0.20017644392359663,0.2014306504261965,0.18533640294038503,0.2083613872124228,0.204695115497399,0.0
0.19466548623335372,0.20469230215815312,0.18796955035608925,0.20714384289087925,0.20552881836152467,0.0
0.19842574008512825,0.20214637116869041,0.18826229012507223,0.2066924986951735,0.20447309992593551,0.0
0.20110060422611065,0.19992872592732985,0.18678163761884642,0.20871257448588704,0.20347645774182604,0.0
0.1997386423543773,0.19996758203430395,0.19014694147951072,0.2095510896133612,0.20059574451844683,0.0
0.20235806690737776,0.19373024189673163,0.19134921399523958,0.2102820264169932,0.20228045078365794,0.0
0.19941907123802424,0.20094473445457842,0.18927402768713955,0.20932728648752374,0.20103488013273396,0.0
0.19773576938707438,0.20328175904831325,0.1859497361975575,0.20946280083163565,0.2035699345354191,0.0
0.20216270240358183,0.20073017467362775,0.19193507124463716,0.20566752818631587,0.19950452349183734,0.0
0.19914521297102583,0.19831071242320378,0.18698495094294437,0.21042771723885656,0.20513140642396946,0.0
0.19735010481293883,0.20300605585118497,0.18662381722456414,0.20752433472334456,0.20549568738796747,0.0
0.20323838639351852,0.20102707213182638,0.19022503988327766,0.20871012984825252,0.1967993717431249,0.0
0.19602154922274898,0.2009699244171337,0.18725744774294642,0.20855988271486736,0.2071911959023035,0.0
0.19646896243741307,0.20117954512566014,0.1905722326965061,0.2056979610129178,0.2060812987275029,0.0
0.19648824165585907,0.20063890101293724,0.1931537301274895,0.20871653349385336,0.20100259370986087,0.0
0.19837580306481062,0.2001955568817359,0.1901467800660082,0.20811274995228995,0.20316911003515528,0.0
0.19870684414271794,0.19724617445010992,0.1876716351996346,0.21009324041897948,0.20628210578855793,0.0
0.19774697074467457,0.19906919768873396,0.18853800458500425,0.20928787909577806,0.2053579478858092,0.0
0.1962591849391032,0.1989287202135556,0.19140707370725193,0.21120921457867378,0.20219580656141534,0.0
0.20486227311328373,0.20364258195143636,0.18943385271143462,0.2045850645173313,0.19747622770651407,0.0
0.19639652218972672,0.19165521481567124,0.1939043880010525,0.2134581750097844,0.20458569998376516,0.0
0.19761324427382856,0.19864008242878192,0.18547140234902623,0.21124473849413308,0.20703053245423006,0.0
0.19772153295641154,0.19838201018923443,0.19000939289541038,0.20856525204531348,0.20532181191363025,0.0
0.20059231667250882,0.1998300189642352,0.1895954168230522,0.2070886191050165,0.2028936284351873,0.0
0.19864015091030812,0.20154884217835883,0.18813876571462432,0.20826472898062431,0.20340751221608455,0.0
0.20077628743385995,0.20009482178277524,0.19500256040231573,0.20527556462774343,0.19885076575330574,0.0
0.19965167901521785,0.19982752874825518,0.1900621957512374,0.20924380724558922,0.20121478923970035,0.0
0.19582616792836458,0.19608925252743056,0.190766922238619,0.2092779357212226,0.2080397215843633,0.0
0.19848756409525029,0.19886324167041974,0.19091183097780584,0.20780963154396012,0.203927731712564,0.0
0.19788846946026534,0.19976667613425778,0.1854688121471485,0.21242849921006546,0.204447543048263,0.0
0.2022230695147192,0.19781022795544134,0.1922097660074375,0.20601440852948313,0.2017425279929188,0.0
0.20147626253540346,0.2025875839591693,0.18690052287688333,0.20901720970055293,0.20001842092799096,0.0
0.20091036740475784,0.1971691830889521,0.18614749102421932,0.20821980491943579,0.20755315356263498,0.0
0.1983765217597211,0.20360107719157425,0.185121989391904,0.20768220361897766,0.20521820803782295,0.0
0.19799196726533802,0.19523018442864015,0.20391318151690918,0.20181385738735103,0.2010508094017616,0.0
0.20447103020431553,0.200515060734111,0.18947345831840104,0.20620626127526126,0.19933418946791123,0.0
0.19183520020026965,0.21673623032392053,0.1898570245244987,0.20251642792719987,0.19905511702411124,0.0
0.1988075333770517,0.2044836839706057,0.18519064690752232,0.20893338722883736,0.20258474851598296,0.0
0.19530947572936852,0.2017471074893679,0.18907656457094174,0.21159925712616834,0.20226759508415357,0.0
0.19720706728446513,0.19917344116109403,0.18826513237651038,0.20816140791203544,0.20719295126589515,0.0
0.2017065834241111,0.2049088004979918,0.18999688675615722,0.20283482459112934,0.2005529047306105,0.0
0.1992552790588672,0.20463149277183393,0.18794879497001526,0.20529105400567302,0.20287337919361054,0.0
0.19726015034097938,0.1948663282863887,0.18908528137885655,0.2139348150737637,0.20485342492001177,0.0
0.19952193411065747,0.2008796349415133,0.1869712311912355,0.2083612712347559,0.20426592852183778,0.0
0.1959868015959877,0.201570736758165,0.1870511414100224,0.21147146885296145,0.20391985138286353,0.0
0.1999940342812427,0.20141295147561936,0.19012034123731608,0.2044809053437253,0.2039917676620965,0.0
0.20008209782387137,0.20244493223425106,0.185006304505653,0.20778687163441767,0.20467979380180693,0.0
0.19689267459251264,0.19422168213346747,0.19499537955264173,0.20848044693609838,0.2054098167852799,0.0
0.19824344297780633,0.20375179673884455,0.18711292278542543,0.20768845080329623,0.20320338669462745,0.0
0.1963960740362126,0.1948114982271049,0.20236739251252597,0.2062047281163619,0.20022030710779473,0.0
0.19845875666170174,0.20285222049139554,0.18712895682688827,0.20835125572602065,0.2032088102939938,0.0
0.1989871863376749,0.1949464102189766,0.1921664955883299,0.21215770055675798,0.2017422072982607,0.0
0.19730200391569097,0.20454495299200132,0.1849407459543969,0.2080813362911948,0.2051309608467159,0.0
0.19882764292122765,0.20404164697771773,0.1885962377832205,0.20513714212845044,0.20339733018938366,0.0
0.19809063723416417,0.20360138019814394,0.18643378144400147,0.2040177491359903,0.20785645198770017,0.0
0.19919349282310456,0.19844324684524156,0.19055684681173568,0.20952233419154087,0.20228407932837747,0.0
0.19813366663895265,0.20361427142400873,0.18748307309050133,0.2058521684718503,0.20491682037468695,0.0
0.2,0.2,0.2,0.2,0.2,0.0
0.19885579462277544,0.20618481663673036,0.18422322355072937,0.20674674790393652,0.2039894172858282,0.0
0.19811065733469546,0.20436055453284524,0.18643746442124054,0.20622073005550665,0.20487059365571206,0.0
0.196345509955837,0.20077402122847493,0.18911715827469908,0.20852068837498372,0.20524262216600517,0.0
0.19572666427356153,0.20146778934761694,0.18950792775750328,0.20958046034401798,0.2037171582773002,0.0
0.20069238096154138,0.19976589022668545,0.190696772115308,0.2080908635877775,0.20075409310868772,0.0
0.19799944740292172,0.19806905619911763,0.19022351974497828,0.21121272793775953,0.20249524871522284,0.0
0.19958718593381017,0.20472645802556158,0.18937095773479393,0.20647004723353382,0.19984535107230061,0.0
0.20016289135878704,0.2038731398276585,0.18617355664337948,0.20537786044495723,0.20441255172521774,0.0
0.1980355640091222,0.20444504312290945,0.18681100115501642,0.20799591138707216,0.20271248032587988,0.0
0.19794836242237504,0.19708140606969124,0.1937568839904488,0.2033365510643516,0.20787679645313334,0.0
0.20090610064063655,0.19942358222241988,0.18457771579225532,0.2105759450175634,0.20451665632712482,0.0
0.19744446962882087,0.19735526206432996,0.1885916852668111,0.21298699886842484,0.20362158417161322,0.0
0.20026006904626703,0.20006695244652573,0.1896729101033588,0.20594031354755718,0.2040597548562912,0.0
0.19990740605046434,0.1985842699058725,0.19083848337138035,0.20943437469457088,0.20123546597771205,0.0
0.19874231445798554,0.20467340380912327,0.18302840463672385,0.20861550200958484,0.20494037508658258,0.0
0.20179033839875962,0.20417461150919836,0.18532902842841817,0.20556141512470533,0.20314460653891842,0.0
0.19741518139194356,0.2010935865505886,0.18851076568425748,0.20906041207743956,0.2039200542957709,0.0
0.20141544344633253,0.19851498822189956,0.1841622262226078,0.2093870326534166,0.20652030945574346,0.0
0.20178381291978695,0.19908402264892136,0.1907828133247778,0.20729189615110205,0.20105745495541183,0.0
0.19809610368578673,0.20537286989755094,0.18871700823093007,0.20405063761325953,0.20376338057247265,0.0
0.19903043477016624,0.19998380884067546,0.18961831730420484,0.20711716434935964,0.20425027473559368,0.0
0.2013612559509187,0.1920632795271238,0.20543317867134062,0.20297407192517442,0.19816821392544257,0.0
0.20068474702721903,0.19986078652635184,0.1929657155357164,0.20715460074085176,0.19933415016986114,0.0
0.19744376599096677,0.20228271403496365,0.18652349846200245,0.2065530361002814,0.20719698541178583,0.0
0.19522169473295067,0.20097541398536595,0.18355563193518037,0.21023039031805318,0.21001686902844985,0.0
0.19880574659500266,0.20246328657808102,0.18737315723802755,0.20730179097110799,0.20405601861778072,0.0
0.1989687225167981,0.2019409806035315,0.18632992794889702,0.20746996998998485,0.20529039894078846,0.0
0.2006419784682168,0.1994942986544329,0.1909801877895341,0.20441620190851506,0.2044673331793011,0.0
0.19805444654713436,0.19855169322784838,0.18899405906625386,0.2070499749117729,0.20734982624699055,0.0
0.19922660604413509,0.20153814594643135,0.18669208274955962,0.2090695922049159,0.20347357305495803,0.0
0.19704297821588718,0.2032051467125971,0.18406235273124819,0.20904109791822736,0.20664842442204012,0.0
0.2007239992737144,0.19856582403605905,0.1872924463082203,0.20742453421020304,0.20599319617180328,0.0
0.19963749099119665,0.2025578588522929,0.18886677084535433,0.20538963192417742,0.20354824738697863,0.0
0.20030493018907197,0.1991861451638312,0.18901925667469693,0.20869760705845608,0.20279206091394375,0.0
0.20222397619944008,0.1989210567878179,0.187956958869873,0.20776477741468374,0.20313323072818518,0.0
0.2004465049501317,0.19775517491352834,0.18574650474417717,0.21064750681271238,0.20540430857945055,0.0
0.19567563356165577,0.20333261139748107,0.1851486438897658,0.21171541138357444,0.20412769976752296,0.0
0.19807353093266045,0.1944482086312867,0.19232967591475222,0.2050608257923676,0.21008775872893304,0.0
0.19878458821028977,0.20325950320384123,0.18710585280222228,0.20457841700798862,0.2062716387756582,0.0
0.1974348965611348,0.1968423235557593,0.19254371931469566,0.21072797282146674,0.2024510877469435,0.0
0.19696551513388072,0.201045437782375,0.1868244234800893,0.20982267964762571,0.20534194395602937,0.0
0.19653069008447827,0.1993038806174843,0.1845478146286451,0.21083302220677327,0.20878459246261896,0.0
0.20025286478508675,0.19798821895944427,0.18781230301517954,0.21229352511894745,0.20165308812134206,0.0
0.1996866970421706,0.19920711907325084,0.1909532803321985,0.20780225957466697,0.20235064397771318,0.0
0.19881095877092445,0.2011907926431808,0.1865417435132926,0.2068799198155124,0.20657658525708975,0.0
0.2002194718007823,0.2047275866479437,0.18261583713042542,0.20861070877706483,0.20382639564378374,0.0
0.19971859373481068,0.20199648087158018,0.1937158560214784,0.20488579710474944,0.1996832722673812,0.0
0.19747611720857847,0.19517106249965638,0.19138046693880667,0.2104279483391184,0.20554440501384014,0.0
0.20324885767843487,0.19978248645547822,0.1884059688513316,0.20826990745346796,0.2002927795612873,0.0
0.19982094107911236,0.1968563188803173,0.19186886879831633,0.20852836548516931,0.2029255057570848,0.0
0.1983253484075335,0.19896290564141333,0.18976238898960288,0.21058225394887586,0.20236710301257438,0.0
0.19740299239983677,0.20163417217757254,0.18906760834613776,0.20725437674327826,0.2046408503331747,0.0
0.19765749662246399,0.19990728668165894,0.19251760078042657,0.20716190788779124,0.20275570802765933,0.0
0.19906470106731294,0.1978958745967988,0.18976599507642886,0.20852674549140665,0.20474668376805252,0.0
0.20017527341721866,0.20425155540342602,0.18549444683088098,0.20929839303387734,0.20078033131459688,0.0
0.1996062546708129,0.200113160051939,0.18230109832211874,0.2076887377630288,0.2102907491921007,0.0
0.19769146778794863,0.20256829723785952,0.18519464455115955,0.20906565244182665,0.2054799379812056,0.0
0.2,0.2,0.2,0.2,0.2,0.0
0.1992800378789434,0.1989246869931694,0.18655785572618638,0.20855281728181704,0.20668460211988388,0.0
0.2003655432931703,0.19796318470122698,0.18821275014665495,0.21036342641974998,0.2030950954391978,0.0
0.2024343217337711,0.20279046979251644,0.19035746439531448,0.20449247533801182,0.19992526874038613,0.0
0.20094436451842648,0.1984352925499785,0.18892118320104356,0.2107146173775857,0.20098454235296567,0.0
0.20281899800903921,0.20123211448656658,0.18450095640420147,0.20648772648706273,0.20496020461313,0.0
0.1988399790866815,0.19895005341644653,0.19106782343797507,0.20973941537055715,0.20140272868833986,0.0
0.19942739057037503,0.19722094397178797,0.18603274168188527,0.20813830247549656,0.2091806213004551,0.0
0.19676397092455802,0.19624395848393442,0.1924189076409384,0.21050369651550307,0.20406946643506607,0.0
0.19664658666154705,0.202646848290213,0.19085741785507174,0.20735711029119214,0.20249203690197598,0.0
0.19932441140769286,0.19485669295363442,0.19004563280609416,0.21195756045183606,0.20381570238074245,0.0
0.20100580319865274,0.2016479502271373,0.18775317631750532,0.20665277762850848,0.20294029262819618,0.0
0.19728825830341304,0.20167473425662144,0.18762765241350454,0.20899758706717325,0.20441176795928775,0.0
0.19908989362179452,0.19843740548463337,0.18846830541426476,0.21101680785569848,0.20298758762360886,0.0
0.19905344728299681,0.2048264960993198,0.18665976332796105,0.2077135362939912,0.20174675699573116,0.0
0.19576688493349598,0.2060335701806759,0.18503561812679808,0.2053771846826758,0.2077867420763543,0.0
0.19981126341021907,0.19104309985863394,0.20496849621491525,0.20301098822280975,0.20116615229342188,0.0
0.20231363581360426,0.2022451135166208,0.1848939831040112,0.20626616626718272,0.2042811012985811,0.0
0.20054393781746982,0.19857507565326296,0.19167530376958872,0.2070829392314353,0.20212274352824322,0.0
0.19870886767869597,0.1981366595610474,0.1837570737005975,0.20874556918133227,0.21065182987832687,0.0
0.19905640171617758,0.20390244186105325,0.1859707235784813,0.2071871903778749,0.20388324246641293,0.0
0.19733697866660252,0.20260020288106004,0.18784579091378817,0.20892089237019185,0.20329613516835732,0.0
0.1999839661957808,0.19880110397251316,0.18596033229568631,0.21141376573006243,0.20384083180595725,0.0
0.19930014182356642,0.19778392547198675,0.19076470393180475,0.2085856742272559,0.20356555454538613,0.0
0.20147578859102583,0.2009247268301625,0.1861113235497986,0.2082161370607168,0.20327202396829633,0.0
0.20077241893932124,0.1975129900114415,0.19260954726255028,0.20768450039047454,0.20142054339621235,0.0
0.1952817174493073,0.20171282766726453,0.18966614842633103,0.2118586530575789,0.20148065339951834,0.0
0.19950666076163404,0.20077444713042492,0.19045909564485988,0.2072321156501771,0.202027680812904,0.0
0.196528702308785,0.20024387670936947,0.18552155735611783,0.21091249084844543,0.20679337277728227,0.0
0.20162775680917883,0.20018924412229516,0.18690297016002783,0.2080020911388915,0.20327793776960656,0.0
0.19854818950224015,0.19836023396671904,0.18499067147122183,0.21038882484196203,0.207712080217857,0.0
0.19796321121720836,0.19662662202166517,0.19310753968432187,0.2106375469293353,0.20166508014746928,0.0
0.1985539219246372,0.20014448911049101,0.18581501489879484,0.20979476949854625,0.20569180456753078,0.0
0.19643382530067943,0.1893396447039233,0.2062748646571627,0.2052228287773225,0.20272883656091198,0.0
0.19840156751005625,0.19980490024993655,0.19046554127817153,0.20765151621322334,0.20367647474861228,0.0
0.1977385591873455,0.2023203556883446,0.186870850815617,0.20798174737155223,0.2050884869371407,0.0
0.19680821955635283,0.1958218708252724,0.1989789024555954,0.20455182316768736,0.2038391839950919,0.0
0.20112497091410553,0.20489611463827934,0.18928410349816038,0.20719808844014867,0.197496722509306,0.0
0.19707772146341607,0.19527436430359077,0.19240959342062672,0.21035309653315176,0.2048852242792147,0.0
0.19874978457171874,0.20285363991411237,0.1918724836668524,0.20675998928315284,0.19976410256416366,0.0
0.2014721557946404,0.19734169913178767,0.18681995893474376,0.2092677718449963,0.20509841429383174,0.0
0.1972861509976541,0.197910881336173,0.18985262544497575,0.2089198429099607,0.20603049931123646,0.0
0.1995952202450909,0.20114362858038992,0.1907085515204455,0.20803831914402238,0.20051428051005135,0.0
0.19927377578955985,0.20267426411722078,0.18699120414156806,0.20802496739820908,0.20303578855344226,0.0
0.19852320132277276,0.20027354605070236,0.1860501975432159,0.21064720442642185,0.20450585065688714,0.0
0.19824509584343294,0.2017046521989885,0.18592375338341588,0.2099945306634293,0.20413196791073324,0.0
0.2006147565432907,0.19606056346211995,0.1956486791788818,0.20725245238567502,0.2004235484300325,0.0
0.20106570380059513,0.20095458699838997,0.1882070198137775,0.2070621149346995,0.2027105744525379,0.0
0.2013596097046191,0.19882913166359834,0.19241431328188896,0.20689120940001732,0.20050573594987625,0.0
0.1988978477279346,0.2022505982187242,0.18616198487768076,0.20712326787081856,0.2055663013048419,0.0
0.1968664704554691,0.20114709682212156,0.18710735691369965,0.21005799783776255,0.20482107797094717,0.0
0.19967219564895672,0.19949483992697986,0.1887921690622754,0.20909123846583139,0.20294955689595667,0.0
0.2002410760257206,0.20197764712423744,0.18808439229232662,0.20702922061121615,0.20266766394649907,0.0
0.19913911869653922,0.20402394078781444,0.1867741125954281,0.20672896409484334,0.20333386382537494,0.0
0.1965744365960995,0.19732242767418193,0.18865738926776465,0.20961802464417223,0.2078277218177816,0.0
0.20043138469817698,0.19906287402164485,0.1886504930259076,0.20749678229799356,0.20435846595627696,0.0
0.20089436526953663,0.19901588497402609,0.18757452036683495,0.20660218881397843,0.20591304057562382,0.0
0.20286870787506314,0.2044065738798947,0.18477212931043172,0.20610367107926789,0.20184891785534254,0.0
0.19852445417384096,0.2038137835754615,0.18833651751437006,0.2043558314466334,0.20496941328969404,0.0
0.2,0.2,0.2,0.2,0.2,0.0
0.1993197290268624,0.19891717246808752,0.1885337959775624,0.20727236911424088,0.20595693341324695,0.0
0.19862485695830545,0.19610078051832433,0.1887502305204542,0.20771375050949686,0.20881038149341916,0.0
0.1990136683894088,0.20034840220716918,0.19218937464061617,0.2069866732429323,0.2014618815198737,0.0
0.1971081719773169,0.19941071281579745,0.1922032564784923,0.21003934835898183,0.2012385103694114,0.0
0.1981286928118156,0.20263451319930628,0.18524423091416697,0.2071669093714133,0.20682565370329783,0.0
0.19593338928285867,0.20334990118960863,0.18768388879363396,0.21220987217603154,0.20082294855786706,0.0
0.19877593477752073,0.19865305616890108,0.1945006006569558,0.20819825410480197,0.19987215429182048,0.0
0.19920418579844132,0.20187629715843627,0.18587139154676333,0.20940779949247187,0.20364032600388723,0.0
0.19854716953095922,0.20283748098145066,0.18726654939940077,0.20582743772556478,0.20552136236262467,0.0
0.20412568392891603,0.20508020026256524,0.1873256412829483,0.20572179307907965,0.1977466814464908,0.0
0.1967201052104585,0.19095828127967276,0.20335733783854204,0.20776627277880966,0.20119800289251705,0.0
0.19964249728667832,0.19754801135455172,0.18604908637992498,0.2077685317343994,0.20899187324444563,0.0
0.2,0.2,0.2,0.2,0.2,0.0
0.19736577710035513,0.19490600196585434,0.19002686649682712,0.21060954214912536,0.207091812287838,0.0
0.19880984868666435,0.19862183577414166,0.19149805329393343,0.21194828695768994,0.19912197528757056,0.0
0.19961107417412877,0.20187528421223502,0.18712006538652387,0.20898850932472657,0.2024050669023857,0.0
0.20217128412073948,0.2021287589923024,0.19356802941464515,0.20181648341956826,0.20031544405274485,0.0
0.20052310253755365,0.20302587864449143,0.19164076856546966,0.20592776801096446,0.1988824822415209,0.0
0.19806474155426873,0.19407491574305996,0.19802277362892035,0.2056171599657443,0.2042204091080067,0.0
0.19890328549790673,0.19912624765321923,0.18523295621626829,0.20953602103079977,0.20720148960180598,0.0
0.20096959638358364,0.20472640369457754,0.18314462924887834,0.20836859442519892,0.2027907762477616,0.0
0.20049352693631217,0.19992565064734022,0.18636045883903937,0.20769988216897606,0.20552048140833226,0.0
0.1981565697965785,0.20535180632490924,0.1843102655895709,0.20829665526088878,0.2038847030280525,0.0
0.20075083887725534,0.20271392668157848,0.18273595910297918,0.20797562711777443,0.20582364822041258,0.0
0.1979606719925292,0.19891800520572442,0.18718702720996064,0.2090580001488764,0.20687629544290925,0.0
0.19727239589637097,0.20341393228615098,0.18291191710133198,0.20962274031101127,0.20677901440513485,0.0
0.19827706818988983,0.20181413637818615,0.18622919632057167,0.20666862659825347,0.2070109725130989,0.0
0.19876023983075838,0.20282481726341214,0.18479689766612684,0.20513707644325982,0.20848096879644284,0.0
0.20740649530751049,0.2041772977581543,0.19278344710348744,0.20176000333401994,0.19387275649682778,0.0
0.20124912424680916,0.19561693234542485,0.18952311243027634,0.21119148593329443,0.2024193450441954,0.0
0.19831719657489444,0.20040448060534494,0.1902926081161763,0.20765955535326322,0.20332615935032122,0.0
0.19777498979290717,0.20264506836298302,0.18418560884120191,0.2103177409109135,0.2050765920919944,0.0
0.19641490161486025,0.19308867781853484,0.1902555937232445,0.21139749485382436,0.20884333198953597,0.0
0.2,0.2,0.2,0.2,0.2,0.0
0.19889741276931241,0.20118941814324368,0.1865130662204777,0.20816397687410318,0.20523612599286303,0.0
0.19990306571228503,0.19773354468517731,0.1924820642018548,0.2092264392363578,0.20065488616432509,0.0
0.19741530835133675,0.19514437250669694,0.19535269746301254,0.20762829024883572,0.204459331430118,0.0
0.20570860480318792,0.201637234991986,0.19089155575868563,0.20178426484782452,0.19997833959831599,0.0
0.19837108774934983,0.19732073095873617,0.19274006001965185,0.20802157986610328,0.2035465414061589,0.0
0.19916567662634135,0.20012396986181963,0.19003335494837095,0.20581371638705945,0.20486328217640853,0.0
0.2,0.2,0.2,0.2,0.2,0.0
0.19739106960796746,0.2005129603677594,0.19008679945506418,0.20915867015604833,0.20285050041316066,0.0
0.20242606159816906,0.2014508842819823,0.18319273849225104,0.20995286862946638,0.2029774469981312,0.0
0.20122840673924974,0.1979174486226789,0.18834076354316637,0.2104103726478272,0.20210300844707776,0.0
0.19620811543459563,0.19908871456082264,0.1895973508805886,0.21108405976664552,0.20402175935734768,0.0
0.1987894131137528,0.20398243766692062,0.18432348368064763,0.20888910224866888,0.20401556329001008,0.0
0.19927290998614028,0.20087773241100643,0.182728173141336,0.2091690728898588,0.20795211157165852,0.0
0.2,0.2,0.2,0.2,0.2,0.0
0.19732405201104633,0.20384938929385546,0.18644232779523795,0.20853469603580013,0.20384953486406013,0.0
0.20176388426213757,0.19793339342670696,0.1883412787253858,0.20805047218711342,0.2039109713986562,0.0
0.20156229568838474,0.19777241771581722,0.19123472272919786,0.20783112940653314,0.20159943446006706,0.0
0.19831633009953492,0.19871130690284491,0.19017598585140832,0.2118977078924557,0.20089866925375607,0.0
0.19856839957428632,0.19827860036555983,0.1858343952796807,0.2090926443372019,0.2082259604432712,0.0
0.20227220383394695,0.2022895946567396,0.18904407768285006,0.20494549735176804,0.20144862647469544,0.0
0.2000281014339097,0.20405569153664405,0.18229323340975334,0.20787527257990107,0.20574770103979187,0.0
0.19906019993497792,0.1967195815681552,0.18937624464470132,0.2102220796381606,0.20462189421400498,0.0
0.198463900095178,0.20564256776215262,0.18864291277529702,0.20343412133743305,0.20381649802993929,0.0
0.20059389116397425,0.20354784488935576,0.18507374139856925,0.20716793037049583,0.2036165921776049,0.0
0.1970931273825744,0.20255075481243498,0.1856949025214609,0.21036661152643138,0.20429460375709832,0.0
0.2,0.2,0.2,0.2,0.2,0.0
0.19742256085198764,0.20138953749189142,0.18993216439803187,0.20778416240655562,0.20347157485153344,0.0
0.19764798740237205,0.20329601707096082,0.18651418178373552,0.20740554578682832,0.20513626795610335,0.0
0.19993658702809025,0.2010938882710598,0.18233067198206496,0.21078079072023914,0.2058580619985459,0.0
0.20121094874517106,0.19904035230245012,0.18906966331132286,0.20803227378955708,0.2026467618514989,0.0
0.198529694534784,0.20307540340126118,0.18662622283009667,0.2104167414475791,0.20135193778627902,0.0
0.20024744306713346,0.20236949251234068,0.1882729485032539,0.20762200915276297,0.201488106764509,0.0
0.20019824018613322,0.1987212791939034,0.1911567375527012,0.20935617813710397,0.2005675649301583,0.0
0.19590056634368155,0.20234192579217034,0.18993409210758064,0.209155649343343,0.2026677664132245,0.0
0.19539276967541158,0.20121132694986,0.18789931792318385,0.21317943983215923,0.20231714561938538,0.0
0.2010064874278818,0.20022112218937096,0.18756312613406018,0.20743108524967738,0.20377817899900966,0.0
0.19810533347006484,0.1998881726329949,0.1892964628643288,0.20793411490297786,0.2047759161296336,0.0
0.20063366073952854,0.19753674269028842,0.18755682865604503,0.21253320791562189,0.20173955999851606,0.0
0.19660975934512542,0.18684915494503176,0.20743592790515045,0.20751319280450137,0.20159196500019094,0.0
0.19732818549941905,0.20269032305805862,0.18894100711963477,0.20615371808402805,0.2048867662388595,0.0
0.1982233648196909,0.198084311585852,0.1892098233809299,0.20972919196778833,0.20475330824573884,0.0
0.1956945942620058,0.1977290920899875,0.18901009518049838,0.21107539394502461,0.20649082452248363,0.0
0.19909963778317638,0.20502604944060804,0.18438702840950075,0.20728752338280648,0.20419976098390835,0.0
0.1985026181326147,0.20258220353803733,0.1865722051983028,0.20785250951895423,0.20449046361209097,0.0
0.1994097280101932,0.19894792234090655,0.18713071028126502,0.2111481648513887,0.20336347451624645,0.0
0.19698516189599707,0.2032472793774822,0.18510985914618136,0.2088053705196384,0.20585232906070106,0.0
0.2,0.2,0.2,0.2,0.2,0.0
0.1997432119038304,0.19773119301322756,0.191721465185783,0.20832681371669332,0.20247731618046577,0.0
0.19682873480263594,0.19616221952355575,0.19158964568559456,0.21280431906069922,0.20261508092751462,0.0
0.20256628703937865,0.2008796655722381,0.18778741027996498,0.2052659237065551,0.20350071340186313,0.0
0.1990409035812088,0.20214532295755394,0.18717178208813676,0.2078947312461893,0.20374726012691124,0.0
0.19906813350470678,0.2056915580010139,0.1852126766815852,0.20674632448875616,0.20328130732393807,0.0
0.20002974203519708,0.20322719056987668,0.18417558961947997,0.2106729913224859,0.20189448645296043,0.0
0.19708442865223505,0.20093402942630947,0.1862968395368302,0.20608716301108534,0.20959753937353984,0.0
0.19916284717983068,0.19641851089274728,0.18847824165001026,0.2116872149177782,0.2042531853596337,0.0
0.20135218536666366,0.2036298974897245,0.18956334587785387,0.20620490903111519,0.19924966223464274,0.0
0.20004270322609286,0.20538223681166884,0.1839361732122689,0.20658696745949517,0.20405191929047414,0.0
0.2039586786265577,0.2030396767044804,0.18891291409051045,0.2038238930282239,0.20026483755022742,0.0
0.2007253006347198,0.20425164010606386,0.1884888002321272,0.20769517560629083,0.19883908342079823,0.0
0.19671626971025158,0.2010654334730273,0.18826900591422052,0.20925060908581603,0.20469868181668463,0.0
0.20131995175925452,0.20192722447434544,0.1895658446101701,0.20909890443591245,0.1980880747203176,0.0
0.19952066477458624,0.20468017984586498,0.18738625117516486,0.2063796533842354,0.20203325082014859,0.0
0.19808933881587162,0.20118845870586918,0.19075670400300146,0.20717970685372575,0.202785791621532,0.0
0.20034967607155602,0.1992415122537926,0.18547992682897252,0.20910750850766457,0.20582137633801434,0.0
0.19996493363309617,0.2046286191213049,0.18486739220240705,0.207044058778604,0.2034949962645879,0.0
0.19712359009302322,0.19532718818672098,0.2012390494037905,0.2062716021278096,0.20003857018865584,0.0
0.203522695502431,0.20219567828647225,0.18969335347358657,0.20630369341904745,0.19828457931846272,0.0
0.19715564359769336,0.1986564779403103,0.18853561610296923,0.20728539784997096,0.20836686450905617,0.0
0.2,0.2,0.2,0.2,0.2,0.0
0.19834760762914103,0.2033144423855862,0.18732991441524788,0.20610310058095596,0.20490493498906892,0.0
0.1992782278984487,0.20318759496631236,0.1876208285307605,0.20696197218760068,0.20295137641687772,0.0
0.1975325187476221,0.20109427448674572,0.18752440561206937,0.21458155726491618,0.19926724388864658,0.0
0.19918011799899812,0.20036322216144872,0.18968658065390168,0.20776072606395868,0.2030093531216928,0.0
0.19523430005642337,0.19301024272073977,0.19482472434585923,0.21067813084895998,0.2062526020280179,0.0
0.20178451869857955,0.20270346256566066,0.1866741303201419,0.20628975113063888,0.202548137284979,0.0
0.19833191135067788,0.20258755037999474,0.1878337594731379,0.20873114550054955,0.20251563329563987,0.0
0.1941065369107321,0.20448025904542294,0.187982381756632,0.20684916587372018,0.2065816564134929,0.0
0.2005784755299005,0.19756611138749133,0.1881247952651395,0.2085752921771896,0.2051553256402792,0.0
0.19854730800604023,0.20584909244387378,0.1838941088572312,0.20876364706770967,0.2029458436251452,0.0
0.194684358112155,0.2025131485896937,0.18846046423990476,0.21131956767404922,0.2030224613841973,0.0
0.19885521344940382,0.1998552619958829,0.1912761652259061,0.20745294622435756,0.2025604131044496,0.0
0.19780754733106945,0.20510447029933498,0.1835042417621141,0.20939971700552162,0.20418402360195975,0.0
0.1991565765621612,0.20625186210139318,0.18527534919118774,0.2052430600557874,0.20407315208947038,0.0
0.19994575819824256,0.19904184938979771,0.18943508252107055,0.20996696894309008,0.20161034094779914,0.0
0.19906108791497582,0.1997954847088986,0.18848244502774458,0.20860743408644888,0.20405354826193206,0.0
0.20112332025497306,0.20388877549116166,0.18959171153951473,0.20592218280930388,0.19947400990504663,0.0
0.19923817583850914,0.20279264493740284,0.1870285694475817,0.20718107404739852,0.20375953572910777,0.0
0.19979566722668918,0.1981741061285379,0.18962990912368416,0.21243149787049276,0.19996881965059612,0.0
0.20087794679839224,0.20647742691373508,0.18685049939208193,0.20445206283061226,0.2013420640651785,0.0
0.1996433105118784,0.20450359326557305,0.18549433503953022,0.2074153271261376,0.2029434340568807,0.0
0.19861842258194795,0.20469524323706045,0.18950188660302017,0.20511422936167323,0.2020702182162982,0.0
0.1981553198782083,0.20315776284570972,0.1862602507579089,0.2064134939645479,0.20601317255362517,0.0
0.19913875174819198,0.2023404184074292,0.1885202530660868,0.20788471971848135,0.20211585705981053,0.0
0.19730434641919184,0.19495453800502735,0.2124396936569338,0.19864662897262753,0.19665479294621954,0.0
0.19917812146421277,0.19939621042135003,0.19400487660931817,0.2087093026797881,0.19871148882533093,0.0
0.20168136526362782,0.20219623564127046,0.19522458844994933,0.19890240794689895,0.20199540269825353,0.0
0.19673877637069004,0.19644156857775347,0.1916841867909939,0.21155002895176472,0.2035854393087979,0.0
0.19705102730955884,0.20434119271326096,0.18440811713665778,0.2070545735454437,0.20714508929507874,0.0
0.1985549964165526,0.20454224478290156,0.1869738569916052,0.205223019923619,0.20470588188532168,0.0
0.19760069721852377,0.1969804834172131,0.18860832944193107,0.21081361679656244,0.20599687312576967,0.0
0.19865089563366012,0.20233189222729003,0.1890186999132057,0.205925365289722,0.20407314693612214,0.0
0.20076589229872294,0.20496717582725052,0.19017441177241887,0.20588507623418503,0.19820744386742267,0.0
0.19739902972219642,0.2000445411408997,0.19138434533679802,0.20834520615877322,0.2028268776413327,0.0
0.20250080817485747,0.20119572072476158,0.18852415961602642,0.2075026483326775,0.20027666315167697,0.0
0.20051654088968313,0.20358904308223938,0.18716313206793958,0.20608257924797554,0.20264870471216234,0.0
0.19693934411804048,0.19783454900817882,0.1944122243747587,0.20773826461566774,0.20307561788335415,0.0
0.19857858862742048,0.20511696566317736,0.18879104259768525,0.20669964273003882,0.20081376038167803,0.0
0.20048700111949935,0.19795674723625178,0.19058527651844653,0.20928512617028566,0.20168584895551664,0.0
0.19783805121318634,0.20036129976870476,0.19106005431120812,0.2057252905220101,0.20501530418489072,0.0
0.19785626578553828,0.20274795465775847,0.18712950005747897,0.21231736454997968,0.1999489149492446,0.0
0.19817396845143284,0.2052615052921738,0.18723030773709973,0.2077655658844291,0.20156865263486465,0.0
0.20066055174958186,0.19928575301646903,0.1894316564256431,0.2079592490682345,0.20266278974007154,0.0
0.19916227262648578,0.202234107233639,0.18557465789317465,0.20718159580412573,0.2058473664425748,0.0
0.19499212031232874,0.19871135898540612,0.19128640445773315,0.21352401277456007,0.2014861034699718,0.0
0.1988882939632083,0.2025079168188324,0.18907732552617088,0.20616984688742504,0.20335661680436334,0.0
0.19726979786816162,0.2001151487584951,0.18470624708657613,0.20829816206405752,0.20961064422270956,0.0
0.200067377462682,0.20182963321710756,0.18478731698725356,0.2119958810416904,0.20131979129126656,0.0
0.20015287966166945,0.20437393099795567,0.18851126245822816,0.20465879296683656,0.20230313391531027,0.0
0.19916253897374733,0.19864955649750893,0.18836763986440377,0.21105574665002966,0.20276451801431022,0.0
0.19897519596214125,0.19944461060322338,0.19135017857496103,0.2069990934585321,0.20323092140114216,0.0
0.20028075073782403,0.20164884682550893,0.18920299042173871,0.20583479754287334,0.20303261447205503,0.0
0.19978137642837976,0.20403591181447528,0.18756811104305735,0.20440498711543809,0.20420961359864953,0.0
0.19730898046501605,0.1975259460088529,0.18596119851762585,0.20819992065293214,0.21100395435557306,0.0
0.19821975175169015,0.20323932528977187,0.18723377468802122,0.20655647668459018,0.20475067158592652,0.0
0.20189472341567893,0.20152634198101363,0.18867461708795824,0.2041521184282055,0.2037521990871437,0.0
0.19875345913145565,0.20029916657869368,0.190291201449096,0.20852974819958942,0.20212642464116537,0.0
0.19878961495968359,0.20600747012920118,0.18750774184866909,0.20489658131947652,0.20279859174296977,0.0
0.19833960084438507,0.20132804281619776,0.18777510293360591,0.20899060893436608,0.2035666444714452,0.0
0.20080905563514015,0.19420328685055716,0.19001990877017458,0.21187381207933564,0.2030939366647924,0.0
0.1995159303506949,0.20330755598546224,0.18570313243698514,0.20658015509629415,0.20489322613056354,0.0
0.1995249650878457,0.20304418663552903,0.18539011493782337,0.20847752117704607,0.2035632121617559,0.0
0.1981675745818624,0.20161417595655604,0.18793748590464257,0.2086067215865164,0.20367404197042258,0.0
0.19795492136091536,0.19973414293307967,0.18740163220367065,0.21187046449242394,0.2030388390099102,0.0
0.20045923933677787,0.19960009317680133,0.18784964492566453,0.20783135348863,0.2042596690721262,0.0
0.20061449842422727,0.1994572095422415,0.18805430993518318,0.20722105884120895,0.20465292325713907,0.0
0.19875173932101386,0.19983373064702967,0.18752251789220442,0.20727259401071915,0.20661941812903287,0.0
0.2,0.2,0.2,0.2,0.2,0.0
0.20043950174512729,0.19796122819543963,0.18675718932840743,0.2121056363563294,0.2027364443746962,0.0
0.1996118560585426,0.19923953830677252,0.18639130416689198,0.2106638490486315,0.20409345241916158,0.0
0.19868571392459938,0.20294890054113177,0.18866756063344514,0.20911466964559172,0.20058315525523188,0.0
0.19901582637806492,0.20389285829495413,0.18854221653711534,0.20669641292832516,0.2018526858615405,0.0
0.2010829946844996,0.1983992765445135,0.19635401120248955,0.19770388857370205,0.20645982899479534,0.0
0.19802986780489235,0.20397151196596303,0.18464299860332603,0.20637552090499717,0.20698010072082146,0.0
0.19846205331405828,0.20464721938281377,0.18559823637434292,0.20833115747860073,0.20296133345018438,0.0
0.19866516779513502,0.19710191111192754,0.19330817240278778,0.20857481288164978,0.20234993580849994,0.0
0.20089174969201581,0.1991594262810967,0.19027577628725537,0.2075114535110774,0.20216159422855476,0.0
0.1985389948982539,0.1982774660981577,0.19001504973289426,0.2107767320880635,0.20239175718263072,0.0
0.19547388624318898,0.1912398958120701,0.1996107752716106,0.2114366583996452,0.2022387842734851,0.0
0.20096454400967015,0.19844981177680948,0.18911854781874804,0.20899534553544918,0.20247175085932315,0.0
0.20099541577644273,0.19964405386949696,0.18695014453622721,0.2092904987499093,0.20311988706792372,0.0
0.19960607173950473,0.19815042820178327,0.18599615734000766,0.2092412902791761,0.2070060524395282,0.0
0.196768716655036,0.19363977733042803,0.19690840391793535,0.20734019149489585,0.2053429106017047,0.0
0.19738422892217317,0.19490082439443887,0.19196077411581683,0.21152200870157656,0.20423216386599458,0.0
0.1977712912779139,0.2006730391499194,0.18661719656008166,0.20810187928998988,0.20683659372209523,0.0
0.19837905813129747,0.1982912375637424,0.19069627336860745,0.21032865269264853,0.20230477824370416,0.0
0.19746249324948587,0.19900595014125888,0.19042002712608658,0.21280687383758434,0.2003046556455844,0.0
0.2001782812745557,0.20237528918487432,0.18651896997265516,0.20693565581591464,0.20399180375200016,0.0
0.19919489610288788,0.20685362316252537,0.18606050235998783,0.20566522307715568,0.20222575529744324,0.0
0.19740668024270167,0.20467071257413164,0.18635965621252068,0.20928628013883607,0.20227667083180986,0.0
0.19942575187764044,0.20106159309797086,0.1863169614873578,0.20971092388377086,0.20348476965326015,0.0
0.202371636773362,0.20357695958068242,0.1907594703316894,0.2072281547637488,0.1960637785505174,0.0
0.200994714792167,0.20105669884523314,0.19088663864961827,0.20415588930435435,0.20290605840862733,0.0
0.19981152799294197,0.19961526276350455,0.19156662474731861,0.20559885213188656,0.2034077323643482,0.0
0.20223469983856793,0.20532169600239664,0.18556293470910432,0.2053654638199618,0.20151520562996933,0.0
0.19952903466870414,0.20306194739643468,0.18578196444158102,0.20744684149351367,0.2041802119997665,0.0
0.19885826581051658,0.1998057106502014,0.1896534710909962,0.20773563694248412,0.20394691550580174,0.0
0.20007463474790332,0.20078542531571986,0.18474356052706792,0.207618482277501,0.20677789713180783,0.0
0.19749351826930392,0.20056798598991524,0.18724590503692182,0.2072366314505236,0.20745595925333551,0.0
0.20129454915551795,0.19791383259384512,0.18467816694909842,0.21066261382331003,0.20545083747822862,0.0
0.19759552762085686,0.20324613945069853,0.18733534890926754,0.21007830510383604,0.20174467891534112,0.0
0.20044740572939862,0.20301109360807332,0.1826137999177153,0.20870662666810127,0.20522107407671147,0.0
0.19966982901088373,0.20409080161628843,0.18634122283238105,0.20545514805660103,0.2044429984838458,0.0
0.19873828728859147,0.19997375262318692,0.1873480774636065,0.2100254210927441,0.203914461531871,0.0
0.20026562534751088,0.2019274603003651,0.1843894724928783,0.21058898307419915,0.2028284587850465,0.0
0.20395523643053656,0.20182014223527198,0.19155130034711285,0.2036006309377241,0.19907269004935457,0.0
0.19654511658174126,0.20408875841762547,0.1842321914985064,0.21003711463632815,0.20509681886579875,0.0
0.19353274829330663,0.19332903312050964,0.19592297722772858,0.21293548252825403,0.20427975883020114,0.0
0.19931567325381735,0.19747299159714454,0.1850185775046852,0.21127530079590434,0.20691745684844862,0.0
0.20027150785101175,0.20336050274298742,0.18526001751329677,0.21089524962955242,0.20021272226315165,0.0
0.19984359963458762,0.19500792688731552,0.1904683076084704,0.21024800215963027,0.20443216370999623,0.0
0.20007234856992193,0.20141874976521534,0.1884481534109968,0.20457985615232932,0.20548089210153664,0.0
0.19716111435828534,0.20330143680166965,0.18625769256373972,0.2079080938311355,0.20537166244516977,0.0
0.19772036546047006,0.2008502948293558,0.18914538813116025,0.20787423113287015,0.20440972044614378,0.0
0.198629550926351,0.19988367847952943,0.18652239518411867,0.20760306991388194,0.20736130549611906,0.0
0.20094966673685805,0.1976161191419787,0.19117991042708132,0.20820294958073343,0.20205135411334849,0.0
0.20008317232970318,0.1987220078250781,0.1894251293151328,0.20966594873224187,0.20210374179784388,0.0
0.19906602692993947,0.2027851824699613,0.19030740527459172,0.20517328932751625,0.2026680959979913,0.0
0.19717359138870338,0.19854054452458322,0.190434502251184,0.2071473328384887,0.20670402899704077,0.0
0.2,0.2,0.2,0.2,0.2,0.0
0.19864265685974497,0.19250406900491995,0.2007560212921743,0.20288302103023206,0.2052142318129286,0.0
0.19647270284239288,0.19900830030114272,0.18699838310456007,0.2112019280285267,0.20631868572337753,0.0
0.1995162159647692,0.20504873706431764,0.18904059262507464,0.2060027347621148,0.20039171958372368,0.0
0.19958128524808216,0.20088463207145663,0.188735338818661,0.20615710921908034,0.2046416346427197,0.0
0.19773719947358392,0.20293486148339202,0.18442748658978877,0.20786331591542886,0.2070371365378063,0.0
0.19823709971677161,0.20569152609334904,0.1862788314052346,0.20627021237383847,0.20352233041080614,0.0
0.19907351302810553,0.20238112852682463,0.18905222937443528,0.21081112194858892,0.1986820071220456,0.0
0.19932639514036202,0.204695309072173,0.18782121246672578,0.20554955744575096,0.20260752587498815,0.0
0.19933209346870093,0.2065004445567674,0.1809969574227934,0.20715004679129456,0.20602045776044373,0.0
0.199018883629413,0.20511297339626458,0.188457330335046,0.20557110188587124,0.20183971075340526,0.0
0.1971757623173098,0.2021361306127505,0.18898122664280978,0.2102831486780117,0.20142373174911812,0.0
0.19834788119593275,0.197358591885216,0.18955739985526682,0.2099889587023348,0.2047471683612497,0.0
0.19871332267794964,0.19675336847514785,0.2063301413785302,0.20050218670282058,0.19770098076555168,0.0
0.19539815277394423,0.1947747601865038,0.19174820289060454,0.21159493440417967,0.2064839497447679,0.0
0.20230149113263163,0.20042505648996287,0.1864129070080785,0.21018586835691094,0.20067467701241606,0.0
0.19489026753349584,0.19688736069870288,0.1909418359758971,0.21053483100089748,0.20674570479100676,0.0
0.19878031326525253,0.2003077126240544,0.19043224542619794,0.20680127274974136,0.20367845593475375,0.0
0.19895628394210152,0.2048513427247822,0.18744973085268823,0.20577597213618853,0.20296667034423957,0.0
0.20006483850067566,0.2014328619585737,0.1851985420565856,0.2086624643936484,0.20464129309051682,0.0
0.19994907168031315,0.201180916352575,0.18380331720253665,0.21214581203398955,0.20292088273058567,0.0
0.20040446341009452,0.20286570725587058,0.18947312894313362,0.2065176140707764,0.2007390863201249,0.0
0.19889886020720987,0.2037132908654288,0.1881025322450372,0.2036894425128917,0.2055958741694324,0.0
0.19768150095504866,0.20122672484591375,0.1882642099398611,0.20888810349489362,0.20393946076428282,0.0
0.19999683966755705,0.20024410118862224,0.18270518482593703,0.20850975164265695,0.2085441226752267,0.0
0.19979568483028062,0.20388801487799985,0.1876403261710672,0.20983316655442297,0.19884280756622938,0.0
0.1982846615609879,0.19768056676256324,0.1900873615397049,0.2136454156054663,0.20030199453127764,0.0
0.2015721648548553,0.1996904453329736,0.18578027922104734,0.2069459136261292,0.20601119696499456,0.0
0.20107674627259495,0.20386031550015296,0.18592582186169665,0.20708609781685475,0.2020510185487007,0.0
0.2041532961197364,0.20369422333351422,0.19002152913218903,0.2049305045704288,0.19720044684413157,0.0
0.1977306043709631,0.20288941034753813,0.18536887320342357,0.21064680231664745,0.2033643097614278,0.0
0.19999045034409557,0.20240884915462534,0.18660472467924952,0.21056371317603434,0.20043226264599523,0.0
0.19753338488068548,0.2051421682756542,0.186673495186058,0.20690424989447972,0.2037467017631227,0.0
0.20156023474147378,0.20019875048462157,0.1885078270169609,0.20934888230130855,0.20038430545563518,0.0
0.19594198276926517,0.20203552574726064,0.1876493654268993,0.20863058080060629,0.20574254525596855,0.0
0.19956890683168194,0.20404543084560148,0.18781924254684207,0.20572314250609733,0.2028432772697772,0.0
0.1960292624103247,0.20155036804526058,0.18918501869786902,0.2111361363910545,0.20209921445549117,0.0
0.19772096960213922,0.203882944209165,0.18630329519514194,0.20631468436512496,0.20577810662842888,0.0
0.19887641497824132,0.20141855702724623,0.1898312855788255,0.20527016336602977,0.20460357904965712,0.0
0.20172438563695114,0.20258188990348583,0.1885420931249736,0.20644618558572106,0.20070544574886837,0.0
0.19913635852795727,0.20045323695747505,0.18246901723280123,0.21099202149479201,0.20694936578697434,0.0
0.2012405192127163,0.2003568664698865,0.18780231350838364,0.21024354028364403,0.20035676052536955,0.0
0.1983261122969728,0.1965929950761017,0.19030165275423727,0.2116120655632649,0.20316717430942333,0.0
0.1960088678505936,0.19264920969498223,0.2054623267985561,0.205913204512052,0.19996639114381612,0.0
0.19768412623922021,0.20569435310356707,0.1840952135818576,0.20741945654164948,0.20510685053370578,0.0
0.1986837849330827,0.19452089888320293,0.1884568937433678,0.21138348270626575,0.2069549397340808,0.0
0.19582048036670113,0.1923394870274288,0.19433274403253584,0.21205979393641347,0.2054474946369208,0.0
0.20098162277139828,0.202103409338099,0.1837723978603404,0.20942661319996594,0.20371595683019633,0.0
0.2006836196501134,0.19909176477824567,0.1910725737636318,0.20801603812819722,0.20113600367981185,0.0
0.20015683825544742,0.20160090688672444,0.1886355573206728,0.2073879894635326,0.20221870807362266,0.0
0.19872885598165804,0.20100896101496815,0.18513994856531923,0.20883429344863708,0.20628794098941738,0.0
0.20210284768554881,0.20099035487622055,0.1816747983245349,0.21197920941704984,0.203252789696646,0.0
0.19717084902673562,0.1998329489580811,0.18586104757869587,0.20700882696774905,0.21012632746873838,0.0
0.1980343939411103,0.2011431244905537,0.18981625018766385,0.20845553165223718,0.20255069972843506,0.0
0.1956423704649457,0.19892031773375884,0.1877523648214661,0.21018681405470777,0.20749813292512154,0.0
0.19532224290272993,0.20448682210504573,0.21022444990083608,0.192468709106939,0.19749777598444915,0.0
0.19736369626446157,0.19513689425420758,0.19104350474282425,0.20997520353835103,0.20648070120015552,0.0
0.19751551259349673,0.20017836647286222,0.188987111348995,0.20813016863872996,0.20518884094591622,0.0
0.20068723937932906,0.20045893708627055,0.19207866989284644,0.20595466959722356,0.20082048404433042,0.0
0.19923833897400994,0.1983175061529575,0.18650260874327515,0.2087657589018446,0.20717578722791286,0.0
0.19936432662410095,0.19492097760202276,0.1918136700248269,0.21084740373733124,0.20305362201171803,0.0
0.19905263001366505,0.20076474626928503,0.18586137173430886,0.20760209590134832,0.20671915608139285,0.0
0.19895938104631647,0.19849599464121928,0.18963146822065158,0.21060969797445953,0.2023034581173532,0.0
0.19916330461023277,0.19797974246735844,0.19292124071318,0.2083051525945446,0.20163055961468415,0.0
0.19940549390803794,0.204231294579156,0.18641784883593826,0.2099195064256764,0.20002585625119143,0.0
0.19967772221318184,0.19802921952873911,0.18960261178934423,0.20908801906874844,0.20360242739998646,0.0
0.1991208391503761,0.20172708936285974,0.18561676270558872,0.21002314624778778,0.20351216253338758,0.0
0.19891096059739288,0.20264194952935893,0.18969859156020571,0.20742143014896655,0.2013270681640759,0.0
0.2,0.2,0.2,0.2,0.2,0.0
0.19890490139037417,0.20331573540774317,0.1880158146431991,0.2058052851217752,0.20395826343690837,0.0
0.20155016434133802,0.20367304442606202,0.18243272549066464,0.20894000645849062,0.20340405928344482,0.0
0.20259701541342237,0.20066813827062885,0.19355502834116542,0.20359124396825912,0.1995885740065241,0.0
0.2,0.2,0.2,0.2,0.2,0.0
0.19887934491467282,0.20045236798094987,0.1865493356340127,0.21256622776677003,0.20155272370359462,0.0
0.19830988808122585,0.200425876486236,0.186629439710953,0.2093194270651448,0.20531536865644032,0.0
0.19750372461476315,0.20051457820160573,0.1889898673784313,0.20975517033685842,0.20323665946834144,0.0
0.198122627064876,0.20209255426719458,0.18822111517404766,0.20522365977314463,0.20634004372073705,0.0
0.20141668620707484,0.19503616427973774,0.19132076258180394,0.20925452332674724,0.20297186360463626,0.0
0.19753448249031547,0.20328108494645905,0.1847632501204693,0.21147897270084276,0.20294220974191343,0.0
0.1979997297150262,0.20395004205741524,0.186221053856543,0.20711105569197397,0.20471811867904174,0.0
0.1993667787009386,0.19751928962696638,0.18833730630222645,0.20754148859204988,0.20723513677781866,0.0
0.1963581640426217,0.19158396183084903,0.20506434830314918,0.20522112312126095,0.20177240270211927,0.0
0.2029388849236727,0.20192475680548744,0.19267518792129895,0.20349705446730332,0.19896411588223753,0.0
0.19891690964998918,0.19631270975694978,0.1874319175265057,0.21013927747104524,0.20719918559551,0.0
0.1980554705069194,0.199207249571716,0.18719116588219564,0.2095790279124492,0.20596708612671982,0.0
0.1984342926487442,0.1951279376982951,0.19345807356537342,0.20854849166922296,0.20443120441836435,0.0
0.20090803581399952,0.1994959924093546,0.18879505124287455,0.20939638862575097,0.2014045319080203,0.0
0.19804746235810977,0.19691142285166555,0.20311781439716328,0.20275537498768992,0.19916792540537137,0.0
0.20059028711995147,0.1951958737020784,0.1898648832560022,0.211299194014985,0.20304976190698287,0.0
0.1998724431569309,0.1968917208342599,0.19375395474028265,0.20784133192561524,0.20164054934291123,0.0
0.1991050700789191,0.1980051794483861,0.19068413655690017,0.21047996879703015,0.2017256451187646,0.0
0.19835575911797557,0.20365702114589815,0.18545636063793058,0.20630480459061035,0.20622605450758538,0.0
0.20056700164684124,0.20344066374834474,0.18689951799463364,0.20381711590016346,0.20527570071001694,0.0
0.20035714952104894,0.20195924058706294,0.18889608261273425,0.20591233499967265,0.2028751922794813,0.0
0.1971630758484186,0.18642857974522636,0.20822813621722333,0.20650723675327795,0.20167297143585378,0.0
0.19983674800923915,0.20083575001386839,0.18695085962650684,0.2115173736213323,0.20085926872905333,0.0
0.19927310209044255,0.20222119036056233,0.1819838992830956,0.210548235491808,0.20597357277409142,0.0
0.20033456967557642,0.20384003490028677,0.18702568963073965,0.20587278654782384,0.20292691924557327,0.0
0.19941063992452787,0.20367636506457426,0.18657732463529547,0.20732580626065591,0.20300986411494637,0.0
0.19833005139774199,0.20072274394546122,0.1908043232743315,0.20911753458431817,0.2010253467981471,0.0
0.1982633978030072,0.1972928675632059,0.18788191622536118,0.21161141796052318,0.2049504004479027,0.0
0.19471525352027946,0.19671239616374092,0.19184942441880773,0.21037200380378082,0.2063509220933911,0.0
0.20041242953016358,0.20153357576991862,0.18708342483442927,0.208283143074396,0.20268742679109247,0.0
0.19722474448367328,0.2043042437789099,0.18806499114801145,0.20830231774759353,0.2021037028418117,0.0
0.19992665909189497,0.20156856436142576,0.18748484815129954,0.20769738734438942,0.20332254105099037,0.0
0.19976609997018993,0.19821081126803805,0.1853771867588149,0.20988863580534223,0.20675726619761484,0.0
0.20278928303410332,0.20528325166893568,0.18615960325854922,0.20768268284939542,0.19808517918901625,0.0
0.1983536005290643,0.20171765620831575,0.18893160572657605,0.2076539380805279,0.20334319945551593,0.0
0.20110839849618942,0.2021021181031334,0.18353647515414673,0.20731394647336057,0.20593906177316987,0.0
0.20100397673145545,0.2048261300691573,0.18688470075715152,0.2054541998562195,0.20183099258601628,0.0
0.19958929012496907,0.20273252649826096,0.18941089732176455,0.2082176131088234,0.20004967294618214,0.0
0.19726243785973524,0.2055429536917393,0.1872411627748193,0.20926405903614204,0.20068938663756417,0.0
0.20006312139114116,0.2015238386008132,0.19024762871362053,0.20508345416267382,0.20308195713175134,0.0
0.20288831375579638,0.19947309584034714,0.19080971458304707,0.20495094346378787,0.20187793235702164,0.0
0.2012956389757602,0.2070217121431529,0.18627339491948633,0.20588900343056832,0.19952025053103226,0.0
0.2002615065297832,0.19988369494672115,0.18340081684696835,0.21069360907745233,0.20576037259907481,0.0
0.1984381826345866,0.20404908052244716,0.18996873251839683,0.20353085434247511,0.20401314998209436,0.0
0.2,0.2,0.2,0.2,0.2,0.0
0.19924140747397565,0.1978073063819679,0.1915189109632763,0.20782813000427372,0.20360424517650644,0.0
0.19987515371783077,0.2040467863289421,0.18463417973833704,0.2084068593895797,0.20303702082531036,0.0
0.19639652218972672,0.19165521481567124,0.1939043880010525,0.2134581750097844,0.20458569998376516,0.0
0.19786892336513084,0.19890129865068168,0.18813152739285113,0.20964138869581686,0.20545686189551957,0.0
0.19649238694684573,0.19251059142197563,0.19337067152307996,0.21132508785999865,0.20630126224810014,0.0
0.196666183915224,0.20397267523125018,0.1871293048471332,0.20698546032107953,0.20524637568531315,0.0
0.20096084313777265,0.20406876296105714,0.1903706789506466,0.20388174252761795,0.20071797242290573,0.0
0.19853318682982163,0.205190807604884,0.18527930262726025,0.20836430493593167,0.20263239800210248,0.0
0.2003439693745987,0.19716272501665144,0.18879668734733743,0.2099970924237393,0.20369952583767312,0.0
0.19975269400789966,0.19869083582587604,0.1910377094822972,0.20780397020004304,0.2027147904838841,0.0
0.1997976104239208,0.20077364087968086,0.18767100907083067,0.20872533172893326,0.2030324078966344,0.0
0.20349114267477825,0.2047949853132402,0.18685206888474165,0.2065174412132682,0.19834436191397173,0.0
0.19761352744476723,0.19626582637686643,0.18764343062890285,0.21228710078935037,0.20619011476011323,0.0
0.19831081217569743,0.205551363423639,0.18686796980851392,0.2071009963694808,0.20216885822266897,0.0
0.19879459126905896,0.20197856333042333,0.18890070254884717,0.2088307419032341,0.20149540094843635,0.0
0.20054952754650202,0.19950748020321912,0.1878880204789191,0.21071097660135749,0.20134399517000245,0.0
0.19802159715492787,0.20533249932760328,0.18208289329521776,0.20895013247923439,0.2056128777430167,0.0
0.19872585809363758,0.20142832100128166,0.18580778742284168,0.21113147491654355,0.20290655856569556,0.0
0.19916030165813114,0.20533852630483931,0.1876966820584218,0.20459269375902706,0.2032117962195808,0.0
0.19755758566421988,0.2008826674246714,0.18639835454229284,0.20876185176299125,0.2063995406058247,0.0
0.19999671242944533,0.20339564261961204,0.1863878906154898,0.20881199405412193,0.20140776028133095,0.0
0.19903006192364442,0.20818518376111883,0.1812034946258284,0.20773944548185097,0.20384181420755745,0.0
0.1972762456302013,0.2003760032316773,0.19052029730599584,0.20937244663452081,0.20245500719760473,0.0
0.2003858504187106,0.20469302128357628,0.18434241139483876,0.2071202024832925,0.20345851441958185,0.0
0.19499642256718705,0.18878736986412462,0.20571552317827718,0.20815800637716794,0.20234267801324318,0.0
0.20322892057949313,0.2013577560907094,0.18649726159145175,0.20558905056165214,0.20332701117669358,0.0
0.20206898119951652,0.20033614485045298,0.18707250721938973,0.20931321350628865,0.20120915322435215,0.0
0.20285280643102707,0.2016609466131364,0.18720681195048228,0.20677301617348584,0.20150641883186832,0.0
0.19687196933357323,0.1986284933771757,0.1855022208801267,0.21179694357496318,0.20720037283416126,0.0
0.1991073217876104,0.19852500314060753,0.19276146566299265,0.20622880937059687,0.2033774000381925,0.0
0.19971415596589467,0.20792619563613424,0.18615798295624705,0.20854115581048857,0.1976605096312355,0.0
0.20025131188822767,0.20514535174667356,0.18233952582717217,0.20920573245420962,0.20305807808371698,0.0
0.19796940814867053,0.18610801604331756,0.20840936879488636,0.20677135549642792,0.20074185151669763,0.0
0.19947053612258503,0.2039176164667706,0.1888344251239393,0.20497614694039992,0.20280127534630502,0.0
0.20008803947394913,0.19868724312829084,0.1919956698303446,0.208209824059968,0.20101922350744744,0.0
0.19694882893999296,0.20313986860793204,0.18638957837406794,0.2111010206193041,0.20242070345870297,0.0
0.2,0.2,0.2,0.2,0.2,0.0
0.19722443831707587,0.20155909354203255,0.1862043973835217,0.20910660863179295,0.20590546212557692,0.0
0.19897095698623646,0.20322089516755562,0.18666363147431322,0.2089682956827141,0.20217622068918054,0.0
0.19963478293322273,0.19510368243027468,0.18779822328828916,0.21177788886375812,0.20568542248445534,0.0
0.19796335200378057,0.19809455347250934,0.18836635901977775,0.2089722495071247,0.20660348599680772,0.0
0.2007657902769744,0.2009539740202198,0.19174036223550806,0.20677057611256233,0.19976929735473542,0.0
0.19718731646042068,0.20682053085191915,0.18442216564093655,0.2072824011610542,0.2042875858856694,0.0
0.1973599582290726,0.20158142896341774,0.1901410743470059,0.20816977356878127,0.20274776489172244,0.0
0.197703104982424,0.1992555027610312,0.1861229136469675,0.20792760863425988,0.2089908699753175,0.0
0.1947692084087035,0.19067949479493648,0.20162096148278397,0.20824137577672364,0.2046889595368524,0.0
0.19999681389539978,0.19679663987259788,0.1890514316018346,0.21055202870053752,0.20360308592963025,0.0
0.1958936058611463,0.1978454535637078,0.18863168627217233,0.21117475246383563,0.2064545018391379,0.0
0.20073680161825141,0.2037142259293153,0.18762451077929143,0.20860167390258386,0.1993227877705581,0.0
0.19954398947438354,0.2022380193274207,0.1852092753831212,0.20725860739180516,0.2057501084232693,0.0
0.19852800785781644,0.1972440186106059,0.18757774808180147,0.2078894761520638,0.20876074929771254,0.0
0.19885579428343206,0.20536284697672474,0.1880415940379181,0.20411725729111638,0.20362250741080867,0.0
0.19809022317711752,0.1971773128417413,0.18886359944845932,0.21230773926681024,0.20356112526587164,0.0
0.20161353385593064,0.19796787035089475,0.18874041125484078,0.20989763642607315,0.20178054811226057,0.0
0.19936520851651812,0.2040228117707166,0.18874009316704243,0.2039897407285832,0.2038821458171397,0.0
0.19899618263196708,0.1997290919063778,0.19111806134492468,0.20892853606353454,0.20122812805319593,0.0
0.2010644566404314,0.2050642226320998,0.184866804527177,0.20670551525223382,0.20229900094805792,0.0
0.2005096562072896,0.19644967281807063,0.18981973347930037,0.20918604548262568,0.20403489201271383,0.0
0.19692105209585148,0.19830659894926347,0.1914515010459311,0.20941622043497557,0.2039046274739784,0.0
0.200179975628143,0.20227086502470656,0.18292460126977206,0.2086419764628752,0.20598258161450328,0.0
0.19822378915443187,0.20049035218372646,0.18836253803753283,0.2113209387849133,0.20160238183939566,0.0
0.20023402659200948,0.19913827050915414,0.18776117653142801,0.21044749780360458,0.20241902856380384,0.0
0.19972102301638178,0.2024201128318147,0.1875290599777721,0.2075778160001379,0.20275198817389362,0.0
0.19778147789718145,0.2050618841420863,0.18404880757231326,0.20871945518639293,0.2043883752020262,0.0
0.19926093167867548,0.20470391245848282,0.1872430778027741,0.20585308940243605,0.20293898865763155,0.0
0.2009601020200752,0.19929779840367265,0.1856401037772452,0.2073970018118214,0.2067049939871856,0.0
0.19774017222484855,0.19798449334749438,0.1908555450525507,0.20897023496245712,0.20444955441264928,0.0
0.19970273851552847,0.20366027106385134,0.18478796834627906,0.20815924804052327,0.20368977403381786,0.0
0.19684229024987215,0.1979484056743646,0.19112280964154535,0.21038621942630625,0.2037002750079117,0.0
0.1957058386089219,0.1953401884036413,0.1914147024250351,0.2108775767698913,0.20666169379251031,0.0
0.20176793617096123,0.20051928141502245,0.1859908995890162,0.21173319779253127,0.1999886850324689,0.0
0.19872503464525812,0.20350025029016128,0.1858351776449262,0.20717686980090616,0.2047626676187482,0.0
0.2021467449992167,0.20241220472542212,0.18611553324645835,0.2082789065358199,0.20104661049308287,0.0
0.19739285463885245,0.20220588956582008,0.18470367819898628,0.20776975139016662,0.20792782620617453,0.0
0.2027619487618926,0.20111326615835623,0.1848325904711967,0.20672467699121652,0.20456751761733782,0.0
0.19745944727705692,0.19611631908846677,0.18858229940408575,0.21269120590745655,0.205150728322934,0.0
0.19958408401818528,0.201104262143519,0.18175091112363323,0.21219108752096166,0.20536965519370085,0.0
0.19757973289266775,0.20090826481059967,0.18774405627133917,0.21073603604229854,0.20303190998309487,0.0
0.19992747771202413,0.20355473322461007,0.1890498627820174,0.20736240537542258,0.20010552090592582,0.0
0.20223631119934546,0.197444469902,0.19252858641369303,0.20688593787113121,0.20090469461383031,0.0
0.1980501638666693,0.20251355644412372,0.1866595474205901,0.20761372953426876,0.20516300273434812,0.0
0.1991002300542952,0.20356291978767185,0.186036685566024,0.2085917417681106,0.2027084228238984,0.0
0.19882446353307626,0.2003361467211721,0.19076900385857715,0.20843769152776867,0.20163269435940578,0.0
0.19696965523562388,0.1937635346205444,0.19652939536479277,0.20673945137423919,0.20599796340479984,0.0
0.1998947312671951,0.20483911301469862,0.18418450366545644,0.20714502803346557,0.20393662401918417,0.0
0.19964482652590548,0.19746430765445316,0.185492036619621,0.2115417347104129,0.20585709448960757,0.0
0.19957975177741827,0.2058013364479675,0.18806909161633426,0.20416131376404417,0.20238850639423572,0.0
0.19732253406470385,0.19900260191057284,0.19076820851372986,0.2104768231369822,0.20242983237401127,0.0
0.2013528628690489,0.20146531391590705,0.1868470143899892,0.20790495041923368,0.20242985840582117,0.0
0.1985837231214597,0.20176348509792205,0.18554376717280915,0.20924868493360096,0.20486033967420827,0.0
0.19946422149091506,0.20272576610278106,0.18957833267816893,0.20792657880869359,0.20030510091944118,0.0
0.20036828689649433,0.19840875984775597,0.1876091485698813,0.20825832240132994,0.20535548228453848,0.0
0.20566838629564158,0.2053252915768996,0.19314520163208285,0.19951588942664517,0.19634523106873086,0.0
0.19833947681203754,0.20552535669024366,0.186927313446382,0.20623951372191748,0.20296833932941938,0.0
0.19836134230435465,0.20046281254600198,0.18680186224039627,0.21077732444256303,0.20359665846668398,0.0
0.19829077055909156,0.1989668530897224,0.1883287183108518,0.21056847205473225,0.20384518598560197,0.0
0.19875213133249592,0.20194945910355475,0.18603673668143036,0.2104188592402728,0.20284281364224627,0.0
0.19909405547536368,0.20076519249128483,0.18782438390720843,0.20911771929147616,0.20319864883466676,0.0
0.19720593668543251,0.19813536711147622,0.19034761840686,0.20954685242333967,0.20476422537289155,0.0
0.19852320720267963,0.20244818275497395,0.1861801144275365,0.20734003772844461,0.20550845788636526,0.0
0.19834931769923547,0.20514849653809644,0.18312897490309488,0.20860546125474685,0.2047677496048264,0.0
0.19748754841746882,0.1942390731835915,0.18881644060506295,0.21119789920319376,0.20825903859068282,0.0
0.19629123619232958,0.19693048523405637,0.1903398691834966,0.21036532086156262,0.20607308852855488,0.0
0.19727415429798686,0.20309658904593822,0.18370153201285994,0.20921827775240734,0.2067094468908077,0.0
0.19844182255695306,0.20404517718046591,0.1867210687714561,0.20554683879399163,0.2052450926971333,0.0
0.19968315620676264,0.2034115333074125,0.18655037818191894,0.20857851182231196,0.2017764204815939,0.0
0.19973295220454018,0.20135800113561667,0.18780999277517058,0.20759288198291764,0.20350617190175493,0.0
0.20099337848668575,0.2045599146139296,0.1870610579500585,0.20622047264781335,0.20116517630151273,0.0
0.1987827569097951,0.20256869859377305,0.18349410002187352,0.20921910555985382,0.20593533891470447,0.0
0.19971224333538767,0.20317095725755444,0.1865430706497996,0.2052020906405191,0.20537163811673914,0.0
0.1995711274967311,0.20024117280461198,0.20167847196123417,0.19948797564711462,0.19902125209030824,0.0
0.19865855336814273,0.19882292668274967,0.1903321273516835,0.21020834962529844,0.2019780429721257,0.0
0.19757979529606348,0.19958749565779565,0.19075617846917747,0.20656989192222172,0.20550663865474167,0.0
0.19938499643995522,0.20059952426974043,0.18365089910715865,0.20929225458167997,0.20707232560146577,0.0
0.19966311573815645,0.20104340056917114,0.19024702776616148,0.2102040078619168,0.19884244806459409,0.0
0.1996270259454363,0.2000873103739917,0.18766220838175876,0.20676209290736544,0.20586136239144773,0.0
0.200959968339501,0.20539922384448714,0.1816656995123489,0.20711185307519367,0.20486325522846932,0.0
0.19927863780495453,0.201552013391548,0.18878409414460987,0.20816961992493532,0.20221563473395243,0.0
0.19789438490428907,0.1995390381361653,0.18994708614021094,0.20917545967017576,0.20344403114915893,0.0
0.19759017551697,0.20097389157770656,0.18812929210917126,0.2065176554147334,0.2067889853814188,0.0
0.20085558525900954,0.20444823782698393,0.18452488390939614,0.2066768786334834,0.20349441437112692,0.0
0.19748448460133913,0.1953908932074248,0.19089206970771253,0.20902765263458317,0.20720489984894028,0.0
0.20000909125849434,0.20548683412302587,0.1856067535096864,0.20717884402942005,0.2017184770793735,0.0
0.1982118138337452,0.20031137566403368,0.18566343441875416,0.21223134036130378,0.2035820357221633,0.0
0.2013234340308874,0.19878026317143563,0.1881475473052071,0.20867542561785637,0.2030733298746134,0.0
0.19996130056520395,0.1947896861283287,0.19095191674524495,0.21097919172870117,0.20331790483252127,0.0
0.19791687698880897,0.20214724230197023,0.1855129725492678,0.20887555856687978,0.20554734959307322,0.0
0.19834986094768142,0.201771483521938,0.18369466767345435,0.21016971904971607,0.20601426880721027,0.0
0.19887277974877407,0.19799123371581473,0.18541498756588803,0.20927081722437826,0.2084501817451449,0.0
0.19963577488526105,0.19977634333973374,0.18468541274250172,0.20929428309185963,0.206608185940644,0.0
0.19879695317143592,0.2025320343109447,0.18588426439935382,0.21006675915839518,0.20271998895987048,0.0
0.20098360468931575,0.20223975096527477,0.1919489218798535,0.20629411349972435,0.19853360896583175,0.0
0.19925229949385959,0.20461015560393195,0.18926426009199113,0.20464006598869391,0.20223321882152348,0.0
0.1957423881961636,0.2009184541340621,0.18921407387242115,0.21113183513106973,0.2029932486662835,0.0
0.19899354145860126,0.2018765262044034,0.18625451046579103,0.20735037766440753,0.20552504420679685,0.0
0.1977695377819939,0.20294738335147763,0.18981389241234825,0.20890854705500067,0.20056063939917945,0.0
0.2,0.2,0.2,0.2,0.2,0.0
0.1984281725718835,0.20156703591512867,0.18931383351832598,0.20628712572704255,0.20440383226761913,0.0
0.19869529697372781,0.20348409279297414,0.18851483908155967,0.2072249937277617,0.20208077742397682,0.0
0.19780475007966303,0.19953378449747408,0.18944788625689804,0.20941506636064713,0.20379851280531777,0.0
0.19840432136400418,0.20350527143401162,0.1866840936012279,0.20795714336003668,0.20344917024071962,0.0
0.20027952738196828,0.19829456796084008,0.18795519755682866,0.20673489930251088,0.2067358077978521,0.0
0.199344109405917,0.20434350786282943,0.1871392246699691,0.20488160235587158,0.204291555705413,0.0
0.20025217797512282,0.20273074007216493,0.1881193475808583,0.207692031596214,0.20120570277564,0.0
0.19865156898140535,0.2038698008304146,0.1909212142522799,0.20570072650993854,0.2008566894259617,0.0
0.19815916741076742,0.20413594589977307,0.18818594809979944,0.20565421296298095,0.20386472562667918,0.0
0.19962838865422836,0.20561398372785952,0.1848295066820604,0.20572835780986498,0.20419976312598667,0.0
0.19936893812750273,0.20346721688667319,0.18612867693886523,0.20697945853784783,0.2040557095091111,0.0
0.19960136127096098,0.20361011289377337,0.18581807994993924,0.2066560079173043,0.2043144379680221,0.0
0.2013230737722483,0.19802156294636006,0.191839148219691,0.20891009078022751,0.19990612428147309,0.0
0.2030021521540153,0.20353127159378842,0.1902208804072416,0.2034607334721149,0.19978496237283985,0.0
0.19629141483837242,0.1961758642345264,0.19244886095240119,0.21197625636511397,0.20310760360958596,0.0
0.19976683008160154,0.20737247134286854,0.18308750740298227,0.20755170313740998,0.20222148803513765,0.0
0.19561105183312835,0.1941642068561853,0.19300803047310996,0.21125111438042612,0.2059655964571502,0.0
0.19802732451459318,0.2049343543333761,0.18385372252126908,0.20810150770190497,0.20508309092885663,0.0
0.20138568027190012,0.1917160439377772,0.2045564663411789,0.20387688477665558,0.19846492467248816,0.0
0.19777710058163034,0.20408557755661536,0.18838121233334457,0.20750937498741862,0.20224673454099112,0.0
0.20001423232215035,0.20031842952240472,0.1858079595427647,0.20732910433181298,0.20653027428086743,0.0
0.19822348453424285,0.1993426667932225,0.1924740128642015,0.20879415870568707,0.20116567710264613,0.0
0.19871724197152169,0.20147169088694716,0.18798432448755914,0.21081067224423083,0.20101607040974112,0.0
0.1997038250095978,0.19744052647082813,0.18675441738852677,0.21422146448849108,0.20187976664255627,0.0
0.19824415885636043,0.20280426374736826,0.1888222161582193,0.2073086242408825,0.20282073699716952,0.0
0.19937326117814239,0.2001782252631645,0.18907771781882723,0.20897946145122015,0.20239133428864564,0.0
0.20090166844679977,0.20183882505181827,0.18414325212291954,0.2113549583496779,0.20176129602878454,0.0
0.20103788758898616,0.20053128927440703,0.18816175619980566,0.20800065175576996,0.20226841518103125,0.0
0.1988147816942903,0.20482033647355927,0.1878382052704297,0.20654310294125686,0.20198357362046387,0.0
0.19813479094135442,0.1959289830948565,0.18849017487299113,0.21005078902588697,0.207395262064911,0.0
0.19884709637397385,0.2045197971304992,0.1878438656945669,0.2059908598456047,0.20279838095535552,0.0
0.19646560303311122,0.19959015879920766,0.18705494230677333,0.20802310208924366,0.2088661937716642,0.0
0.19840619769175544,0.19733199715375233,0.19034880849013558,0.21349343242373894,0.20041956424061763,0.0
0.20168995840674334,0.20089873750578344,0.18960315174033865,0.2071206461281615,0.20068750621897324,0.0
0.1991013969594535,0.2052927120653767,0.18822159571837946,0.20391332310231544,0.203470972154475,0.0
0.19880621571522925,0.1993360045766282,0.185535922968055,0.2089317209668281,0.20739013577325952,0.0
0.19943400326237404,0.20358033998848893,0.18696286406228899,0.2070988573271091,0.20292393535973902,0.0
0.19833576182566193,0.2031649405723566,0.18797165621208753,0.20696038844288256,0.20356725294701136,0.0
0.1989739536749641,0.20234250978158677,0.18766350687779979,0.209556313863461,0.2014637158021884,0.0
0.197136223866408,0.20121998196082716,0.18319579776562775,0.21021161906517044,0.20823637734196668,0.0
0.20242940154083164,0.2047570423431446,0.18522797679297023,0.20630955521104402,0.2012760241120096,0.0
0.19965562633976383,0.20100812665614165,0.18950248579578746,0.20641529483755752,0.2034184663707495,0.0
0.2092304963504187,0.2039528450245909,0.19012175875345713,0.2019719943437543,0.1947229055277791,0.0
0.19582467466473846,0.19864971310078813,0.1913236262820271,0.2105634785857825,0.20363850736666392,0.0
0.20040658958570837,0.1991388557370446,0.18704693499943328,0.21061617730220542,0.20279144237560828,0.0
0.20210691917669227,0.2008119091968035,0.1904720724618676,0.2082295692619966,0.1983795299026401,0.0
0.19740818808342162,0.20706783120186303,0.18401861565184047,0.20569379102176905,0.20581157404110595,0.0
0.19824565686146395,0.20228210657824847,0.19042521328846462,0.2058665632692833,0.20318046000253967,0.0
0.20153020301215058,0.20439151484112053,0.1887611326395971,0.20622330135641853,0.19909384815071324,0.0
0.19754671091212225,0.1943870364953986,0.19006113573939004,0.21216148138855007,0.20584363546453918,0.0
0.20226871356661252,0.20312222536655755,0.1931588487978767,0.2029779994890958,0.1984722127798573,0.0
0.19927917348829952,0.20211726472876893,0.19051296412126476,0.2055065604375307,0.2025840372241362,0.0
0.19872891968677628,0.1988344750587471,0.1904000416483148,0.20855940505056497,0.20347715855559667,0.0
0.1996844103075233,0.2035517648471009,0.1850745258103851,0.20725072463263372,0.2044385744023569,0.0
0.19760619931006934,0.18955586303770913,0.20474564811724572,0.20787116811455192,0.2002211214204239,0.0
0.19722490938862403,0.1960736094013511,0.20358139161096186,0.20240182511648327,0.2007182644825797,0.0
0.19725152706341173,0.20431276749975227,0.18697065714012603,0.21034220381513394,0.2011228444815759,0.0
0.1958576743424188,0.1986583623707212,0.1925708744684876,0.20949198287723508,0.20342110594113724,0.0
0.19856266223017008,0.20276819001651233,0.1884386514504686,0.20900253432268504,0.20122796198016402,0.0
0.19813075849462966,0.20078966074906496,0.18828803126955104,0.20741130926018642,0.20538024022656784,0.0
0.2030730014206778,0.20728214464189548,0.1869959972459431,0.20536995083069925,0.19727890586078445,0.0
0.19929655214345432,0.1986153365937378,0.18931330873627805,0.2094905216281474,0.20328428089838238,0.0
0.20196383116015393,0.2051191507677036,0.18582056205195266,0.2084334091035541,0.19866304691663578,0.0
0.20062106822424805,0.20113601016702545,0.19230841170911822,0.19988999123047094,0.2060445186691374,0.0
0.19944186319716586,0.201091363530782,0.1837206487095369,0.20894309774457767,0.2068030268179375,0.0
0.19672265792204316,0.1950464672178022,0.19331909558373,0.21145083747438342,0.20346094180204127,0.0
0.1975584591418591,0.19869896831653572,0.18949754268163388,0.21019424476654366,0.2040507850934277,0.0
0.19934681810229343,0.20181887760274247,0.18778663194495634,0.20775248142556887,0.20329519092443898,0.0
0.2009542810922262,0.19812788413274018,0.18430582896554953,0.20916531399049276,0.20744669181899142,0.0
0.19847710715415035,0.19830114844615598,0.18993462078822718,0.207373298415818,0.20591382519564858,0.0
0.19896455963979412,0.20201236791676855,0.19033350273888233,0.2092648437907436,0.19942472591381136,0.0
0.19857179249700577,0.19814626675335287,0.19660788691623557,0.20603665286350725,0.20063740096989843,0.0
0.19825186242756332,0.20196554231778735,0.18892886061506248,0.2081696589032485,0.20268407573633843,0.0
0.198176634222808,0.19829374734851507,0.1926589963235623,0.20592793449171395,0.2049426876134007,0.0
0.20136839765598666,0.19746200692677898,0.18924342233408484,0.20972944907877816,0.20219672400437116,0.0
0.19835937387683672,0.19657005756760965,0.1927198526613081,0.2114698565523821,0.2008808593418635,0.0
0.19918878309966856,0.2017558162496568,0.18548630064521893,0.20774391552159457,0.20582518448386108,0.0
0.19893560770416818,0.20254900995282268,0.18276470736574427,0.21087637115588448,0.20487430382138033,0.0
0.200534185734492,0.19945573256476806,0.19123287067153474,0.2078276183740346,0.20094959265517057,0.0
0.20011317089934808,0.2013484886613582,0.18574479622847792,0.20817441463545847,0.20461912957535744,0.0
0.19992368489150963,0.20590608122562343,0.18584637264506035,0.20647018939459005,0.20185367184321648,0.0
0.19926827657405868,0.20471136863341025,0.18978984798798987,0.2036419890365992,0.20258851776794196,0.0
0.20382715822674816,0.20468601779407747,0.192436826816237,0.20070883883864343,0.19834115832429397,0.0
0.1990002148002851,0.20211977292064393,0.1836551022879731,0.20965306526746716,0.20557184472363071,0.0
0.1973228361749583,0.2006834433904619,0.18436788401066778,0.21007841655653753,0.20754741986737463,0.0
0.20092416738177188,0.20025357430252488,0.18799400069352845,0.2051203350809944,0.20570792254118045,0.0
0.19760509429884832,0.20003605415539544,0.19030226010524545,0.20960313877809716,0.2024534526624137,0.0
0.20153280104567667,0.20260423317740023,0.1867260521475809,0.20777365567380662,0.2013632579555356,0.0
0.20110300906061512,0.20416903851420914,0.18760639843764507,0.2062168783498408,0.20090467563768982,0.0
0.1979492002694308,0.20007537651718826,0.18655500723964558,0.21118835423906843,0.20423206173466696,0.0
0.1962487569475483,0.19990544430100857,0.19122645540434155,0.21037499672229043,0.2022443466248112,0.0
0.19859994362481823,0.19997119401747152,0.18593640709379863,0.20762574378859613,0.2078667114753154,0.0
0.19913072239900378,0.20166018977195252,0.18742618472997677,0.20679769692892866,0.20498520617013827,0.0
0.19996964610406834,0.2050851008415444,0.18639001960739515,0.20507793602839258,0.20347729741859968,0.0
0.20151278182701737,0.2000705119129528,0.18462680844613527,0.21041359409544683,0.20337630371844773,0.0
0.20022821458496312,0.19822935737804576,0.18899862464383926,0.20794641935293776,0.20459738404021413,0.0
0.20009459229553417,0.20324493234668922,0.1884527581572741,0.20661191915638713,0.20159579804411526,0.0
0.19916523080937074,0.19970441049736662,0.18874239511838306,0.20912270041598036,0.2032652631588992,0.0
0.20025654534036794,0.1995251954437809,0.18626662080067996,0.21222498903232365,0.20172664938284768,0.0
0.19995217140809252,0.20640012786419326,0.18501253769087694,0.2074899740831337,0.20114518895370365,0.0
0.1983359878140153,0.19663098292515213,0.19051269024675227,0.21024869959418344,0.20427163941989693,0.0
0.1983925396896214,0.20545176759424877,0.1847718747877899,0.20852238217779304,0.20286143575054696,0.0
0.19896415894702815,0.2025225801724565,0.1867860161494264,0.206521681417791,0.2052055633132979,0.0
0.19802397822311368,0.20233069613746454,0.1897062186553284,0.2052167472356379,0.2047223597484554,0.0
0.19893770410044118,0.20517658267743355,0.1889327275102228,0.20415670787066692,0.20279627784123563,0.0
0.19784042747235478,0.20055927698992773,0.18854559943172383,0.21132043402285683,0.20173426208313672,0.0
0.19781944494463782,0.19975998191978972,0.18915182493485203,0.20614253793729062,0.20712621026342978,0.0
0.19841345667179827,0.19941444053403684,0.19394289939929713,0.2059325488694224,0.20229665452544535,0.0
0.1988704142777067,0.20563007299956232,0.1823074440095772,0.20577444388582547,0.20741762482732834,0.0
0.19962584816438217,0.20300940480221538,0.1844449660979725,0.20645219689759592,0.206467584037834,0.0
0.19912038577322896,0.20570680886861764,0.18717919935134683,0.20460846687458492,0.20338513913222164,0.0
0.19493032300164562,0.1945901759899967,0.19484121248002353,0.2099991755213758,0.20563911300695822,0.0
0.19788907698186653,0.19772410509498534,0.186365170744318,0.20971768653081943,0.2083039606480107,0.0
0.19826988417162625,0.2058356037420202,0.1853928807591008,0.20757072153099174,0.202930909796261,0.0
0.19959657815608267,0.19416201908090275,0.1906063071826772,0.2122147856549532,0.2034203099253842,0.0
0.19975852130405333,0.20560200556186867,0.187991340972544,0.20393842412231084,0.2027097080392231,0.0
0.20317401222556533,0.20176499140240858,0.18859209826795348,0.20649333605268358,0.19997556205138897,0.0
0.1986400773774704,0.20093764799164626,0.1864655855016286,0.21089331221461738,0.20306337691463747,0.0
0.19646735082709124,0.20458958945904,0.1875775310144153,0.20753269564246637,0.20383283305698705,0.0
0.19848334155475483,0.19863284950690538,0.18958392863476256,0.2089778761106552,0.20432200419292212,0.0
0.19919188378057381,0.1997230610192042,0.18645212451373822,0.21209846615871233,0.2025344645277715,0.0
0.19625166414339718,0.20114762978959194,0.18510844638071328,0.2108089544824898,0.20668330520380782,0.0
0.2,0.2,0.2,0.2,0.2,0.0
0.19698207121878386,0.19496251084879784,0.19459365160037592,0.2076549909258151,0.20580677540622722,0.0
0.19685760716230974,0.20446003816052674,0.18902775258073054,0.2075343716066836,0.20212023048974942,0.0
0.1993661724040437,0.2017423436971848,0.18702714966558,0.2061540610124725,0.2057102732207189,0.0
0.19867857866936717,0.20141650096040392,0.18407439182444396,0.2078722280086959,0.20795830053708908,0.0
0.20214708344638593,0.20473755717540168,0.18656015249324637,0.20503284429289131,0.20152236259207465,0.0
0.20108556401147504,0.20127579502496162,0.18680667837138978,0.2053209457689245,0.205511016823249,0.0
0.1992107054475203,0.201588153673276,0.18919051590921526,0.20713595386800654,0.20287467110198198,0.0
0.19882022600893604,0.20286408554355526,0.1859914654238979,0.20943005084136895,0.20289417218224196,0.0
0.19985473966365339,0.2037004384037946,0.1842674121071396,0.20758560635962642,0.2045918034657859,0.0
0.19818392887214828,0.20180848407174115,0.1867697913676297,0.20629285884887893,0.20694493683960194,0.0
0.19567644531844303,0.19802836155328338,0.19459339495918618,0.20803706072220798,0.20366473744687946,0.0
0.1979065750884802,0.20302184611743643,0.18391360351855746,0.21130271879530915,0.20385525648021682,0.0
0.20175512768022266,0.2032020524512803,0.1873355902356929,0.20737003472678328,0.20033719490602095,0.0
0.19800805764515045,0.19419045880931074,0.19255404903818688,0.2112650171890008,0.20398241731835115,0.0
0.19887532577942038,0.20089707838823012,0.1856946965413963,0.21045058621384127,0.20408231307711192,0.0
0.20068887947876551,0.20276187301776513,0.18643450810664947,0.20623315524917915,0.20388158414764077,0.0
0.19619412277174908,0.2006629360179713,0.18629041458426712,0.21013873135012942,0.20671379527588313,0.0
0.1959429838422193,0.20568632692362096,0.18634083676639304,0.20695536514243745,0.20507448732532918,0.0
0.20006822476223163,0.20207326941673928,0.18489764778474188,0.20859084112991838,0.20437001690636877,0.0
0.1977161466765273,0.19962740883766647,0.18666742617794654,0.2109778790004114,0.20501113930744813,0.0
0.1988184482907183,0.20127757592598472,0.1858053650086386,0.20776259229304192,0.2063360184816165,0.0
0.19868361433784365,0.19687673466347017,0.19244642808200227,0.20943473103445023,0.20255849188223357,0.0
0.20126104510886678,0.20380655428015393,0.188507061868766,0.20763942056760315,0.19878591817461017,0.0
0.2001451893455332,0.20159438681391723,0.18869632753163862,0.20696373271349552,0.2026003635954155,0.0
0.19872385796178924,0.20316868494416496,0.18394696678476924,0.20924570887886543,0.20491478143041117,0.0
0.19642422344514443,0.20018794837813855,0.18977481533047705,0.2091620027550167,0.20445101009122327,0.0
0.19888662937588258,0.2025068176672961,0.1874013504491115,0.20659878976812523,0.20460641273958466,0.0
0.19862571756961456,0.204069169003016,0.18684733140795662,0.20803645544692645,0.20242132657248638,0.0
0.19926323012334418,0.2014203466741807,0.18753199705772056,0.20782567995840304,0.2039587461863515,0.0
0.19652023407828587,0.19755509930024048,0.18816794853859142,0.211446366530809,0.20631035155207342,0.0
0.20225190488152303,0.20086264129368137,0.18607078036815608,0.21139691748902714,0.19941775596761235,0.0
0.19807581042738368,0.20543375416890639,0.18425455104761745,0.2078924804249723,0.2043434039311202,0.0
0.20011795447198655,0.20651980387905072,0.18550611328633992,0.20543026790250302,0.20242586046011982,0.0
0.19911345405823447,0.2063762906349294,0.18802809102610765,0.20401773241823862,0.20246443186248972,0.0
0.19870131363208374,0.20572741999961788,0.1862498894514737,0.2047241219228953,0.20459725499392936,0.0
0.1997509091530724,0.20314576370139314,0.18747253004425748,0.2090607388195248,0.20057005828175223,0.0
0.1981760560217853,0.1998286720653933,0.18625568838546,0.2139793632023272,0.2017602203250342,0.0
0.19567025782548156,0.2001954547391294,0.1874846682175234,0.21233817612829037,0.20431144308957525,0.0
0.19675276341689205,0.205449935258252,0.18628901431862832,0.20774942636442165,0.20375886064180587,0.0
0.2010836437929023,0.20450327277223013,0.18320306640782788,0.207500970254436,0.20370904677260365,0.0
0.1993124493042766,0.203994605361817,0.18741317353924428,0.20637710072280224,0.20290267107185986,0.0
0.1978165931633023,0.19659915157786131,0.1917814341997856,0.21013622756462721,0.20366659349442365,0.0
0.19666228910991582,0.20482581960339805,0.18639465361066188,0.21041718820181035,0.20170004947421377,0.0
0.197589517031972,0.19813442721237587,0.19344062025945058,0.2071076016806129,0.20372783381558857,0.0
0.2005470441411514,0.20172864237643548,0.18665774185212464,0.2071292180648411,0.2039373535654474,0.0
0.1974300399030705,0.20010116573905382,0.18867044808774303,0.206498403925645,0.20729994234448754,0.0
0.1993064869002605,0.20367530282781615,0.1860209941091426,0.20811757700040642,0.20287963916237436,0.0
0.19619455735491653,0.20107055192430667,0.18645107411673542,0.2098988235240108,0.20638499308003055,0.0
0.20114737974509161,0.19941920166089247,0.19190927186013093,0.2049022646910896,0.20262188204279544,0.0
0.20045956443238502,0.20222554290334024,0.19011587284468132,0.20092099063151583,0.20627802918807767,0.0
0.19568912703170582,0.19433484142719745,0.19373784749191234,0.2106080453752427,0.20563013867394173,0.0
0.19857983197909335,0.19511863107308192,0.1875216828060814,0.21072965549655673,0.20805019864518656,0.0
0.19996288340212134,0.19771184069244915,0.20103637193183402,0.20280325504033705,0.19848564893325849,0.0
0.20023950336453397,0.20490334862332593,0.18879614353144777,0.20539235536066797,0.2006686491200243,0.0
0.19652483245500213,0.2023618639944816,0.18802274582393616,0.2088170410042999,0.2042735167222801,0.0
0.19644831202575444,0.19436187962799614,0.19193564787722794,0.21247874791758717,0.20477541255143425,0.0
0.20091344364352043,0.19920191717336538,0.18947979100957643,0.20665450873620234,0.20375033943733534,0.0
0.20064730448785348,0.20411856971281236,0.18555260925449932,0.20661445063359532,0.20306706591123952,0.0
0.20027334127198804,0.20352397493315996,0.1854342025629387,0.2073343104181076,0.20343417081380583,0.0
0.20060920567948803,0.20042673318515306,0.18054510861857562,0.2072072317288527,0.21121172078793046,0.0
0.1983807933235853,0.20548521459791294,0.18761797930687912,0.2065332005902635,0.20198281218135913,0.0
0.19776081510701185,0.192944413919315,0.2046500715594644,0.20492141026647018,0.1997232891477387,0.0
0.19614118379554352,0.20252778166468896,0.18734851161751917,0.2092074918483849,0.20477503107386336,0.0
0.20039846032555256,0.20021637593460723,0.18947180306314942,0.20390521775329615,0.20600814292339464,0.0
0.19839529424034474,0.1986437234051476,0.18976355394816216,0.20717907026637916,0.20601835813996625,0.0
0.1986093780058335,0.19770896512904781,0.19057524739512754,0.21018775952977206,0.20291864994021902,0.0
0.20093494415510793,0.19742411102951027,0.19141657440012294,0.20659888159022588,0.20362548882503287,0.0
0.19904680720890286,0.2053917801706387,0.1854511364090303,0.2058004188816992,0.20430985732972898,0.0
0.20029082714009058,0.2055231666343784,0.18435084936984322,0.20779924135895636,0.20203591549673142,0.0
0.19726929454164033,0.20484310340073286,0.18633125426362374,0.20762935339298164,0.2039269944010215,0.0
0.19819950661032665,0.20122520859688184,0.18491260753904523,0.20918993374991968,0.2064727435038266,0.0
0.19919342818863692,0.19705289505960455,0.18800673803752357,0.2101351068794492,0.20561183183478576,0.0
0.19936354764192765,0.1978593965251276,0.19009209015131454,0.21035798330270158,0.2023269823789287,0.0
0.1997908385606194,0.2024988855113123,0.18633589277574011,0.20897993141914667,0.20239445173318155,0.0
0.1975883783517664,0.19902388790934877,0.1887116398485339,0.20583302517636917,0.2088430687139818,0.0
0.1976908324768063,0.20199886128723404,0.18770312795442073,0.20749988356049334,0.20510729472104552,0.0
0.19769005499447273,0.20305931091373694,0.18779713828571995,0.20696707558831948,0.2044864202177509,0.0
0.20071402475663408,0.20146228965525212,0.18726386069870085,0.2058061506610156,0.20475367422839733,0.0
0.2003820373662393,0.2017041306331031,0.18612611655241681,0.20610289678277113,0.20568481866546964,0.0
0.1982905615615712,0.20049205990774163,0.18810797878039692,0.20829796947498808,0.20481143027530208,0.0
0.20103681411788152,0.20462801528849664,0.18795032211254298,0.2070786073943341,0.1993062410867447,0.0
0.19805831645100502,0.2015398698391677,0.188564140026438,0.21099921525522472,0.20083845842816458,0.0
0.19728307514008353,0.1993667137480559,0.18625272315286517,0.21196440760315197,0.2051330803558435,0.0
0.19649493929829775,0.19106590171175145,0.1954032854230617,0.21262866047797882,0.20440721308891036,0.0
0.1988239831020229,0.19712282810858617,0.19431391270086115,0.20789749004654837,0.20184178604198139,0.0
0.19979247551786722,0.20023417042090128,0.18663817670682517,0.2087537657800054,0.20458141157440096,0.0
0.19816906967922016,0.18702174178912223,0.2078580174062454,0.20610368261080603,0.2008474885146062,0.0
0.19667342842150715,0.20230651325651267,0.18732758892050413,0.20617505997673855,0.2075174094247375,0.0
0.19999652595569786,0.20063831449883696,0.18705344287768147,0.20675774986952478,0.20555396679825894,0.0
0.20179997040566547,0.2018640495612593,0.18904726352632387,0.2071392113411098,0.20014950516564156,0.0
0.19861829184001228,0.19636614755540174,0.18916495304407288,0.20955947505016828,0.20629113251034467,0.0
0.19888754935414088,0.20095335364781247,0.19367429427742008,0.20654098160678847,0.19994382111383815,0.0
0.1978259709969794,0.2034018226314302,0.18620794684047917,0.20746962939859895,0.20509463013251228,0.0
0.1987330197133691,0.19815819847114538,0.19316265993826293,0.20975513395478673,0.200190987922436,0.0
0.2010180855726031,0.20518336929640416,0.1901982772982811,0.2064731603216853,0.19712710751102627,0.0
0.2001650030016441,0.19647357669413298,0.18599517147641623,0.2101828272081788,0.20718342161962772,0.0
0.19902450678682873,0.201690475950266,0.18575047641928039,0.20917097759514838,0.20436356324847652,0.0
0.20156214496833882,0.20343880822118393,0.19807393609649926,0.20320021645281047,0.19372489426116735,0.0
0.2006576118470884,0.19788237024412428,0.19802413905552874,0.20489827679707054,0.19853760205618803,0.0
0.2002618542247204,0.19458717561628455,0.19233402356777185,0.21146220307009708,0.2013547435211262,0.0
0.19711250735953345,0.1938910989430005,0.19195723631031972,0.21307853002706512,0.20396062736008128,0.0
0.2014139753992723,0.1969313820474839,0.19271680899336768,0.20735970415764224,0.20157812940223374,0.0
0.2003087621083424,0.20138399532272047,0.1822901972416979,0.2092401103402702,0.20677693498696897,0.0
0.1982643732848462,0.2021985203884763,0.18641291200329993,0.2080823566413105,0.20504183768206716,0.0
0.19700551482533843,0.20534733230390378,0.18341941410123783,0.21051746545305033,0.2037102733164697,0.0
0.19646684254957197,0.2034194376440561,0.1844840817376248,0.2119382344325584,0.2036914036361886,0.0
0.19871217763560986,0.20188684230517692,0.18681547183381514,0.21034459622402527,0.2022409120013728,0.0
0.19790849170252856,0.20464772786663374,0.18748369981758634,0.2075704662648317,0.20238961434841957,0.0
0.1967168435283237,0.20275297284615687,0.18811124114830746,0.21003419158166198,0.20238475089555005,0.0
0.19736689097689278,0.19955859112138175,0.19383791764638766,0.20629761087000822,0.20293898938532953,0.0
0.20046167439309714,0.20457234005703148,0.18614803331458538,0.20643017761462445,0.20238777462066165,0.0
0.19647313971934954,0.20270208494891714,0.18875888624162923,0.2108334358779576,0.20123245321214647,0.0
0.1995053528539147,0.20127920237153193,0.18385453000821078,0.20776781097619987,0.20759310379014265,0.0
0.2008183415050962,0.20375627918593336,0.18909182893700996,0.2060118230902006,0.20032172728175987,0.0
0.19936100065996484,0.20532384808914497,0.18505910558495092,0.20779538107110845,0.20246066459483092,0.0
0.19939054136514767,0.2037008423572615,0.1886180447497112,0.20593941046714168,0.20235116106073803,0.0
0.19932233961867246,0.20424322069842354,0.18435034156609634,0.20617222968322058,0.2059118684335871,0.0
0.1970838765041597,0.20136765123446818,0.183286182399947,0.210583239416328,0.207679050445097,0.0
0.1993035730373438,0.20179722831246222,0.1868115742717904,0.2086537068142023,0.20343391756420123,0.0
0.20212377020224004,0.20148521670867583,0.18457691553560326,0.20685972814034034,0.20495436941314052,0.0
0.19618791341840683,0.2026616710469239,0.18311913051487513,0.20975562459496566,0.20827566042482845,0.0
0.19650287055365728,0.19541077894901504,0.19042821187844397,0.2108567773374793,0.2068013612814045,0.0
0.1982237218191051,0.2023791092292375,0.1857458878945204,0.20927135435310443,0.20437992670403243,0.0
0.20105190960291458,0.2006915722530056,0.18946529899941258,0.20493885620067698,0.20385236294399026,0.0
0.19885303260939224,0.20108667696531707,0.1818991986712419,0.20869711766659266,0.20946397408745607,0.0
0.1987066644359778,0.2029392549412871,0.18959704651568537,0.20827625377571626,0.2004807803313336,0.0
0.20014128105472767,0.19456515244795516,0.19076066763795704,0.21138449043979338,0.20314840841956674,0.0
0.20031585671748547,0.20350793350709123,0.18660862158442493,0.2068120338453886,0.20275555434560974,0.0
0.19822361859084606,0.1955103278172117,0.19284887302024573,0.21269224608322385,0.20072493448847273,0.0
0.19623114161885172,0.2007205423414899,0.18572200460394797,0.21118436868559365,0.20614194275011663,0.0
0.19699181123505582,0.1991178815173416,0.18591356902462372,0.21095705136221007,0.2070196868607688,0.0
0.1970396756347535,0.19663082779174035,0.18976911299706845,0.20940203397229198,0.2071583496041458,0.0
0.19831005194271592,0.1986327948659685,0.18768111791029538,0.20992971563915502,0.20544631964186516,0.0
0.19911111499272763,0.20363841376441372,0.18759368560423997,0.20924725655153406,0.2004095290870845,0.0
0.2002529507426815,0.20249712359431682,0.18759505673553162,0.20698918586248477,0.20266568306498528,0.0
0.19986630319522755,0.2007907524328975,0.1903757643620327,0.2071857361783366,0.2017814438315056,0.0
0.19847720752622636,0.20150657488138565,0.18934065782222237,0.20670344626791928,0.20397211350224637,0.0
0.20121113764065002,0.2040307928780904,0.18694082790060354,0.20633717570107057,0.20148006587958545,0.0
0.1985234372219449,0.20409988492653652,0.18383671762433706,0.20580076455782015,0.2077391956693614,0.0
0.1987598984784101,0.20498300155923493,0.1887543807913673,0.2051274221915619,0.20237529697942577,0.0
0.19550404449362518,0.1914329486500073,0.20436784469861075,0.20546207941286274,0.20323308274489407,0.0
0.19907028850099073,0.19786515058921905,0.1905345893280598,0.21004490434772116,0.20248506723400927,0.0
0.1985120145750622,0.2068274445150003,0.18330087849453294,0.20736360169886775,0.20399606071653684,0.0
0.1993607134426341,0.20077414986733202,0.18728313300790023,0.21044904620398455,0.20213295747814908,0.0
0.19847908446782564,0.19839652198177182,0.18828749879890508,0.2099799203489847,0.2048569744025127,0.0
0.19739716331187238,0.19740756935811457,0.1913476627318518,0.20832589688484304,0.20552170771331824,0.0
0.20136455259907668,0.2024430464559108,0.1884226961088448,0.20576352288867744,0.20200618194749032,0.0
0.1970596402892384,0.2033829989133828,0.18665847230616722,0.20805667327581967,0.20484221521539187,0.0
0.19682548594287608,0.20443184454838523,0.18870953734274745,0.20637106316742956,0.20366206899856165,0.0
0.19848646775395068,0.20014944417598257,0.1883099306721737,0.207663651487217,0.20539050591067592,0.0
0.20552344143223555,0.2055168028450967,0.1929645840551317,0.1997568217586423,0.1962383499088938,0.0
0.19773719989384633,0.19616925839902744,0.19153785286891997,0.20891613263683168,0.20563955620137458,0.0
0.199743352862704,0.1966242462124376,0.19262548425737167,0.20812148185280316,0.2028854348146835,0.0
0.19881315511789535,0.19647310625304157,0.18891197866069803,0.21035123791149998,0.205450522056865,0.0
0.1976340532609404,0.19841525660388576,0.1909409010451106,0.2096822139766172,0.20332757511344599,0.0
0.19799893625138248,0.2030884137031656,0.1855322774224477,0.20836676043193064,0.20501361219107345,0.0
0.20064485049977718,0.19858223412540388,0.18324735953035018,0.2099099379003002,0.20761561794416866,0.0
0.1995782731918497,0.20234083300281577,0.18307655202491122,0.20986082581112148,0.20514351596930194,0.0
0.19739869928639384,0.20417740324875608,0.1882741716624175,0.2084410438234723,0.2017086819789602,0.0
0.19970413659384012,0.2047916147175527,0.1839875038503886,0.20653554243548175,0.20498120240273685,0.0
0.2005366457166815,0.19618450248622418,0.19061260518404755,0.21159901433024036,0.2010672322828065,0.0
0.1987623121036186,0.1985364525064256,0.18672792108615466,0.2099651640893007,0.20600815021450036,0.0
0.2003327665638509,0.19948254606125837,0.18472938588443588,0.2076023228292941,0.2078529786611608,0.0
0.2,0.2,0.2,0.2,0.2,0.0
0.20073161761702255,0.19784624306123877,0.1874423399787842,0.21261086858634626,0.20136893075660836,0.0
0.1987827855802778,0.2051269688403207,0.18816369411480058,0.2056194365449561,0.20230711491964493,0.0
0.19733573889606557,0.19493020037643657,0.19284602634618597,0.21193806229612744,0.2029499720851844,0.0
0.19933708888517337,0.19617885658708045,0.19135614608371485,0.21095343900650593,0.2021744694375254,0.0
0.19902630736352295,0.19969764875548038,0.18883548458538663,0.20718630204830868,0.2052542572473014,0.0
0.1982806014022055,0.20146380365722852,0.1855640870232039,0.20835720561938545,0.2063343022979766,0.0
0.20102706143955087,0.2055574433312952,0.18508114892601502,0.20778703517851668,0.20054731112462218,0.0
0.1979830091751286,0.1964139192403201,0.19376119058385083,0.20895104171418066,0.20289083928651974,0.0
0.19701377837177325,0.19607604560519573,0.1888313444790353,0.21000343904599844,0.20807539249799734,0.0
0.1990786847431912,0.1908870903853663,0.20686954763861093,0.2053587928618429,0.1978058843709888,0.0
0.2002857170230183,0.201569880162439,0.19039894479339184,0.20796730747453063,0.19977815054662018,0.0
0.20022817838916832,0.19797691666005193,0.18622445919617814,0.21007568711234906,0.2054947586422525,0.0
0.19891220307312835,0.19752882842085673,0.18678793366151042,0.21013828438056326,0.2066327504639413,0.0
0.19840823031362406,0.19701819746008895,0.18902513706987017,0.21120453496979424,0.2043439001866225,0.0
0.1980445635003795,0.2076656708948754,0.18172669665344957,0.2079624778023849,0.2046005911489107,0.0
0.19941007460601642,0.199524974167759,0.1865805559832506,0.21115280146524795,0.20333159377772592,0.0
0.20153950626083578,0.19720987081041047,0.18746202731794714,0.20993986660341968,0.20384872900738696,0.0
0.19985547826355843,0.20006720610497142,0.189804852881214,0.2107892457450686,0.19948321700518754,0.0
0.19917093096698996,0.19439350181936113,0.19469274571004253,0.21095917630638025,0.20078364519722608,0.0
0.19983534369558087,0.19630223172917685,0.19137497112473523,0.20883079986795636,0.20365665358255075,0.0
0.2054645560250448,0.20635909312136,0.18438198597677385,0.20764251184367305,0.1961518530331483,0.0
0.19883159144837742,0.19952500173951532,0.18709727724616965,0.20861150297009914,0.20593462659583855,0.0
0.19861080056517733,0.20523816603512146,0.18531278402054932,0.20744087769206873,0.20339737168708316,0.0
0.19914039816545318,0.2051882463877214,0.18630150640837057,0.2062817776147102,0.20308807142374483,0.0
0.2000575870536667,0.200076511150763,0.18829080745814755,0.20870871096791982,0.20286638336950297,0.0
0.20123691115515957,0.19839170390151648,0.19066659520127005,0.2081587381183851,0.20154605162366895,0.0
0.19548697420575467,0.19798995070963568,0.18860753417088555,0.21173730008307304,0.206178240830651,0.0
0.19958979884713288,0.20464923016637432,0.18847277353925257,0.20508884987249895,0.20219934757474128,0.0
0.1973012443196925,0.20272759839949162,0.18707853317024148,0.20658316151637662,0.20630946259419775,0.0
0.19997178758548279,0.1988170188656975,0.1898938190323687,0.20937802492498261,0.2019393495914684,0.0
0.2009301059118136,0.19671939879323183,0.1848436640029467,0.21020022569128743,0.2073066056007206,0.0
0.19933033349045584,0.20086888270754413,0.18853731444052307,0.2086746216198763,0.2025888477416005,0.0
0.1986564933018119,0.20591995811679312,0.18288782135368356,0.20791727292311232,0.20461845430459907,0.0
0.19827585650881463,0.20516415578514802,0.18121413307066966,0.20802561970043937,0.20732023493492827,0.0
0.19834843033984756,0.19879083013762955,0.18664744621369272,0.20904402533518646,0.20716926797364366,0.0
0.20004087359759481,0.20249632508356025,0.18832381285031807,0.20719695662389367,0.2019420318446332,0.0
0.197731371848026,0.2050085383779949,0.18612558040442426,0.20545567607446735,0.2056788332950875,0.0
0.19556306322590303,0.20284416367468844,0.18479688228157196,0.2108448050682885,0.2059510857495481,0.0
0.19796940814867053,0.18610801604331756,0.20840936879488636,0.20677135549642792,0.20074185151669763,0.0
0.19946290396735575,0.19906170900747314,0.18400092118626726,0.20931783034651652,0.20815663549238725,0.0
0.20200761066092682,0.20190613334277738,0.18579729710102522,0.20535557911137184,0.2049333797838987,0.0
0.1983191768395233,0.20412016563155866,0.18776179059954848,0.20595353122833618,0.2038453357010333,0.0
0.1987275835182043,0.19837908756938835,0.19109642747525712,0.20850204106755024,0.20329486036960007,0.0
0.19873082507017367,0.20413395182085847,0.18716097685709324,0.20687824500560587,0.20309600124626878,0.0
0.20070423853930006,0.20424604693537243,0.1890168226695265,0.20467970420884352,0.20135318764695753,0.0
0.1999357137690976,0.2041376510531215,0.1861939789889251,0.2056898165038883,0.2040428396849675,0.0
0.199023656212569,0.20129618054743464,0.18964793158637797,0.2074994428195594,0.20253278883405904,0.0
0.19457227180683637,0.19458365774859693,0.19456709160796382,0.2115979998841129,0.20467897895248993,0.0
0.19967698262469946,0.19988771730998156,0.18711168424032604,0.20850195975394772,0.2048216560710451,0.0
0.19882585952290918,0.19665783293852898,0.19419321918835672,0.2077297612605713,0.20259332708963373,0.0
0.19912236720930881,0.20189789717248297,0.1889262810077631,0.20908054868076542,0.20097290592967967,0.0
0.1989516638964323,0.2067407772624869,0.18034484105805274,0.20883223271564713,0.2051304850673809,0.0
0.2030178138907869,0.19980725655974732,0.1917235233292461,0.20717766534505877,0.19827374087516092,0.0
0.19842037968803677,0.20174957354749912,0.18561946043874164,0.2066599323361279,0.20755065398959457,0.0
0.19695978536765046,0.19980567481683667,0.1879699283257592,0.210685587970069,0.20457902351968452,0.0
0.1990503935000514,0.2038006567465246,0.18467669286088878,0.20892107058705686,0.20355118630547833,0.0
0.19813568906581439,0.19966272760346096,0.18887774711174615,0.20844207136397483,0.2048817648550037,0.0
0.20356821089562693,0.2034917862872473,0.18754089728928516,0.20641782138431267,0.19898128414352786,0.0
0.20198959803823685,0.2013481648476908,0.18751283392157397,0.2092267625747984,0.1999226406177001,0.0
0.198513072979218,0.19633650313921316,0.18711227422192764,0.21169101906213617,0.20634713059750492,0.0
0.20154582246169664,0.2009573663668483,0.18627680758381318,0.20519063782116514,0.20602936576647685,0.0
0.19825216216453723,0.201578816949286,0.18799236159208121,0.20659582190794035,0.2055808373861553,0.0
0.20050995862223508,0.20200463911696329,0.18794172832505643,0.20690833435393519,0.20263533958180993,0.0
0.19990283427882324,0.20176929697253465,0.18665791508342494,0.20743299131498188,0.20423696235023528,0.0
0.1986533015711361,0.2028075100362474,0.1875715282810584,0.20643942314947453,0.20452823696208358,0.0
0.20102285282995058,0.19895970622164585,0.18710232068156676,0.20743913324093924,0.20547598702589756,0.0
0.19994880422354924,0.20461244120096192,0.1870607091168438,0.20544753386185235,0.2029305115967928,0.0
0.19887164628193313,0.19917991920962594,0.18732543872040158,0.2084292474977046,0.20619374829033477,0.0
0.20298972698570947,0.20391098923447523,0.18502888907135398,0.20589973033603928,0.20217066437242193,0.0
0.1976372196037552,0.19602170425828586,0.1987454867925927,0.20497503383988266,0.20262055550548358,0.0
0.1997980587173219,0.20060218200290664,0.19193963629544833,0.20862233627979027,0.1990377867045329,0.0
0.19799705802919262,0.19682284796244273,0.18500802021123106,0.21140837688812034,0.2087636969090131,0.0
0.19820960337001636,0.20386272729505756,0.18866615557930932,0.2084459678651768,0.2008155458904399,0.0
0.19741437782280288,0.20016481695288862,0.19144591370869113,0.20635953264869508,0.2046153588669224,0.0
0.20084200164212568,0.19925898307423232,0.19275616638378568,0.2076565660124707,0.19948628288738557,0.0
0.20326504511555088,0.20156562484342777,0.1892359987963431,0.20531808973377932,0.2006152415108989,0.0
0.2003997843117644,0.20347582580755993,0.18365283602384797,0.21075312438168936,0.2017184294751383,0.0
0.2,0.2,0.2,0.2,0.2,0.0
0.19906367808041356,0.19707754895424293,0.19140782299577339,0.20878895720406962,0.20366199276550062,0.0
0.1990588140458022,0.19876413923568909,0.19250215111120617,0.20693149809066957,0.20274339751663303,0.0
0.19939448003577567,0.2012420747212467,0.18769462662552314,0.2071012072919828,0.20456761132547177,0.0
0.19852061591455905,0.20564865910327643,0.18308741524270358,0.20707431950726343,0.2056689902321975,0.0
0.20102336923318462,0.20021414855959416,0.18729371644747098,0.2048195402692674,0.2066492254904828,0.0
0.19828009576565656,0.20385500876954915,0.1878709710646424,0.2075633147439015,0.20243060965625026,0.0
0.19905104005743524,0.19764988621805074,0.19035467152879465,0.2118580465184402,0.2010863556772792,0.0
0.1999457234528128,0.20231235527535785,0.1869883720972443,0.2056279741906067,0.20512557498397832,0.0
0.19977132122196015,0.20414963783039686,0.1857507053668133,0.20615649483249715,0.20417184074833256,0.0
0.19993241703941733,0.2009170363629242,0.1913977009385815,0.20647392474737453,0.20127892091170252,0.0
0.20025654534036794,0.1995251954437809,0.18626662080067996,0.21222498903232365,0.20172664938284768,0.0
0.20003498036544864,0.19621016084311732,0.19028825605981514,0.20965490233642778,0.2038117003951911,0.0
0.20012392943196786,0.2039973231771752,0.18473553088714337,0.20815867742499447,0.20298453907871922,0.0
0.19957448570324812,0.20228788110426701,0.1835683680070571,0.20851472044990768,0.2060545447355201,0.0
0.19467571715958354,0.20038238521232885,0.18888773799251754,0.2090641663672324,0.20698999326833772,0.0
0.20187280162540946,0.19722180614770005,0.18734269231484993,0.21201377038494187,0.20154892952709866,0.0
0.19886336985362055,0.20356996537379388,0.1897670126312576,0.20525986050613967,0.20253979163518823,0.0
0.19861738403564938,0.20122662051861545,0.186941842641524,0.20939449977931665,0.20381965302489444,0.0
0.19897765710980875,0.20021886816540682,0.18734777314735046,0.2097346305465942,0.20372107103083972,0.0
0.1994354659579578,0.20456477279283924,0.18356155250003608,0.20736823766295576,0.20506997108621117,0.0
0.20033519054585186,0.20291119801248383,0.1870049389762877,0.20771641399469523,0.2020322584706815,0.0
0.19891273115688834,0.20407628049558688,0.18392328719718054,0.2099295219544321,0.20315817919591228,0.0
0.1980407990727026,0.19981917396623988,0.19042015377514615,0.20923543776650624,0.2024844354194052,0.0
0.20470145015412422,0.21186904715728416,0.19157472548108287,0.19154649410351895,0.20030828310398968,0.0
0.19892299637636954,0.20569840389577274,0.1830849536018569,0.20702447733578977,0.20526916879021098,0.0
0.19822516204128426,0.20415009300141657,0.1881408417418161,0.20607755772745578,0.20340634548802725,0.0
0.19894283441667696,0.2034697992442218,0.1864571736175632,0.2068403359313128,0.20428985679022524,0.0
0.20427061818633768,0.20414521751938733,0.18735282081208812,0.20587406991558613,0.19835727356660077,0.0
0.19895768777136486,0.2000476454811299,0.18769629981774197,0.20832411414014865,0.20497425278961467,0.0
0.1974706265312487,0.20432206120612978,0.18683583382864588,0.20737907072319764,0.20399240771077803,0.0
0.2004236471246254,0.19505840163995652,0.18990720770018588,0.21273601288001173,0.20187473065522044,0.0
0.19688826287882,0.20394358401016963,0.18405912995057674,0.20968204433503365,0.20542697882539995,0.0
0.1994086325069538,0.20383987005275533,0.1898866468155711,0.20486254192517944,0.20200230869954028,0.0
0.19791957023862228,0.20179750763619828,0.19424952810646212,0.20660103348621636,0.19943236053250096,0.0
0.19882130174408044,0.19817570789993505,0.18932759134092808,0.2091654029278422,0.2045099960872143,0.0
0.1988950194389834,0.196755068671515,0.19420009033740815,0.2043237385412826,0.20582608301081087,0.0
0.20034034726411026,0.20386056462273,0.18592854603746087,0.20659031798288782,0.20328022409281102,0.0
0.199236917646386,0.2046445963625873,0.18412680153915237,0.20673094697286165,0.20526073747901274,0.0
0.19883562552285164,0.20340218369118013,0.18737592764302682,0.20911362483381776,0.2012726383091235,0.0
0.20047951273263973,0.19908917134075169,0.18511918956878767,0.20894958601568805,0.2063625403421329,0.0
0.19841583634126403,0.20370624658385095,0.18608056874307785,0.2053340756279754,0.2064632727038318,0.0
0.19730675928303895,0.20577526240833674,0.1866084858506319,0.20645807062796034,0.20385142183003213,0.0
0.2006244270523823,0.20506677365737735,0.18620436808023377,0.20536462183557108,0.2027398093744355,0.0
0.19992337339806995,0.20032232418212556,0.1905718275055045,0.20884926737506435,0.20033320753923553,0.0
0.19783942944920818,0.20640107889773268,0.18570938043875757,0.20609679288546837,0.2039533183288333,0.0
0.19817200025000933,0.19756037220165204,0.19184854771482007,0.20829177219565342,0.20412730763786507,0.0
0.20264928157472065,0.20257890268266204,0.19701645176605004,0.19687270533290446,0.2008826586436628,0.0
0.19888030457309563,0.19934819730324838,0.1886986351795508,0.20761678704649153,0.20545607589761372,0.0
0.1967213140669598,0.1996733553118776,0.1867609233066711,0.211039739638055,0.2058046676764365,0.0
0.19994122709838213,0.2002461972403297,0.18341520867264585,0.20950737771165837,0.20688998927698396,0.0
0.19856524030044162,0.20276865415681933,0.1884291777772136,0.20625230236155365,0.20398462540397164,0.0
0.20093999285017422,0.19961147891636555,0.1896350318141555,0.20904883810730804,0.20076465831199666,0.0
0.19979756667426332,0.1981268658554965,0.1904805893657164,0.21057678188000195,0.20101819622452188,0.0
0.1994472666148261,0.20460018312411493,0.18827630035088563,0.20429496447102716,0.2033812854391461,0.0
0.19822851306711267,0.19124679460710547,0.20597753473430833,0.20590888236067736,0.1986382752307962,0.0
0.20145605557494684,0.20091804869890958,0.18944227844423528,0.20475580960893205,0.20342780767297622,0.0
0.19786873026420265,0.20204994114906777,0.18837908790752836,0.20979864352773417,0.20190359715146702,0.0
0.1993249012004399,0.20495165718088368,0.18713059307342214,0.20536992083155578,0.2032229277136984,0.0
0.19769121735423617,0.1972817039910547,0.19030823101565503,0.21077185259241554,0.20394699504663857,0.0
0.20041323247430476,0.199069522828902,0.1895950798193547,0.2084809849892868,0.2024411798881517,0.0
0.19826638083113737,0.2046847832953909,0.18800242271911305,0.2049362810500577,0.20411013210430112,0.0
0.20070976762583528,0.20333457276325487,0.1922823842028155,0.2060062374356054,0.197667037972489,0.0
0.1992911888980211,0.20376317046424164,0.18860817718356365,0.20460886981621887,0.20372859363795476,0.0
0.1966912980971511,0.2006639349947927,0.19095293728923032,0.21208266259109934,0.19960916702772633,0.0
0.1984780550169814,0.19754359623072112,0.18877398009771965,0.2125289363557112,0.2026754322988667,0.0
0.19790928521127082,0.19530078993277214,0.19459818601452414,0.20876009695658926,0.20343164188484364,0.0
0.19467740548737486,0.1988639455644608,0.18652841144949908,0.20978857951212676,0.21014165798653853,0.0
0.19725839111361182,0.2003642882200401,0.1875736763762745,0.21105244541420265,0.2037511988758709,0.0
0.19538218771315563,0.20174246897382878,0.1901266541338121,0.2099258223455266,0.20282286683367692,0.0
0.19907838958095087,0.20602931097972774,0.18326316658703107,0.20753333028088594,0.20409580257140447,0.0
0.2,0.2,0.2,0.2,0.2,0.0
0.200010562620225,0.20728942278389206,0.1870681123359069,0.20579647900191575,0.1998354232580604,0.0
0.2016368101046809,0.20220333642570726,0.1847608844009306,0.20733116673151045,0.2040678023371708,0.0
0.20190099467555989,0.19923308995429256,0.18623002615571393,0.21190935280853754,0.200726536405896,0.0
0.19818503885446642,0.19930121361906644,0.19640494320559163,0.20338277190053095,0.20272603242034457,0.0
0.19847665709645565,0.19984106062395016,0.1847303372377557,0.21162857835911175,0.2053233666827268,0.0
0.2,0.2,0.2,0.2,0.2,0.0
0.19663280606665154,0.1886474326652334,0.20681877946734614,0.20608278067504607,0.2018182011257229,0.0
0.2011550104730123,0.20006323920403152,0.18675677624710582,0.20812155424658488,0.20390341982926555,0.0
0.19724106037351047,0.20284762201959405,0.18708720866210252,0.20598099303185322,0.20684311591293983,0.0
0.19681573880092582,0.1987860110548091,0.18970195473434628,0.21261903744595964,0.20207725796395923,0.0
0.19786387784326911,0.1947731254242909,0.1911266714061524,0.21215888024429008,0.20407744508199754,0.0
0.20044868061220808,0.2013143891242001,0.18777362567102596,0.20552829660853536,0.20493500798403042,0.0
0.1988193267104041,0.20423045171839047,0.1846851781202502,0.20868049540161976,0.20358454804933568,0.0
0.19912523030187715,0.19876041754222934,0.188737760136912,0.2079514352692148,0.20542515674976677,0.0
0.19770363385829165,0.20180700740333068,0.1872384071561902,0.20691710069509295,0.20633385088709458,0.0
0.1960792380176601,0.20169947213493475,0.18338377296012387,0.21034308108045868,0.2084944358068227,0.0
0.2042170805035983,0.20404316498327235,0.18769656857173128,0.20611336664673371,0.19792981929466438,0.0
0.19773776071879884,0.19873485793495882,0.18953694648716893,0.20774280171887455,0.20624763314019887,0.0
0.19536831089012888,0.1987048423282647,0.1900088958332132,0.21096910871151991,0.20494884223687326,0.0
0.19628353750683641,0.19648458300817667,0.1904761511988889,0.21034233057562365,0.20641339771047432,0.0
0.20074763942820367,0.20054343577878905,0.18825420488194783,0.20826231675899526,0.20219240315206416,0.0
0.1994337629128747,0.20466332813882035,0.18833711311467255,0.2040006281795936,0.20356516765403898,0.0
0.19947769180487293,0.19648371039966073,0.18945634360861544,0.20716917096749113,0.20741308321935983,0.0
0.19975500904097593,0.2002019987433924,0.1883424998747264,0.20563453278107371,0.20606595955983162,0.0
0.20507706805811415,0.20008018146422024,0.19122420190245065,0.20564876153427813,0.19796978704093685,0.0
0.20112047796157007,0.19492936617331028,0.1908828682612437,0.21166465318622388,0.20140263441765202,0.0
0.20085407768185257,0.2020381114547634,0.19396418265871632,0.20313868115437123,0.20000494705029648,0.0
0.20032807497486216,0.19944282147629522,0.18964406567475997,0.2092911144479928,0.20129392342608984,0.0
0.1963054663782656,0.20689333349209735,0.1852992370602585,0.2078083383864461,0.2036936246829325,0.0
0.1991603846789689,0.20054351809302057,0.18843997265806758,0.20733914855571106,0.2045169760142319,0.0
0.1992842345045051,0.20478006031790782,0.18781845169460645,0.2050844949598838,0.20303275852309674,0.0
0.1996878962743067,0.2002040384742207,0.1889918525036482,0.20672958306720599,0.20438662968061838,0.0
0.19574834741391742,0.20395978025278708,0.18089764526258142,0.21243159893786323,0.20696262813285085,0.0
0.19838084491814162,0.1961534742088157,0.1871982749632857,0.2107631363010609,0.2075042696086961,0.0
0.19899404139428695,0.19965715108038584,0.1854708329349861,0.20901396120200816,0.20686401338833293,0.0
0.19450715527909787,0.19823762195553238,0.19291494791745306,0.21037653087902825,0.20396374396888847,0.0
0.19929199924555954,0.20202669893342706,0.1920214981328349,0.20552453926971753,0.2011352644184609,0.0
0.1981243798203538,0.19804496745241285,0.19137711627646636,0.2107393671398401,0.2017141693109269,0.0
0.19942145110021112,0.1939213467402132,0.19133060900819202,0.2116402646998302,0.20368632845155346,0.0
0.199306120045919,0.2030634908866715,0.18810186673128523,0.2064866459571322,0.2030418763789922,0.0
0.19541567335801116,0.20325428626925243,0.18470429245762807,0.20887078213955998,0.2077549657755483,0.0
0.19787309007101733,0.2007637756688412,0.18850002655239562,0.20932533953363033,0.2035377681741155,0.0
0.20005343451330712,0.2026047918778494,0.1863564841517737,0.2078339728021425,0.20315131665492725,0.0
0.1979671648709934,0.201486291850796,0.18987801840350885,0.20937402369819388,0.20129450117650785,0.0
0.19904518230480292,0.20210006037361175,0.19055034959180484,0.20722535838499395,0.20107904934478651,0.0
0.2020497662783321,0.20180696731447365,0.18902565933575327,0.2045567178663212,0.2025608892051198,0.0
0.19707208155032233,0.19744349696892816,0.18823352571974022,0.21181034988262348,0.2054405458783859,0.0
0.19784503475393292,0.20086441372095723,0.1895862269378584,0.20692911653087717,0.2047752080563742,0.0
0.20093840412531652,0.19702589018641548,0.18713319341371557,0.20831621982646348,0.20658629244808893,0.0
0.20069249487713667,0.19950726643298258,0.18460716313045603,0.20927851954203536,0.20591455601738937,0.0
0.2001898177938358,0.20021871755779247,0.18545220551472946,0.2094048267365054,0.20473443239713682,0.0
0.2003145276466747,0.20170266493397665,0.1898956345922685,0.2058844811852559,0.20220269164182442,0.0
0.20056807964124665,0.20478747795406047,0.18475595826156033,0.20788141367815646,0.20200707046497618,0.0
0.20019838148192845,0.19914273661940862,0.18842731309142702,0.2078148975009951,0.2044166713062408,0.0
0.1997277852716985,0.20263247624965708,0.18777603748673594,0.20566383915811942,0.20419986183378913,0.0
0.1977369999587143,0.2048626994470244,0.18570364243970314,0.2089413990675527,0.20275525908700537,0.0
0.19947324396783966,0.19841311432412675,0.19149056970041417,0.2062605696553819,0.20436250235223757,0.0
0.1991190014066103,0.19858096683560564,0.19128300861946984,0.2097873265288941,0.2012296966094201,0.0
0.1993835246205723,0.19942856851810156,0.18734094244130634,0.21094784683876192,0.20289911758125784,0.0
0.19827198839913485,0.20114662906298156,0.18346922365849894,0.20848564502723968,0.20862651385214503,0.0
0.2018269364603951,0.2013948625342372,0.19287645420123237,0.20537706619980206,0.1985246806043333,0.0
0.20041131163110676,0.19936290908019433,0.18628664986771432,0.20829386672290215,0.2056452626980824,0.0
0.2005120638558616,0.2001600189521067,0.18710238075482655,0.20514091056193579,0.20708462587526935,0.0
0.19833553301762458,0.19791950538182823,0.18773001187229313,0.2093771570969949,0.20663779263125928,0.0
0.19662064540985333,0.19848696030486213,0.1900130773291785,0.2099770120583697,0.2049023048977364,0.0
0.19956537444463138,0.20286207983208596,0.19006167072298097,0.20690753844938586,0.20060333655091583,0.0
0.1978487175026958,0.20100553615569486,0.18791287555642977,0.20806803874337215,0.20516483204180747,0.0
0.1982784829445777,0.2022789356215136,0.18517446204103966,0.20948122591463927,0.20478689347822965,0.0
0.19921545905149468,0.20225034952087353,0.19101499941022604,0.20511561406903758,0.2024035779483682,0.0
0.20074559496686248,0.20247338869482692,0.18232535365618618,0.21015514940603205,0.20430051327609228,0.0
0.19949817106312479,0.20219241850946962,0.18605838273697956,0.2082375973161086,0.20401343037431746,0.0
0.1983284656316713,0.19956130985237605,0.18420939683500834,0.209892368247333,0.2080084594336113,0.0
0.20082016506204503,0.20068380303522818,0.18727428397888168,0.20787512428587152,0.20334662363797365,0.0
0.20000114499994445,0.20556566292606676,0.18575549584224632,0.20772607995888065,0.20095161627286184,0.0
0.20043025797318254,0.20301076930449422,0.18842033921828052,0.2060745397777647,0.20206409372627804,0.0
0.19926983722835212,0.20359128625570236,0.1881401680109794,0.2058496395102491,0.2031490689947171,0.0
0.19991977140601608,0.198983715182952,0.1910989353228986,0.2079143485452907,0.2020832295428427,0.0
0.20023584033877367,0.19990001081472103,0.18676349074802268,0.2090136497413322,0.20408700835715046,0.0
0.19883579106802934,0.1905985222358775,0.20377610721536277,0.20620671361386933,0.20058286586686097,0.0
0.19827584182402194,0.20009722027891472,0.18991690165830655,0.20638693092703084,0.20532310531172593,0.0
0.20541343590011038,0.20182304579242308,0.19098418266100076,0.20262257436676948,0.19915676127969625,0.0
0.2,0.2,0.2,0.2,0.2,0.0
0.19796940814867053,0.18610801604331756,0.20840936879488636,0.20677135549642792,0.20074185151669763,0.0
0.19627471919999137,0.20653791061138993,0.1865955454101271,0.2097474080814213,0.2008444166970704,0.0
0.20013609580610417,0.20432629125296603,0.18322075907653526,0.20671843681112367,0.20559841705327095,0.0
0.19964580525180484,0.1961982729047984,0.19135789315853155,0.2105581685428185,0.2022398601420467,0.0
0.1992317631080257,0.20243880782288232,0.18613256871650224,0.20779231430065856,0.2044045460519312,0.0
0.19971531772080578,0.19469494509288074,0.18963812057034146,0.2118748180034313,0.2040767986125407,0.0
0.20255121999462847,0.20072531973480306,0.18875658426882838,0.20608817728632559,0.2018786987154146,0.0
0.19578159122669855,0.1970594681265586,0.19136459450156337,0.21170140248748062,0.2040929436576987,0.0
0.19922632871657603,0.20313178829382206,0.18838849508549135,0.20752174022755782,0.20173164767655286,0.0
0.19684670020068548,0.20127758393294717,0.1874799771379707,0.20936712874443772,0.20502860998395905,0.0
0.1998430611521362,0.20536421899397322,0.18648130702666116,0.20920256984687835,0.19910884298035106,0.0
0.20363561191066712,0.20618196704518882,0.18382170725120933,0.20617043898976906,0.20019027480316576,0.0
0.20002071090188028,0.19909969875096784,0.18821473173607106,0.21095554226720561,0.20170931634387512,0.0
0.19894740376795844,0.20054852036610302,0.18809886445660742,0.2096922367837472,0.2027129746255839,0.0
0.1984078220208543,0.20068401639413339,0.18765375266127987,0.20688458241735783,0.20636982650637464,0.0
0.19940105660282692,0.20412944909757305,0.18579940862247468,0.2077626571046869,0.20290742857243838,0.0
0.1967765089818559,0.20244902912241422,0.18340942347476155,0.21088426576087102,0.20648077266009723,0.0
0.19744240351643447,0.20284538662271706,0.18726580468841153,0.20668163675364012,0.20576476841879673,0.0
0.20242746785179216,0.1977706835703044,0.18740617303847076,0.20907102631475682,0.2033246492246759,0.0
0.19737598124626632,0.2028906686043062,0.1899527275369739,0.20838107862425884,0.20139954398819473,0.0
0.1991387988281377,0.200211101154065,0.18922744645404416,0.20646212664727212,0.204960526916481,0.0
0.19404344358572015,0.19520316815059766,0.19243812224037554,0.21126728954827978,0.20704797647502685,0.0
0.2,0.2,0.2,0.2,0.2,0.0
0.1987999531775988,0.20647959682714437,0.18634449247104454,0.20818093277314892,0.20019502475106343,0.0
0.2000403746765021,0.20097837080403724,0.18217709762643733,0.20993333698498542,0.20687081990803796,0.0
0.20141336305678698,0.20679821670519513,0.1848372657758615,0.20483621207933866,0.2021149423828177,0.0
0.20139030582174605,0.2025228684366163,0.18850102545192746,0.20684285126924737,0.20074294902046286,0.0
0.1972328201461523,0.1979673316033315,0.19076994065470054,0.20938593886504506,0.20464396873077076,0.0
0.20028625050519633,0.19819669526178796,0.1891645679307952,0.21142861440486646,0.200923871897354,0.0
0.19867140889930954,0.19801431223848937,0.19383823210298262,0.20983654487053488,0.1996395018886835,0.0
0.19733570234378683,0.201765006831436,0.19019637517312268,0.2078183103587742,0.20288460529288022,0.0
0.19910994896496653,0.19787949948871986,0.1892272454170104,0.20792853056923433,0.20585477556006873,0.0
0.19942141253073523,0.2040789284544388,0.18253087151001243,0.2085530242481893,0.20541576325662428,0.0
0.1987176356883154,0.20034164324872336,0.18605909494115186,0.2102364927493522,0.2046451333724571,0.0
0.19825838554622477,0.2005919681679313,0.1919640990847839,0.20435142562093087,0.20483412158012929,0.0
0.198392600001394,0.19910297705302646,0.1840948562869828,0.21103629519082334,0.20737327146777346,0.0
0.2001728864963751,0.20347555942418505,0.18556062472228832,0.20730974187186113,0.20348118748529043,0.0
0.20196271835147214,0.20085543047845802,0.19247194602851456,0.20684364018768264,0.19786626495387263,0.0
0.1995917545079645,0.20559597465533164,0.1844597890317804,0.20608640927587668,0.20426607252904688,0.0
0.1998830578479567,0.20401724852189257,0.18706604938014867,0.204847125319239,0.20418651893076303,0.0
0.20007521882933665,0.19923808373339688,0.18423764873110018,0.21287669569713535,0.20357235300903095,0.0
0.19984171329270106,0.19948899247098553,0.18624184384389092,0.209709576569677,0.20471787382274542,0.0
0.19936014577829708,0.20408579220888942,0.18707808048445015,0.20521981392996777,0.2042561675983956,0.0
0.1981259399220145,0.20411170291228664,0.18212121346843255,0.2079735458799741,0.20766759781729222,0.0
0.1983711038232258,0.2005753319398695,0.18413855039728197,0.21163848848034375,0.20527652535927887,0.0
0.19785010434044836,0.20058077728608803,0.1914879983428662,0.20764060380839872,0.20244051622219847,0.0
0.1962167177456473,0.19916771327187774,0.1904240705561479,0.21126739989384008,0.20292409853248694,0.0
0.19881934912749435,0.19771421492271654,0.1896817581621664,0.21178505807075612,0.20199961971686659,0.0
0.19853901596083567,0.20498850752364858,0.1873610202387876,0.20533743432826154,0.2037740219484667,0.0
0.19706367621888304,0.2026792129486227,0.18221392896717922,0.21219783275111934,0.20584534911419577,0.0
0.20074660385401938,0.20110337042942875,0.18635854830637183,0.20807233734562508,0.20371914006455502,0.0
0.19692554651961797,0.20215901020005725,0.19017625396631613,0.20587155884693437,0.2048676304670743,0.0
0.19720483275717424,0.20309529363700285,0.18698759789097275,0.20980572345643217,0.20290655225841803,0.0
0.20180639082789756,0.20201734054028525,0.18266924929243683,0.20761438594283924,0.20589263339654112,0.0
0.1994721802963886,0.20456278029593308,0.18931689437760107,0.20525302851687577,0.20139511651320152,0.0
0.1998926207512604,0.1990438362256592,0.18751263645583818,0.21331719413240474,0.20023371243483745,0.0
0.20408252967539092,0.2039199716625964,0.188132973706812,0.20534094058039531,0.19852358437480533,0.0
0.19793444590360293,0.19621259763300825,0.19250116974854206,0.21064529825602948,0.20270648845881734,0.0
0.19788514956767705,0.2033736959746308,0.18035730350737447,0.21144456041684107,0.20693929053347676,0.0
0.19998297166543955,0.20468149889047255,0.18770132752920862,0.20498459428960433,0.20264960762527504,0.0
0.1988554935712893,0.20511222004810634,0.18579118864589764,0.20707781676436052,0.20316328097034617,0.0
0.19796940814867053,0.18610801604331756,0.20840936879488636,0.20677135549642792,0.20074185151669763,0.0
0.1980276478285478,0.20059195564971488,0.18817025783148028,0.20875858717634116,0.20445155151391586,0.0
0.19847265439505837,0.20270159700127144,0.1821720884504912,0.20977466561267188,0.2068789945405071,0.0
0.1992926870640201,0.19963495374566922,0.18226470458027397,0.2124122029361241,0.20639545167391266,0.0
0.19769116496775255,0.201940857660219,0.1854079438352826,0.20853143296009571,0.2064286005766502,0.0
0.20157052643838053,0.20021914602931867,0.19792675000000332,0.20006234706876716,0.2002212304635304,0.0
0.19903039895141336,0.20171777517007788,0.18788042279124273,0.20828683642484372,0.20308456666242228,0.0
0.2008342463602245,0.2006973324464026,0.1837546220872609,0.21010430960055518,0.2046094895055568,0.0
0.19651313385727862,0.19925814278870502,0.1891090615759898,0.2099211227149959,0.20519853906303073,0.0
0.19935934726812893,0.20186648462177645,0.18630746105546656,0.20751699292002226,0.20494971413460583,0.0
0.1973431891703899,0.2000576793540006,0.18491661939062007,0.21133919434364445,0.20634331774134504,0.0
0.19825470023736957,0.20185336814259233,0.1883893728745727,0.20815275016618096,0.2033498085792843,0.0
0.19717994542771186,0.20109868931227606,0.18997270533926972,0.21142895466171738,0.20031970525902507,0.0
0.19900102380945398,0.20250926160138125,0.18638250029308628,0.21006959188837784,0.2020376224077007,0.0
0.1997791691417039,0.2034308315910156,0.19367078195261814,0.2019619119339474,0.20115730538071508,0.0
0.1982984126176974,0.20280207028710884,0.18937580633002857,0.2076821078795676,0.2018416028855976,0.0
0.1963455402716169,0.20763546978939423,0.18370892462856817,0.2096736542374097,0.20263641107301103,0.0
0.19885793171669958,0.19837639801307047,0.19246721050168755,0.207965462414852,0.2023329973536905,0.0
0.19984325031590797,0.20430019603144797,0.1862992398158578,0.20499574327859552,0.20456157055819088,0.0
0.19459862548427573,0.19804504683655375,0.19061429087044215,0.20947289346088563,0.2072691433478427,0.0
0.20082659907094697,0.20081339043460744,0.18563630396648662,0.2071794666173884,0.2055442399105706,0.0
0.19827193180223676,0.2015439778480192,0.18932569554780618,0.2075243355424341,0.20333405925950374,0.0
0.1967722097036363,0.20312568183954227,0.18828377180990133,0.2096410497853804,0.20217728686153966,0.0
0.19495067320072101,0.19453890158176007,0.20118220204835285,0.20562905724396272,0.20369916592520346,0.0
0.19988036916882496,0.20494285025742828,0.18546891196931858,0.20850473537179254,0.2012031332326356,0.0
0.19870681813792263,0.2048733167613638,0.188424192162302,0.20816148107099605,0.19983419186741547,0.0
0.19862683398792844,0.20779785607830692,0.1844577085923252,0.20626753370600875,0.20285006763543076,0.0
0.19911698724774007,0.1989073596999912,0.18889685606625298,0.21284167523847242,0.20023712174754316,0.0
0.19791432803879874,0.20241569369356202,0.18465679614885938,0.2084858403712012,0.20652734174757878,0.0
0.20290561145671546,0.20168208135537904,0.19559936241809014,0.20091942473334906,0.19889352003646615,0.0
0.20175572752256785,0.20072974464758778,0.18722810433030487,0.20784026118407845,0.20244616231546111,0.0
0.19452814710882194,0.20030085977801063,0.21985897819676192,0.1877384376719329,0.19757357724447264,0.0
0.19941475407731718,0.20101211923822107,0.18609599331725024,0.20985250460220706,0.2036246287650045,0.0
0.19842447224577195,0.20404939548604342,0.18459893945043201,0.20899236624300338,0.20393482657474926,0.0
0.19886378004926908,0.20323300263811755,0.18713121252933826,0.20626270648464673,0.20450929829862843,0.0
0.19766785308305418,0.20462001531926835,0.18711622550622334,0.2079453517773349,0.20265055431411927,0.0
0.19792665762637088,0.20366716842773078,0.18625684114395907,0.20939526369527883,0.2027540691066605,0.0
0.20019401706169251,0.1994984319216904,0.1916047896072737,0.20585159233400638,0.20285116907533707,0.0
0.19811624027194286,0.200058664112487,0.18925219050474515,0.20996296671024528,0.20260993840057973,0.0
0.19597919729764937,0.1962458721913894,0.19099870861454332,0.21283859263600688,0.2039376292604111,0.0
0.20081391275947924,0.19830142317926153,0.1928598013384382,0.20685066646499478,0.20117419625782632,0.0
0.1978256630215763,0.20446695928502645,0.18821512667699303,0.2073997159348385,0.20209253508156572,0.0
0.19930469341310844,0.20234516085478804,0.1887203864817899,0.2082938540903198,0.20133590515999392,0.0
0.19844096316861567,0.2041640345492342,0.18691884104165507,0.20953718408824917,0.20093897715224587,0.0
0.20081679813335843,0.198758511134568,0.1849971074984652,0.21289760988269554,0.20252997335091288,0.0
0.1978841348687981,0.20575662826457644,0.18779219040056142,0.2053970301917129,0.2031700162743513,0.0
0.2008973891750331,0.2035932348538125,0.19067471418123466,0.20081671280824756,0.20401794898167216,0.0
0.20020169633736135,0.19574943976810202,0.18825545666662558,0.21315128398324884,0.20264212324466224,0.0
0.1981560104353489,0.2027151122658321,0.18516744863342102,0.20782889257943088,0.20613253608596716,0.0
0.202080259056634,0.20244173218270226,0.19400660079639273,0.20267447260035834,0.19879693536391274,0.0
0.20026851151208316,0.20150105452809614,0.18983560493878224,0.20518381871173394,0.20321101030930447,0.0
0.19714157948336053,0.2026910989045121,0.18470924475873385,0.20976346521057732,0.20569461164281608,0.0
0.1999513506310696,0.2020500022078639,0.18961127793161034,0.20603759295580779,0.20234977627364828,0.0
0.1983464455660494,0.20237533079825196,0.1850504002530841,0.20824098646575748,0.20598683691685707,0.0
0.1967895610416481,0.20304807670490202,0.19107280485256212,0.20782444943117873,0.20126510796970906,0.0
0.19812762079352197,0.19984736775563708,0.19085672525758088,0.20832202888079085,0.2028462573124691,0.0
0.19985657627028625,0.19891611001018633,0.1878370165378223,0.21244818857163356,0.2009421086100714,0.0
0.19882615205569537,0.20418521072923837,0.18227101521462583,0.20932461355914478,0.2053930084412958,0.0
0.199755828500778,0.20202978971612714,0.18588335574107462,0.20703561245047258,0.20529541359154765,0.0
0.20025301873608783,0.20518095852318258,0.18265202640030645,0.2075382511973347,0.20437574514308843,0.0
0.2000585460012948,0.20419498526714894,0.18702746829664038,0.20579880713105125,0.2029201933038646,0.0
0.1992166737419533,0.20241908147826926,0.18909020700529822,0.20801593736174498,0.2012581004127343,0.0
0.20031806181529563,0.2036858064061647,0.18647657316087649,0.20715757970796772,0.2023619789096955,0.0
0.19940898009111227,0.20205983502149763,0.18281169278009096,0.2088086112968228,0.2069108808104764,0.0
0.20071222590110552,0.20260330985474717,0.1853561883406228,0.20757635064516866,0.20375192525835595,0.0
0.1970105108658716,0.20008820508454922,0.1889875948991842,0.21022816287286183,0.203685526277533,0.0
0.20102825658969367,0.20009357142306095,0.19080181436552657,0.20729592600768393,0.2007804316140348,0.0
0.19914443682720187,0.19824736858350905,0.18867238181587842,0.21098769381983887,0.20294811895357182,0.0
0.19920021737557525,0.20442780432635893,0.18488606636229035,0.20910281390174443,0.20238309803403104,0.0
0.19978228101240866,0.20403651204850418,0.18523103997506718,0.20588039333396113,0.20506977363005874,0.0
0.19958378123929266,0.20278058884064507,0.18796916579054365,0.20672318649417057,0.2029432776353482,0.0
0.19519103306101573,0.1923730361792949,0.19509776462668132,0.21170666961561202,0.20563149651739596,0.0
0.19726413041443297,0.18926541322309787,0.2064942521874591,0.2053827360860585,0.20159346808895165,0.0
0.19838468088388928,0.20492815976792284,0.18462683766886262,0.20687032317539547,0.2051899985039297,0.0
0.19816579541294962,0.19746265928465886,0.19504979515051354,0.20738268144840194,0.201939068703476,0.0
0.19810313543136523,0.20120182819670787,0.19162198509284167,0.2081318582286648,0.20094119305042038,0.0
0.1997366377921325,0.2062803599870991,0.18413410478729936,0.20677760610124057,0.20307129133222848,0.0
0.19460450644586805,0.2044312749585884,0.18869380763657778,0.20534592652172184,0.2069244844372438,0.0
0.19953706632969515,0.20042831710879214,0.18927691869713129,0.20608935351655513,0.20466834434782621,0.0
0.1991686883147491,0.2024831614898528,0.18585850149806504,0.20847475045629144,0.2040148982410416,0.0
0.1973813745191184,0.20353800033635056,0.1852639721682553,0.20791328344153598,0.2059033695347398,0.0
0.19930685225127595,0.20375861553847235,0.1876179676431502,0.206430122753238,0.20288644181386348,0.0
0.19572520472327118,0.1942820947802322,0.19567558482115735,0.21130120776707176,0.2030159079082675,0.0
0.19672796987088828,0.19572826055191322,0.19135918467956167,0.20906447123703317,0.20712011366060365,0.0
0.19910173313140364,0.19921837874179596,0.18726180130812964,0.21080344446359178,0.2036146423550788,0.0
0.20071910194082307,0.19608655104763043,0.18747993081941658,0.20995128738928293,0.20576312880284697,0.0
0.1993656804430061,0.2006586233812054,0.18915491745170615,0.20693955965405786,0.20388121907002452,0.0
0.19913566401750477,0.2050162835568904,0.18346482716752485,0.20791163312243613,0.204471592135644,0.0
0.19960947274969087,0.1977550393636615,0.18923455187647267,0.21063839784802904,0.20276253816214587,0.0
0.19904883382519636,0.1955375669917764,0.19052601339039837,0.21039990896407426,0.20448767682855465,0.0
0.1989661887587611,0.2000212969462809,0.1883921622760332,0.20650519803117015,0.2061151539877547,0.0
0.19705058351541946,0.19761295341944948,0.18654243463908105,0.21127263336924312,0.20752139505680683,0.0
0.20053924438283605,0.20285969042020094,0.18606838265793466,0.20693780897759018,0.20359487356143816,0.0
0.20133000744083326,0.2046457920895412,0.19213527612644934,0.20320827659703022,0.19868064774614597,0.0
0.19669267091228007,0.19115671440752247,0.2066635580933376,0.20518541575391175,0.20030164083294794,0.0
0.19690740624421174,0.19998317566126722,0.18854579543579078,0.21098044462415186,0.20358317803457837,0.0
0.19937942928375652,0.1979230203637757,0.18941949718284773,0.2110821041557967,0.2021959490138235,0.0
0.19862286860809325,0.20136510067942132,0.18487597423802546,0.21223032675690837,0.20290572971755155,0.0
0.20357433326009744,0.20276458031337719,0.1893546932029504,0.20710922544915622,0.19719716777441865,0.0
0.19853713296658307,0.19892475531910464,0.1851775322265401,0.20964184277937906,0.2077187367083932,0.0
0.19735154887883868,0.20685540693903262,0.1859333685398757,0.20545569078075293,0.20440398486150008,0.0
0.1991263369171425,0.2008404042623946,0.18828384284741034,0.21001332264141528,0.2017360933316373,0.0
0.1994962766321455,0.20266250059102958,0.18794900415850688,0.20577510359794268,0.20411711502037533,0.0
0.1945009576573185,0.19612757912046386,0.1967773389250573,0.21122258629864013,0.20137153799852028,0.0
0.19848994826421787,0.20210122445432574,0.18771468949121775,0.2079537681107723,0.20374036967946646,0.0
0.19973156848746101,0.20520580393527482,0.18483751970971313,0.20705727974184532,0.2031678281257058,0.0
0.19900275810359175,0.19842588450432552,0.18453243390133944,0.21122784109461493,0.2068110823961284,0.0
0.19631996388773815,0.20328590161036317,0.18873135652683753,0.20838568688621056,0.2032770910888507,0.0
0.19707145069873894,0.19673234859276836,0.1931982702618036,0.20939703909075433,0.20360089135593484,0.0
0.2,0.2,0.2,0.2,0.2,0.0
0.20257893579553135,0.20141990164557255,0.1949984582712349,0.20214838682912892,0.1988543174585323,0.0
0.20118419924726755,0.20403121611840147,0.1824056454632473,0.2085718926799955,0.20380704649108813,0.0
0.2006144211710155,0.19796623679490924,0.18671868777749426,0.21058842875513684,0.20411222550144412,0.0
0.19837073040639672,0.19541930969826157,0.19331046497901994,0.20962022470480338,0.2032792702115183,0.0
0.19779430631538503,0.19760856477537384,0.19155694092865838,0.2119422800408351,0.20109790793974758,0.0
0.19906721073536165,0.19610072726272917,0.18865900743815314,0.21135796109738522,0.20481509346637067,0.0
0.19658003970003987,0.19786878684194928,0.19575949987815042,0.20748337500259337,0.20230829857726718,0.0
0.20003962240661485,0.20101298036676546,0.1874146932420937,0.20746541517332578,0.20406728881120026,0.0
0.19866648949555007,0.20209409384012686,0.1897260378078445,0.20617678027118125,0.20333659858529726,0.0
0.1988908564967419,0.19752714646041725,0.1901013075608951,0.21047797546339359,0.20300271401855213,0.0
0.19816734415837647,0.20628518642602223,0.1852756939583369,0.20598196930002882,0.2042898061572356,0.0
0.19896409305475735,0.19768660057913526,0.1880570537148431,0.20816966676586712,0.20712258588539714,0.0
0.19836605690963247,0.19780366979907543,0.19040437004479005,0.20921645686934365,0.20420944637715846,0.0
0.19902452423076908,0.20097990211900169,0.19056357019110495,0.20821648595811257,0.20121551750101185,0.0
0.19845694145076231,0.19826274826440157,0.19184574536371368,0.20807380563349984,0.2033607592876226,0.0
0.19853103115519502,0.19848886957308556,0.18975988816259823,0.2092683814044142,0.20395182970470693,0.0
0.20044596479230373,0.2013978521319668,0.18976980929302473,0.20531479826557783,0.20307157551712685,0.0
0.19858962539641548,0.20532936627411064,0.18546142119354803,0.2061942129852828,0.20442537415064316,0.0
0.197407491729387,0.19950617628607095,0.18834340346601716,0.2120585457942529,0.2026843827242719,0.0
0.1994259767172702,0.2010573370787464,0.1877173243403688,0.21170989453807604,0.20008946732553856,0.0
0.19906131935440466,0.19932958749896745,0.1880356164948568,0.21016963559354904,0.203403841058222,0.0
0.1991991981595852,0.1945643022572604,0.18987077176796993,0.2125097574448023,0.20385597037038228,0.0
0.199347934804567,0.19712519874897338,0.18767965128682276,0.2120798889301743,0.20376732622946253,0.0
0.19968967834138232,0.20004293035841178,0.18580176586272537,0.21097415610464285,0.20349146933283754,0.0
0.19921257069913584,0.20069950022058458,0.18871147327118293,0.20978442054684057,0.20159203526225603,0.0
0.20069068727793618,0.19887514156332928,0.1854814213634921,0.2086595513234732,0.2062931984717692,0.0
0.19752182319511888,0.19996727076418394,0.1890485052551545,0.20698777236883137,0.20647462841671135,0.0
0.1987841650025715,0.2014336921215955,0.1869110964086937,0.20906363689796367,0.20380740956917553,0.0
0.19629183089521182,0.19843525013846833,0.19097885811840862,0.21232270650069648,0.20197135434721478,0.0
0.19976063465765884,0.2039815281105882,0.18536567479580157,0.2066092918033595,0.20428287063259196,0.0
0.19816608509474426,0.20033721197248391,0.1921114865971415,0.20893081681348852,0.20045439952214186,0.0
0.19756113462547242,0.19591516586331434,0.18951526675276859,0.21145388040521354,0.20555455235323106,0.0
0.1990293318505455,0.1984995971165231,0.1938075306968496,0.20756664161533755,0.20109689872074432,0.0
0.1971651591721499,0.1954575801989221,0.19173549847370172,0.2107323983442014,0.20490936381102487,0.0
0.1973660727919356,0.19516612479523093,0.19439388671729804,0.21053445329372836,0.20253946240180704,0.0
0.19933931154562823,0.19854324232901757,0.1873997211013487,0.20691810653925227,0.20779961848475312,0.0
0.1968678138058645,0.1950254483418822,0.19178193915003985,0.2102182569942839,0.20610654170792964,0.0
0.19491438012549686,0.19270154052266286,0.19440998208443325,0.21312416535795603,0.20484993190945114,0.0
0.19537565958266218,0.19565779633847505,0.20171266907122762,0.2048401865850665,0.20241368842256868,0.0
0.2009081929727936,0.19735594824191338,0.1893015408082144,0.20921628186567542,0.20321803611140313,0.0
0.1987387718815127,0.20405710489881318,0.18949811068787403,0.2050226414401593,0.20268337109164095,0.0
0.1970789791236577,0.19895370501271545,0.18709565063937164,0.2114498465834508,0.2054218186408044,0.0
0.20035218063775231,0.20100403232040848,0.18925739238184744,0.20975155419751945,0.19963484046247232,0.0
0.1953115902907322,0.1970261575416315,0.20198905763682634,0.20247401429591178,0.20319918023489814,0.0
0.2,0.2,0.2,0.2,0.2,0.0
0.20412568392891603,0.20508020026256524,0.1873256412829483,0.20572179307907965,0.1977466814464908,0.0
0.20076548898673705,0.19926499032488026,0.1899529309533668,0.20908268703384858,0.20093390270116732,0.0
0.19643815526477537,0.19536897613254875,0.1967866406118766,0.20841561921135884,0.20299060877944045,0.0
0.19947301674353107,0.1998824090453046,0.18658994632084322,0.20782636004951724,0.20622826784080386,0.0
0.19856301242860278,0.19262930886580445,0.1910216103101981,0.21142419787633474,0.20636187051905994,0.0
0.2,0.2,0.2,0.2,0.2,0.0
0.2034623560687424,0.203564726726523,0.18799043204075377,0.20586590810300143,0.19911657706097927,0.0
0.20197069018680405,0.19763520188988384,0.18655631230532438,0.20890693942378916,0.2049308561941985,0.0
0.195778405384181,0.19925918880111998,0.18945498142238476,0.20933265760014594,0.20617476679216834,0.0
0.2012879959142662,0.20144511219843983,0.19003731605958474,0.20224208981907507,0.20498748600863423,0.0
0.19748492637104137,0.20344195942644439,0.18793017761134748,0.20782484674049226,0.20331808985067445,0.0
0.19875592594804725,0.2017090502806842,0.18575553051356372,0.20895311326996993,0.20482637998773487,0.0
0.20026768613463208,0.20184492555889247,0.186241829522198,0.20902081414168655,0.20262474464259086,0.0
0.20068996842597986,0.19890764905056235,0.18859188583565026,0.2112768101483131,0.20053368653949435,0.0
0.19843820108776636,0.19610293827095177,0.18943232672841304,0.20973028273594543,0.20629625117692357,0.0
0.1944056854977654,0.20112173671505754,0.18715990193586082,0.20830463136931998,0.20900804448199636,0.0
0.19854538734093466,0.20432548457435398,0.18629906745560815,0.20692346408927284,0.2039065965398303,0.0
0.19965547244981222,0.20349695835423917,0.18720128612726727,0.2039273115309988,0.20571897153768254,0.0
0.20023118072873836,0.20323924285125994,0.18829075482482,0.2082420743350317,0.19999674726015004,0.0
0.20090415086315738,0.20373658515733445,0.19249512516132536,0.2053261913429702,0.19753794747521244,0.0
0.1985882179336119,0.2013769862651032,0.18859248734928877,0.21154632086402694,0.1998959875879693,0.0
0.19822431634201013,0.204556513139293,0.1862038434148091,0.2075181517835817,0.20349717532030592,0.0
0.19921586495816207,0.20075775586927577,0.1921636858710226,0.2055242627135487,0.20233843058799095,0.0
0.19755699918048042,0.20143564804058278,0.18805134194570672,0.20650251749471332,0.20645349333851665,0.0
0.1973418581180813,0.2018209128217594,0.1851666365163153,0.21191423484205457,0.20375635770178943,0.0
0.20005753978381424,0.20549033678385417,0.18577510432055358,0.2048562522482741,0.20382076686350395,0.0
0.19847533775188586,0.20407839974559835,0.18351617436137335,0.20882052075534718,0.20510956738579517,0.0
0.19799004953805227,0.19323686238303475,0.20414178547794629,0.20570137555997767,0.19892992704098914,0.0
0.1973107494471964,0.2034008106633868,0.1844519760849132,0.2103409246102633,0.2044955391942403,0.0
0.19924388392156828,0.20080288347318195,0.18991081668967844,0.2074974801872354,0.20254493572833596,0.0
0.19749754523901086,0.20161409012659642,0.1894077158288034,0.20578430465396091,0.2056963441516284,0.0
0.19652840455486012,0.20603532727741025,0.18721301156797585,0.20572353430122237,0.2044997222985314,0.0
0.2019013565813132,0.20171468644906485,0.19778989148729947,0.20222078952613406,0.1963732759561884,0.0
0.19912852179470564,0.19989643944776408,0.19040056868267596,0.2094317400654549,0.20114273000939925,0.0
0.19851715638495815,0.20831219567661668,0.18468413132960942,0.20628096390133363,0.20220555270748222,0.0
0.2023708832900392,0.20104273470558348,0.18756201759168772,0.20558424809428796,0.20344011631840175,0.0
0.19764904172669995,0.1983817598651319,0.1915752791887301,0.20956214263914932,0.20283177658028861,0.0
0.19819258380013977,0.2060487738180596,0.18760696532609628,0.20474516454272695,0.20340651251297726,0.0
0.1993711839108542,0.1983309692957827,0.1860959406663698,0.20873800663369035,0.20746389949330296,0.0
0.20088460992202914,0.19736002178793927,0.18751493554210596,0.210813112954041,0.20342731979388473,0.0
0.19977365233368272,0.20623390328999464,0.1859147391013262,0.20438210749651997,0.2036955977784764,0.0
0.19841091663677943,0.2019692627915846,0.18685422555249998,0.20593715218248967,0.2068284428366465,0.0
0.19890174478900732,0.20567021568884963,0.18542192181640768,0.205684347784984,0.20432176992075132,0.0
0.19844354740226167,0.199941630909673,0.18871929433008405,0.20973230997765333,0.20316321738032786,0.0
0.19807031838425168,0.1981448744113326,0.18681085247760443,0.2086094464207428,0.20836450830606834,0.0
0.19803852471628572,0.20575503226280528,0.18428457642474344,0.20602473896417728,0.20589712763198825,0.0
0.19937769400388192,0.20411976747459862,0.18608729474555094,0.2063444920701173,0.20407075170585118,0.0
0.20011122115996677,0.20144506237323853,0.18807278149451456,0.20921060173840964,0.20116033323387036,0.0
0.20267066479496212,0.2012783661224519,0.1920497761384715,0.20213039330942684,0.20187079963468768,0.0
0.1974385303742178,0.1893121390411301,0.20662353515780246,0.20518667346354888,0.20143912196330072,0.0
0.1982017367983838,0.20445871522826395,0.18716041978734393,0.20647168375667535,0.20370744442933297,0.0
0.19933983388743387,0.2003960242511398,0.1877626696005076,0.2082491656074154,0.20425230665350333,0.0
0.20018268610522652,0.19994957965547547,0.18608874555471197,0.21124543772191046,0.20253355096267567,0.0
0.19683931931244764,0.20208458810723265,0.1879314422285701,0.20920229556474243,0.2039423547870071,0.0
0.1980756559777362,0.1931147538964829,0.18960743369916305,0.2107140141670229,0.20848814225959497,0.0
0.19867414118407709,0.2012697927558305,0.18858226410425566,0.20664584627382235,0.2048279556820143,0.0
0.20090083653482602,0.20468261779605712,0.18492349815801087,0.20916291485976668,0.20033013265133934,0.0
0.19942145110021112,0.1939213467402132,0.19133060900819202,0.2116402646998302,0.20368632845155346,0.0
0.19904750897563742,0.19458310424838215,0.1895360420480381,0.21198382205733665,0.2048495226706058,0.0
0.20030078450895566,0.2032991883187526,0.18711640176480582,0.20534072832433084,0.20394289708315513,0.0
0.2012310830733748,0.19834219412117718,0.19022292849014086,0.20941725117580506,0.2007865431395021,0.0
0.1980408744306195,0.20022124422955848,0.1885829327147198,0.20782050145002953,0.20533444717507265,0.0
0.20064108029320113,0.20002000057841196,0.18841134988336555,0.20716598898439795,0.2037615802606234,0.0
0.19987871308599636,0.2044103039925595,0.18987876848090604,0.2038171662322196,0.20201504820831856,0.0
0.20093463390709942,0.20137744416028094,0.18481452051917752,0.20955954325672768,0.20331385815671435,0.0
0.19848193743269632,0.19947826981220257,0.1895677128097258,0.20890589914227684,0.20356618080309843,0.0
0.1999002752146748,0.1983416597584221,0.18924724226821507,0.20718083489357972,0.2053299878651083,0.0
0.19878996646562028,0.20250160979682383,0.18879762549849288,0.20707838289309363,0.20283241534596944,0.0
0.20335120651512392,0.19736679528858192,0.1882589317894291,0.20880769896547052,0.2022153674413945,0.0
0.19891680477318568,0.20044150421984908,0.18589345208286664,0.21277448123348222,0.20197375769061637,0.0
0.20132987417162324,0.20256452030636315,0.18519313142277577,0.2068728037364197,0.2040396703628181,0.0
0.19906398193083577,0.19522707793925248,0.1910467788717875,0.21239240470939563,0.20226975654872859,0.0
0.19811918989272137,0.20627030645128672,0.18756092126189688,0.20676406885184587,0.20128551354224916,0.0
0.19789559177336946,0.2066026855010487,0.18289322938622085,0.2080976104419772,0.20451088289738367,0.0
0.1996375519204001,0.19944044645026912,0.1894408821167416,0.20776003731241455,0.20372108220017468,0.0
0.1989721095029812,0.1996526865556873,0.19056754493471922,0.2088572521654647,0.2019504068411475,0.0
0.20051378050699323,0.19825407430396894,0.18784278672294785,0.20839081061581968,0.2049985478502703,0.0
0.19863791290688712,0.2049412479967873,0.18359427971502953,0.20953364118332557,0.20329291819797046,0.0
0.19994844990042093,0.20437603412137453,0.18510527302932295,0.2057887041670327,0.20478153878184888,0.0
0.19893683497017023,0.1972139182671168,0.1900819537565661,0.21287501601567704,0.2008922769904697,0.0
0.20057708057612125,0.20428742952899887,0.1860771102195951,0.20728583030624587,0.2017725493690388,0.0
0.19783138761662347,0.19907950717177178,0.18894120265616357,0.21095879693797262,0.20318910561746859,0.0
0.2,0.2,0.2,0.2,0.2,0.0
0.19973945637610607,0.20238887146197843,0.18226625324393653,0.2107576385228487,0.2048477803951303,0.0
0.19939081601705916,0.19926477659698047,0.18561145248321842,0.21151933217121918,0.20421362273152274,0.0
0.19918255719405611,0.20316274196172573,0.18606634236795272,0.208056948976037,0.20353140950022844,0.0
0.20331272492837438,0.2017797547294098,0.18684547956950426,0.2058860474573772,0.20217599331533434,0.0
0.1989866825729275,0.20542605886494236,0.18562169743606488,0.207526616377245,0.20243894474882027,0.0
0.19971436204514303,0.2026378404242904,0.18733662568645315,0.2074826702440074,0.20282850160010596,0.0
0.1994854445019808,0.20304075539513333,0.18325344335226415,0.20980807579062316,0.20441228095999864,0.0
0.19830753738882737,0.20324563166000031,0.18865733885305064,0.20536872472282308,0.20442076737529874,0.0
0.19634912027583326,0.20446759582809018,0.1887744484753693,0.2073837549540756,0.2030250804666317,0.0
0.19768541675906562,0.20627138797453085,0.18548893504510458,0.2083416970815491,0.2022125631397498,0.0
0.20009360517893443,0.19635885571258288,0.19126968836926392,0.21024781176662272,0.2020300389725961,0.0
0.19932026203361042,0.19715194165182567,0.1874716605208099,0.2098036252320947,0.20625251056165952,0.0
0.20136320566091231,0.19804139139739138,0.18877526082208906,0.20755629756491795,0.20426384455468935,0.0
0.19996278462989944,0.20178547627530707,0.18551051831411075,0.20781374425631563,0.20492747652436719,0.0
0.19779442205711578,0.20062011238751892,0.1922121901702464,0.21016863579080478,0.19920463959431417,0.0
0.19899487493579557,0.20001979948965762,0.18810930421675687,0.20836123677094645,0.20451478458684344,0.0
0.19964318485350163,0.19824632954770258,0.18726824064069608,0.2116082340890253,0.20323401086907436,0.0
0.1974207749209861,0.20765480179023607,0.18405387290547215,0.20598566765547058,0.20488488272783514,0.0
0.19838182144857497,0.19934860468638796,0.18656884866913243,0.21123714285619263,0.2044635823397121,0.0
0.19877791598738562,0.19340117596103068,0.19372074674910392,0.20970419068920146,0.2043959706132784,0.0
0.20122060687647966,0.20078999720191076,0.19127054650767014,0.20743603882978828,0.19928281058415123,0.0
0.19706239047364943,0.20676217536807176,0.1828309537100684,0.20837445207232366,0.20497002837588668,0.0
0.19661934264497033,0.19673286230827658,0.2077803945253545,0.20285189267078851,0.1960155078506101,0.0
0.19769124049697512,0.1930146398511333,0.20560335457816203,0.20403526918210213,0.1996554958916275,0.0
0.19850456905491928,0.19900739018547817,0.19004799818210497,0.2098323106831948,0.20260773189430265,0.0
0.20099141042640128,0.20457173406543924,0.18523388990936993,0.20881065454382294,0.2003923110549666,0.0
0.19869433713204246,0.19959199394230542,0.1887607922512131,0.2068494625483953,0.2061034141260437,0.0
0.1998638732343748,0.2054375141421446,0.1855654499258078,0.20961243541183544,0.19952072728583742,0.0
0.20224174670031456,0.20245193827692345,0.1849095031078911,0.2065717844560262,0.20382502745884476,0.0
0.1999300392624797,0.1996729816033011,0.1828263919208887,0.21164434470966947,0.2059262425036611,0.0
0.20088217092931157,0.19784604594056707,0.18889059728024507,0.211803891471994,0.2005772943778824,0.0
0.19937564942443226,0.20087888017246003,0.18218708328992128,0.21061707356662154,0.20694131354656503,0.0
